id,word
27596,slatted
27596,floor
27596,pig
27596,turnkey
27596,project
27596,farming
27596,piglet
27596,rearing
27596,nests
27596,heating
27596,lamps
27596,housing
27596,outdoor
27596,manipulable
27596,heated
27596,plates
27596,mats
27596,grates
27596,finishing
27596,farrowing
27596,pens
27596,breeder
27596,sow
27970,temperature
27970,sensors
27970,recording
27970,feed
27970,water
27970,intake
28890,biogas
28890,production
28890,planning
28890,phase
28890,renewable
28890,energy
28890,wood
28882,heat
28882,pumps
28882,chp
28882,cogeneration
28882,power
28882,stations
28777,fuel
28777,usage
28777,energy
28777,crop
28777,biogas
28777,harvesting
28777,production
28777,power
28777,generating
28777,cropping
28777,solid
28777,bio
28777,renewable
28777,wood
28777,substrate
28777,burning
28777,heating
28777,fermentation
28777,management
28777,consultancy
28777,growing
28777,processing
28322,parlour
28322,cleaning
28322,disinfecting
28322,personal
28322,safety
28322,reproduction
28322,instruments
28322,supplies
28322,protective
28322,clothing
28322,occupational
28322,health
28322,protection
28322,aid
28322,pig
28322,breeding
28322,lab
28322,horse
28322,cattle
28051,piglet
28051,nests
28051,pig
28051,housing
28051,farm
28051,building
28051,project
28051,structures
28051,heated
28051,plates
28051,mats
28051,insulating
28051,floor
28051,flooring
28051,farrowing
28051,pens
27788,generators
27788,gas
27788,engines
27788,battery
27788,storage
27788,emergency
27788,power
27788,diesel
27788,chp
27788,cogeneration
27788,stations
27788,electricity
27250,ventilation
27250,storage
27250,animal
27250,housing
27250,heating
27250,climate
27250,control
32876,certification
32876,processes
32552,feed
32552,additives
28866,gas
28866,holders
28866,cleaning
28613,vitamins
28613,premixes
28613,compound
28613,feed
28613,horse
28613,fish
28613,supplements
28613,poultry
28613,pig
28613,cattle
28613,fats
28613,oil
28613,complete
28613,amino
28613,acids
27756,premixes
27756,silage
27756,additives
27756,mineral
27756,feed
27756,milk
27756,replacer
27756,preservatives
27756,licking
27756,block
27756,supplements
27756,compound
27756,poultry
27756,organic
27756,farming
27756,pig
27756,cattle
27756,complete
28527,vitamins
28527,premixes
28527,piglet
28527,rearing
28527,feed
28527,compound
28527,liquid
28527,feeder
28527,milk
28527,replacer
28527,supplements
28527,poultry
28527,pig
28527,cattle
28527,complete
28527,amino
28527,acids
27304,ccm
27304,storage
27304,removal
27642,probiotics
27642,feed
27642,additives
27642,enzymes
27642,amino
27642,acids
32878,poultry
32878,housing
32878,feed
32878,automated
32878,chicken
32878,feeder
32878,breeding
32878,supplies
28918,led
28918,lighting
28918,lights
28215,slurry
28215,removal
28215,piglet
28215,nests
28215,liquid
28215,feeder
28215,pig
28215,housing
28215,interval
28215,manipulable
28215,automated
28215,heated
28215,plates
28215,mats
28215,floor
28215,grates
28215,finishing
28215,farrowing
28215,pens
27810,warehouses
27810,stores
27810,sheep
27810,goat
27810,housing
27810,riding
27810,halls
27810,farm
27810,building
27810,project
27810,poultry
27810,structures
27810,pig
27810,solid
27810,prefabricated
27810,multi
27810,purpose
27810,machine
27810,sheds
27810,horse
27810,stables
27810,cattle
28380,piglet
28380,rearing
28380,feed
28380,trace
28380,elements
28380,phytogenic
28380,mycotoxin
28380,binders
28380,supplements
28380,anticaking
28380,agents
27476,premixes
27476,milk
27476,replacer
27476,fish
27476,feed
27476,supplements
27476,flavourings
27476,hydrolysed
27476,protein
27476,animal
27476,origin
27476,compound
27476,poultry
27476,emulsifiers
27476,stabilizers
27476,thickeners
27476,gelling
27476,agents
27476,pig
27476,fats
27476,oil
27476,colourants
27476,blood
28068,silage
28068,additives
28068,preservatives
28068,feed
28068,mycotoxin
28068,binders
27340,raw
27340,silage
27340,additives
27340,trace
27340,elements
27340,feed
27340,mycotoxin
27340,binders
28346,feed
28346,additives
29056,biogas
29056,production
27872,automatic
27872,milking
27872,tandem
27872,parlours
27872,parlour
27872,cleaning
27872,disinfecting
27872,rotary
27872,machine
27872,herringbone
29007,biogas
29007,production
27410,layers
32116,vitamins
32116,trace
32116,elements
32116,probiotics
32116,phytogenic
32116,feed
32116,additives
32116,mycotoxin
32116,binders
32116,enzymes
32116,emulsifiers
32116,stabilizers
32116,thickeners
32116,gelling
32116,agents
32116,amino
32116,acids
27869,vitamins
27869,probiotics
27869,feed
27869,additives
27869,mycotoxin
27869,binders
27869,flavourings
27869,enzymes
27869,amino
27869,acids
29752,preservatives
27669,premixes
27669,mineral
27669,feed
27669,probiotics
27669,mycotoxin
27669,binders
27669,supplements
27669,compound
27669,poultry
27669,pig
27669,cattle
27669,complete
27669,amino
27669,acids
28446,probiotics
28446,feed
28446,additives
28446,mycotoxin
28446,binders
28446,enzymes
28764,project
28764,consultancy
28764,aspects
28764,management
28764,consulting
28199,vitamins
28199,probiotics
28199,feed
28199,supplements
28199,enzymes
27636,veterinary
27636,mineral
27636,feed
27636,milk
27636,replacer
27636,phytogenic
27636,horse
27636,mycotoxin
27636,binders
27636,supplements
27636,compound
27636,poultry
27636,pig
27636,colourants
27636,fats
27636,oil
27636,cattle
29062,biogas
29062,production
29062,turnkey
29062,plant
29062,heating
29062,refrigerating
29062,compressors
27854,management
27854,software
27854,cattle
27854,apps
28212,seeds
28212,energy
28212,crop
29845,biogas
29845,production
29845,generators
29845,gas
29845,engines
29845,coolers
29845,diesel
29845,chp
29845,cogeneration
29845,power
29845,stations
28209,silo
28209,filling
28209,tower
28209,distributors
28209,storage
28209,tank
28209,accessory
28209,feed
28209,conveyors
28209,preserving
28209,moist
28209,cereal
28209,elevators
28209,chain
28209,feedstuff
28477,trailers
28477,manure
28477,spreaders
28477,slurry
28477,spreading
28477,feed
28477,mixer
27599,electronic
27599,farm
27599,management
27599,disinfection
27599,cleaning
28031,associations
27178,moist
27178,cereal
27178,silo
28456,trade
28456,magazines
28456,aspects
28456,associations
28456,media
28456,technical
28456,books
28456,publications
29048,consultant
29048,engineers
29048,designers
29048,energy
29048,sector
29048,gas
29048,drying
29048,heat
29048,pumps
29048,storage
29048,compressors
29048,cleaning
29048,engines
29048,battery
28172,management
28172,aspects
28172,consulting
28172,consultancy
28172,business
31256,silage
31256,additives
31256,slurry
31256,workwear
31256,disinfectants
31256,feed
31256,supplements
31256,occupational
31256,safety
31256,health
28396,horse
28396,feed
28396,dairy
28396,cattle
28396,breed
28396,beef
27491,fittings
33076,veterinary
33076,protective
33076,clothing
33076,grooming
28046,milking
28046,parlours
28046,rotary
28046,software
28046,cloud
28046,fire
28046,protection
28046,sheep
28046,goat
28046,machine
28046,electronic
28046,management
28046,learing
28046,internet
28046,iot
28046,arificial
28046,intelligence
28046,analysis
27278,enzymes
27768,lights
27767,milk
27767,filters
27767,trough
27767,waterers
27767,animal
27767,care
27767,agents
27767,veterinary
27767,floor
27767,mats
27767,cattle
27767,disinfectants
27767,detergents
27767,frost
27767,proof
27767,milking
27767,machine
27767,disinfection
27767,cleaning
27767,fans
27767,foot
27767,baths
32554,animal
32554,care
32554,agents
32554,veterinary
32554,floor
32554,mats
32554,cattle
32554,silage
32554,clamp
32554,cover
32554,disinfectants
32554,detergents
32554,hygiene
32554,milking
32554,machine
32554,disinfection
32554,cleaning
32554,feed
32554,supplements
32554,lights
32554,fans
28146,aspects
28146,associations
28146,media
28546,pipe
28546,chicken
28546,feeder
28546,ventilation
28546,poultry
28546,feed
28546,building
28546,solid
28546,prefabricated
28546,ground
28546,fans
28546,energy
28546,generation
28546,conveyors
28546,chain
28546,automated
28546,housing
28546,additives
27277,automated
27277,feeder
27277,calf
27277,rearing
27277,housing
27277,huts
27277,animal
27277,floor
27277,screeds
28854,gas
28854,feed
28854,biogas
28854,production
28854,liquid
28854,biofuel
28854,software
28854,service
28854,saas
28854,substrate
28854,conditioning
28854,cloud
28854,certification
28854,processes
28854,energy
28854,sector
28854,applications
28854,management
28854,bioenergy
28854,renewable
28854,web
28181,farm
28181,inputs
28181,consumables
28181,vitamins
28181,slurry
28181,removal
28181,floor
28181,mats
28181,cattle
28181,manure
28181,dung
28181,processing
28181,cubicle
28181,pumps
28181,housing
28181,feed
28181,fence
28181,hoof
28181,trimming
28181,flooring
28614,floor
28614,mats
28614,cattle
28614,cubicle
28614,building
28614,structures
28614,elements
28614,housing
28614,hygienic
28614,treatment
28614,hygiene
28614,horse
28614,flooring
28614,animal
28614,screeds
28349,parlour
28349,cleaning
28349,disinfecting
28349,silo
28349,pest
28349,control
28349,indoor
28349,hygiene
28349,cattle
28349,housing
28349,fish
28349,farming
28349,installations
28349,beef
28349,bird
28349,netting
28349,building
28349,protection
28349,agents
28349,methods
28349,aquaculture
28349,cereal
28135,parlour
28135,cleaning
28135,disinfecting
28135,reproduction
28135,instruments
28135,supplies
28135,cattle
28135,breeding
27545,slow
27545,feeder
27545,sensors
27545,recording
27545,feed
27545,water
27545,intake
27545,rfid
27545,transponder
27545,readers
27545,pig
27545,liquid
27545,interval
27545,livestock
27545,scales
27545,demand
27545,automated
27545,internet
27545,iot
27545,cloud
27545,web
27597,feed
27597,conveyors
27597,calf
27597,huts
27597,auger
27597,feedstuff
27597,silo
27284,poultry
27284,housing
27284,cubicle
27284,pasture
27284,waterers
27284,cattle
27284,loose
27284,boxes
27284,feed
27284,fence
27284,calf
27284,rearing
27284,beef
30729,transponder
30729,feeder
30729,diet
30729,mixer
27366,feed
27366,supplements
28589,veterinary
28237,milk
28237,filters
28237,pipeline
28237,milking
28237,bucket
27946,vitamins
27946,trace
27946,elements
27946,probiotics
27946,phytogenic
27946,feed
27946,additives
27946,mycotoxin
27946,binders
27946,flavourings
27946,enzymes
27946,effective
27946,microotganisms
27946,colourants
27946,anticaking
27946,agents
27946,amino
27946,acids
27257,feed
27257,supplements
27412,animal
27412,feed
27412,additives
27412,straight
27412,probiotics
27412,horse
27412,energy
27412,supplements
27412,emulsifiers
27412,stabilizers
27412,thickeners
27412,gelling
27412,agents
31821,feed
31821,additives
28221,stationary
28221,mucking
28221,slurry
28221,tankers
28221,removal
28221,digestate
28221,transport
28221,pumps
28221,manure
28221,spreaders
28221,mobile
28221,floor
28221,underfloor
28221,gate
28221,valves
27712,vitamins
27712,trace
27712,elements
27712,feed
27712,additives
27712,enzymes
27712,amino
27712,acids
27928,premixes
27928,piglet
27928,rearing
27928,feed
27928,compound
27928,peat
27928,bedding
27928,straight
27928,phytogenic
27928,additives
27928,supplements
27928,poultry
27928,organic
27928,farming
27928,pig
32555,transponder
32555,feeder
32555,trough
32555,horse
32555,feed
32555,sheep
32555,goat
32555,scales
32555,livestock
32555,weighbridges
32555,cattle
32555,hay
32555,racks
32555,mangers
27212,tandem
27212,milking
27212,parlours
27212,automatic
27212,milk
27212,container
27212,cooling
27212,cans
27212,pipeline
27212,sheep
27212,goat
27212,machine
27212,herringbone
27212,bucket
28249,pasteurization
28249,milk
28249,filters
28249,pasture
28249,waterers
28249,cattle
28249,housing
28249,nipple
28249,frost
28249,proof
28249,automated
28249,feeder
28249,calf
28249,drinking
28249,bowls
28249,milking
28249,machine
28094,feed
28094,supplements
28733,feed
28733,supplements
28920,tarpaulins
28920,exhaust
28920,control
28920,gas
28920,tank
28920,holders
28920,cleaning
28920,storage
28920,fermenter
28920,cover
27746,biogas
27746,production
27746,warehouses
27746,stores
27746,windbreak
27746,ventilation
27746,animal
27746,housing
27746,riding
27746,halls
27746,building
27746,structures
27746,calf
27746,huts
27746,multi
27746,purpose
27746,farm
27746,doors
27746,gate
28525,veterinary
28525,diagnostics
28100,sow
28100,management
28100,software
28100,apps
28100,service
28100,saas
28100,cloud
28100,cattle
28100,accounting
29805,software
29805,service
29805,saas
29805,cloud
29805,management
29805,cattle
29805,apps
29805,accounting
28727,premixes
28727,mineral
28727,feed
28727,horse
28727,supplements
28727,compound
28727,pig
28727,cattle
28727,complete
33074,parlour
33074,cleaning
33074,disinfecting
27359,silage
27359,additives
27359,piglet
27359,rearing
27359,feed
27359,mineral
27359,preservatives
27359,management
27359,consultancy
27359,mycotoxin
27359,binders
27359,supplements
27359,fermentation
27359,agents
27359,compound
27359,organic
27359,farming
27359,amino
27359,acids
28036,milling
28036,mixing
28036,metering
28036,moist
28036,maize
28036,mills
28036,stationary
28036,mobile
28036,hammer
28036,crushing
28454,waste
28454,air
28454,treatment
28454,cleaning
28454,deodorising
28454,cleaners
27566,slurry
27566,additives
27566,farm
27566,inputs
27566,consumables
27573,workwear
27573,rfid
27573,transponder
27573,readers
27573,misc
27573,animal
27573,identification
27573,cattle
27573,feeder
27573,milk
27573,cans
27573,ear
27573,tags
27573,pliers
27573,hygiene
27573,markers
27573,sensors
27573,implants
27573,boluses
27573,milking
27573,machine
27573,dairy
27573,breed
27573,breeding
27573,supplies
27876,manure
27876,processing
27876,slurry
27876,liquid
27876,drains
27586,tierpflegegeräte
27586,tiergesundheit
27586,shearing
27586,grooming
27586,health
27586,medicine
27586,dispensers
27586,hoof
27586,trimming
27586,foot
27586,baths
28506,premixes
28506,compound
28506,feed
28506,probiotics
28506,milk
28506,replacer
28506,mycotoxin
28506,binders
28506,fish
28506,supplements
28506,poultry
28506,organic
28506,farming
28506,cattle
28506,complete
28035,veterinary
28035,feed
28035,supplements
27557,trailers
27901,veterinary
27901,phytogenic
27901,feed
27901,additives
28340,windows
28340,doors
28340,structures
28340,elements
28340,gate
27458,veterinary
27458,hoof
27458,trimming
30520,veterinary
30520,animal
30520,care
30520,agents
27962,biogas
27962,production
27962,silage
27962,additives
27962,feed
27962,mineral
27962,enzymes
28744,sperm
28744,embryos
28744,insemination
28744,dairy
28744,cattle
28744,breed
28744,beef
29740,veterinary
29740,animal
29740,care
29740,agents
29740,straight
29740,feed
29740,organic
29740,farming
29740,insecticides
29740,disinfectants
29740,detergents
29740,bedding
29740,powder
31322,battery
31322,storage
27433,vitamins
27433,trace
27433,elements
27433,mineral
27433,feed
27433,probiotics
27433,phytogenic
27433,additives
27433,mycotoxin
27433,binders
27433,supplements
27433,enzymes
27433,anticaking
27433,agents
27433,amino
27433,acids
28363,vitamins
28363,trace
28363,elements
28363,probiotics
28363,preservatives
28363,phytogenic
28363,feed
28363,additives
28363,mycotoxin
28363,binders
28363,anticaking
28363,agents
29771,led
29771,lighting
28568,hoof
28568,trimming
28568,grooming
28953,wind
28953,park
28953,renewable
28953,energy
28953,wood
28168,preservatives
28168,phytogenic
28168,feed
28168,additives
28168,mycotoxin
28168,binders
28168,mineral
28168,compound
28168,poultry
28168,emulsifiers
28168,stabilizers
28168,thickeners
28168,gelling
28168,agents
28168,phosphates
28168,pig
28168,colourants
28168,fats
28168,oil
28168,cattle
28398,silo
28398,filling
28398,milling
28398,grinding
28398,feed
28398,conveyors
28398,chain
28398,mixing
28398,mobile
28398,grain
28398,pre
28398,cleaners
28398,elevators
28398,moist
28398,cereal
28398,feedstuff
27819,slurry
27819,additives
27819,straight
27819,feed
27819,organic
27819,farming
28161,veterinary
28161,animal
28161,feed
28161,additives
28161,vitamins
28161,silage
28161,medicine
28161,amino
28161,acids
28161,farm
28161,inputs
28161,consumables
27796,turnkey
27796,plant
27796,solid
27796,biofuels
27796,milling
27796,mixing
27796,metering
27796,biogas
27796,hammer
27796,mills
27796,pelleting
27796,press
27796,feed
27796,mixer
27796,extruders
27796,compound
27807,automatic
27807,milking
27807,parlours
27807,rotary
27807,pipeline
27807,hygiene
27807,machine
27807,herringbone
27807,animal
27807,housing
27807,disinfection
27807,sprayers
27256,premixes
27256,compound
27256,feed
27256,poultry
27256,breeding
27256,supplies
27256,phytogenic
27256,additives
27256,supplements
27256,pig
27544,mobile
27544,loader
27544,stationary
27544,auto
27544,feeder
27544,incl
27544,robotic
27544,transport
27544,refrigerating
27544,refrigerated
27544,fans
27544,energy
27544,generation
27544,carts
27544,electronic
27544,farm
27544,management
27544,vehicle
27544,cleaning
27544,manure
27544,collection
27544,robots
27544,emergency
27544,power
27544,generators
29063,turnkey
29063,wind
29063,turbines
28877,gas
28877,feed
28877,biogas
28877,production
28877,turnkey
28877,plant
28877,special
28877,sewages
28877,pits
28877,waste
28877,depots
28877,cleaning
28877,conditioners
28877,compressors
28877,drying
29745,cattle
29745,management
29745,software
29745,apps
29014,substrate
29014,separators
29014,biogas
29014,production
29014,turnkey
29014,plant
29014,solid
29014,biofuels
29014,pumps
29014,agitators
27294,slatted
27294,floor
27294,cattle
27294,pig
30662,poultry
30662,housing
30662,pasture
30662,electric
30662,fence
30662,energizers
27463,vitamins
27463,trace
27463,elements
27463,preservatives
27463,protein
27463,feed
27463,mycotoxin
27463,binders
27463,flavourings
27463,supplements
27463,enzymes
27463,amino
27463,acids
28026,trace
28026,elements
28026,probiotics
28026,feed
28026,additives
28026,mycotoxin
28026,binders
28026,effective
28026,microotganisms
28129,vitamins
28129,feed
28129,additives
28129,flavourings
28129,amino
28129,acids
28055,amino
28055,acids
27777,premixes
27777,compound
27777,feed
27777,additives
27777,mycotoxin
27777,binders
27777,emulsifiers
27777,stabilizers
27777,thickeners
27777,gelling
27777,agents
27777,effective
27777,microotganisms
27777,pig
27777,anticaking
27777,amino
27777,acids
27747,premixes
27747,vitamins
27747,probiotics
27747,mycotoxin
27747,binders
27747,feed
27747,supplements
27747,colourants
27513,vegetable
27513,protein
27513,feed
27513,processed
27513,animal
27513,straight
27513,insect
27513,fish
27513,algae
28562,management
28562,aspects
28562,consulting
28562,rfid
28562,transponder
28562,readers
28562,traceability
28562,scales
28562,livestock
28562,weighbridges
28562,pig
28562,housing
28562,animal
28562,markers
28562,machine
28562,learing
28562,arificial
28562,intelligence
28562,analysis
29036,turkeys
29036,cheese
29036,dairy
29036,training
29036,education
29036,pig
29036,quality
29036,assurance
29036,poultry
29036,slaughtering
29036,cut
29036,manipulable
29036,certification
29036,processes
29036,cattle
29036,breed
29036,beef
29036,databases
29036,management
29036,software
29036,apps
27542,flooring
29748,trace
29748,elements
27511,feed
27511,additives
27847,animal
27847,care
27847,agents
27847,cattle
27847,housing
27847,hoof
27847,trimming
27847,stands
33082,sensors
33082,recording
33082,feed
33082,water
33082,intake
33082,related
33082,animal
33082,husbandry
33082,rfid
33082,transponder
33082,readers
33082,measuring
33082,body
33082,temperature
33082,birth
33082,monitoring
33082,testing
33082,activity
33082,ear
33082,tags
33082,pliers
33082,markers
33082,instruments
33082,calving
33082,livestock
28461,automatic
28461,milking
28461,parlours
28461,rotary
28461,pipeline
28461,sheep
28461,goat
28461,herringbone
27742,premixes
27742,probiotics
27742,milk
27742,replacer
27742,phytogenic
27742,feed
27742,additives
27742,mycotoxin
27742,binders
27742,flavourings
27742,enzymes
27742,algae
28531,raw
28531,compound
28531,feed
28531,mineral
28531,poultry
28531,pig
28531,cattle
28531,fats
28531,oil
28531,amino
28531,acids
29066,power
29066,storage
29066,battery
31846,preservatives
31846,feed
31846,additives
31846,dairy
31846,cattle
31846,breed
31846,broilers
31846,amino
31846,acids
30728,weighing
30728,rod
30728,feed
30728,mixing
30728,carts
30728,diet
30728,mixer
30728,feeder
30728,sheep
30728,goat
30728,trailed
30728,propelled
27364,piglet
27364,rearing
27364,nests
27364,hay
27364,racks
27364,cubicle
27364,housing
27364,cattle
27364,calf
27364,huts
27364,beef
27684,piglet
27684,rearing
27684,feed
27684,milk
27684,replacer
27684,fish
27684,compound
27684,poultry
27684,organic
27684,farming
27684,blood
27785,straight
27785,feed
27785,energy
27785,supplements
27785,fats
27785,oil
28104,ventilation
28104,animal
28104,housing
28104,fans
28104,cooling
28104,climate
28104,control
31828,electronic
31828,control
31828,units
31828,ecu
28864,stacks
28864,chimneys
28864,heat
28864,recycling
28864,installations
28864,waste
28864,boilers
28864,flue
28864,gas
28864,desulphurisation
28864,silencers
28864,exchangers
28864,exhaust
28864,denitrification
28864,drying
28864,cleaning
28864,engines
28864,chp
28864,cogeneration
28864,power
28864,stations
28864,catalysts
28864,energy
28852,slurry
28852,pumps
28775,tierpflegegeräte
28775,tiergesundheit
32907,riding
32907,halls
32907,solid
32907,prefabricated
32907,building
32907,cattle
32907,housing
27451,personal
27451,safety
27451,goggles
27451,occupational
27451,health
27451,protection
27451,aid
27451,supplies
28406,pasture
28406,fence
28406,game
28406,fencing
28406,electric
28784,piglet
28784,nurses
28784,pig
28784,breeding
28784,supplies
28784,compound
28784,feed
28784,complete
28804,veterinary
28804,ear
28804,tags
28804,pliers
29028,photovoltaics
28075,mycotoxin
28075,binders
28075,anticaking
28075,agents
27874,heating
27874,ventilation
27874,climate
27874,control
28254,straw
28254,bedding
28254,machine
28254,bale
28254,break
27281,silage
27281,clamp
27281,netting
27281,cover
27281,bag
27281,packaging
27281,films
27281,sheeting
27281,hay
27281,silo
28875,pumps
28875,agitators
27176,insecticides
28354,slurry
28354,removal
28354,windbreak
28354,pumps
28354,pasture
28354,waterers
28354,frost
28354,proof
28354,cattle
28354,housing
28354,humidifiers
28354,animal
28354,lights
28354,fans
28354,flooring
28354,barriers
28354,partition
27702,animal
27702,care
27702,agents
27702,milking
27702,grease
27702,pesticides
27702,insecticides
27702,disinfectants
27702,detergents
28888,recycling
28888,waste
28888,disposal
28888,activated
28888,carbon
27752,sheep
27752,goat
27752,housing
27752,cattle
27752,fittings
27752,doors
27752,gate
27752,barriers
27752,partition
28194,feed
28194,additives
27939,liquid
27939,feeder
27939,interval
27939,feed
27939,sensors
27939,demand
27939,automated
27939,pig
28602,veterinary
28602,diagnostics
28602,farm
28602,building
28602,project
28602,feed
28602,management
28602,consultancy
28602,construction
28602,dairy
28602,cattle
28602,breed
28602,business
28602,software
28602,apps
28783,management
28783,software
28385,vitamins
28385,trace
28385,elements
28385,probiotics
28385,preservatives
28385,mycotoxin
28385,binders
28385,enzymes
28385,emulsifiers
28385,stabilizers
28385,thickeners
28385,gelling
28385,agents
28385,amino
28385,acids
27551,publishers
29041,biogas
29041,production
28243,tattooing
28243,implements
28243,forceps
28243,veterinary
28243,diagnostics
28243,misc
28243,animal
28243,identification
28243,shearing
28243,pig
28243,breeding
28243,supplies
28243,hoof
28243,trimming
28243,grooming
28243,cattle
27823,vegetable
27823,protein
27823,feed
27823,energy
27823,crops
27823,biogas
27823,straight
31223,piglet
31223,rearing
31223,nests
31223,waterers
31223,pig
31223,housing
31223,automated
31223,feeder
31223,manipulable
31223,heated
31223,plates
31223,mats
31223,floor
31223,finishing
31223,farrowing
31223,pens
31223,breeder
31223,sow
28282,temperature
28282,sensors
28282,recording
28282,feed
28282,water
28282,intake
28282,actuators
28282,pig
28282,activity
28282,monitoring
28282,implants
28282,boluses
27691,semen
27691,conservation
27691,reproduction
27691,instruments
27691,supplies
27691,lab
27691,insemination
28958,exhaust
28958,gas
28958,cleaning
28958,aspects
28958,management
28958,consulting
28958,technical
28958,energy
28958,sector
28958,remote
28958,monitoring
28958,servicing
28958,operating
28958,phase
28958,generators
28958,maintenance
28958,engines
28958,diesel
28958,chp
28958,cogeneration
28958,power
28958,stations
30515,workwear
30515,occupational
30515,safety
30515,health
30515,protection
30515,aid
30515,agricultural
30515,boots
28954,energy
28954,supply
28954,companies
28954,power
28954,generating
28954,heating
28954,refrigerating
28368,hammer
28368,mills
28368,pelleting
28368,press
28368,compound
28368,feed
28368,mixer
28368,feedstuff
28368,silo
28368,cereal
28858,biogas
28858,production
28858,gas
28858,analysis
27953,ultrasonic
27953,scanners
27953,reproduction
27953,instruments
27953,supplies
27953,insemination
27953,cattle
27953,breeding
27953,birth
27953,monitoring
27953,animal
27760,veterinary
27760,disinfectants
27760,hygiene
27760,aquaculture
27760,water
27760,treatment
27760,disinfection
27760,cleaning
31724,animal
31724,transport
31724,vehicle
27741,transponder
27741,feeder
27741,feed
27741,conveyors
27741,chain
27741,automated
27741,chicken
27741,sensors
27741,control
27741,pig
27820,stationary
27820,auto
27820,feeder
27820,incl
27820,robotic
27820,cattle
27820,feed
27820,conveyors
27820,chain
27820,sensors
27820,automated
27820,pig
27251,premixes
27251,feed
27251,additives
27251,mycotoxin
27251,binders
27251,phosphates
28305,silo
28305,hose
28305,moist
28305,maize
28305,mills
28305,cereal
28305,crushers
28305,preserving
28305,clamping
28305,feed
28305,storage
28305,feedstuff
28453,premixes
28453,compound
28453,feed
28453,additives
28453,supplements
28453,pig
28213,vitamins
28213,premixes
28213,trace
28213,elements
28213,probiotics
28213,feed
28213,additives
28213,compound
28213,cattle
28213,amino
28213,acids
27816,animal
27816,transport
27816,vehicle
27816,livestock
27816,trailers
27237,sack
27237,barrows
27237,feed
27237,preparation
27237,cattle
27237,feeder
27237,carts
27237,pipeline
27237,milking
27237,manure
27237,slurry
27237,personal
27237,protective
27237,grooming
27237,health
27237,machine
27237,bucket
32114,pig
32114,housing
31873,premixes
31873,vitamins
31873,mineral
31873,feed
31873,preservatives
31873,additives
31873,amino
31873,acids
28535,veterinary
28535,poultry
28535,feed
28535,piglet
28535,rearing
28535,compound
28535,pig
28535,cattle
28970,power
28970,storage
28970,medium
28970,voltage
28970,battery
28534,farm
28534,inputs
28534,consumables
28534,direct
28534,selling
28534,food
28534,industry
28534,workwear
28534,marketing
28904,windbreak
28904,exhaust
28904,control
28904,gas
28904,holders
28904,cleaning
28904,silo
28904,accessory
28904,storage
28904,fermenter
28904,cover
28904,doors
28904,gate
28605,vitamins
28605,probiotics
28605,medicine
28605,feed
28605,additives
32943,research
32943,science
32943,institutes
32943,innovations
32943,agriculture
32943,sector
28808,construction
28808,consultancy
28808,project
28808,management
28367,solid
28367,prefabricated
28367,building
28367,sheep
28367,goat
28367,housing
28367,poultry
28367,farm
28367,project
28367,pig
28367,construction
28367,consultancy
28367,management
28367,cattle
28926,chp
28926,cogeneration
28926,power
28926,stations
27733,sperm
27733,sensors
27733,oestrus
27733,monitoring
27733,pig
27733,hygiene
27733,embryos
27733,breeding
27733,supplies
27733,calving
27733,insemination
27733,dairy
27733,cattle
27733,breed
27733,animal
27733,beef
31881,vitamins
31881,amino
31881,acids
28400,premixes
28400,piglet
28400,rearing
28400,feed
28400,trace
28400,elements
28400,mineral
28400,milk
28400,replacer
28400,supplements
28400,compound
28400,pig
28400,cattle
28400,complete
27363,sperm
27363,embryos
28722,silo
28722,filling
28722,tower
28722,molassing
28722,milling
28722,mixing
28722,stationary
28722,pelleting
28722,press
28722,silage
28722,clamp
28722,construction
28722,clamping
28722,feed
28722,storage
28722,chain
28722,conveyors
28722,auger
28722,compound
28722,mixer
28722,feedstuff
28722,cereal
28136,feed
28136,conveyors
28136,chain
28136,elevators
28136,auger
27439,laying
27439,nests
29010,spezielle
29010,maschinen
29010,und
29010,zubehör
29010,für
29010,insektenzucht
29010,haltung
29010,food
29010,turnkey
29010,project
29010,insect
29010,production
29010,special
29010,machine
29010,breeding
29010,husbandry
29010,foods
29010,units
28394,exhaust
28394,control
28394,slurry
28394,removal
28394,floor
28394,mats
28394,cattle
28394,cubicle
28394,housing
28394,frost
28394,proof
28394,waterers
28394,feed
28394,fence
27309,animal
27309,care
27309,agents
27309,water
27309,treatment
27309,additives
27309,ultrasonic
27309,semen
27309,conservation
27309,piglet
27309,heating
27309,lamps
27309,scanners
27309,disinfectants
27309,detergents
27309,pig
27309,housing
27309,breeding
27309,supplies
27309,insemination
28412,vitamins
28412,trace
28412,elements
28412,probiotics
28412,feed
28412,additives
28412,enzymes
28412,amino
28412,acids
28490,vaccines
28490,veterinary
28490,medicine
28490,feed
28490,additives
27479,enzymes
28139,water
28139,treatment
28139,additives
28139,spices
28139,adjuvants
28139,slurry
28139,silage
28139,piglet
28139,rearing
28139,feed
28139,supplements
28139,compound
28139,poultry
28139,organic
28139,farming
28139,complete
28615,sheep
28615,excl
28615,live
28615,rams
28615,pig
28615,reproduction
28615,instruments
28615,supplies
28615,automated
28615,feeder
28615,calf
28615,management
28615,software
28615,dairy
28615,cattle
28615,breed
28615,internet
28615,iot
27829,farmyard
27829,loader
27829,effective
27829,microotganisms
28110,stationary
28110,auto
28110,feeder
28110,incl
28110,robotic
28110,turnkey
28110,project
28110,cattle
28110,farming
28110,mixer
28110,propelled
28110,milling
28110,mixing
28110,mobile
28110,management
28110,software
31722,turnkey
31722,project
31722,poultry
31722,farming
31722,pig
31722,cattle
31722,farm
31722,building
27888,ventilation
27888,storage
27888,animal
27888,housing
27888,heating
27888,climate
27888,control
32120,premixes
32120,probiotics
32120,enzymes
28096,floor
28096,mats
28096,cattle
28014,premixes
28517,vitamins
28517,trace
28517,elements
28517,phytogenic
28517,feed
28517,additives
28517,mycotoxin
28517,binders
28517,flavourings
28517,enzymes
28517,emulsifiers
28517,stabilizers
28517,thickeners
28517,gelling
28517,agents
28517,effective
28517,microotganisms
28517,colourants
28517,anticaking
28517,amino
28517,acids
27408,straight
27408,feed
27198,bedding
27198,powder
27368,feed
27368,additives
32085,trough
32085,waterers
32085,solar
32085,panel
32085,pasture
32085,photovoltaics
27228,sperm
27228,embryos
27228,insemination
27228,dairy
27228,cattle
27228,breed
27228,breeding
27228,supplies
27228,beef
28748,sperm
28748,embryos
28748,insemination
28748,dairy
28748,cattle
28748,breed
28748,beef
28745,sperm
28745,embryos
28745,insemination
28745,dairy
28745,cattle
28745,breed
28745,beef
29746,veterinary
29746,feed
29746,management
29746,consultancy
29746,additives
29746,business
27426,pipe
27426,chicken
27426,feeder
27426,sensors
27426,recording
27426,feed
27426,water
27426,intake
27426,poultry
27426,ground
27426,conveyors
27426,chain
27426,nipple
27426,waterers
27426,automated
28541,scheduling
28541,quality
28541,management
28541,controlling
28541,software
28541,service
28541,saas
28541,control
28541,cloud
28541,assurance
28541,applications
28541,food
28541,chain
28541,apps
28541,accounting
27516,incubators
28487,vitamins
28487,probiotics
28487,feed
28487,additives
28487,enzymes
28487,emulsifiers
28487,stabilizers
28487,thickeners
28487,gelling
28487,agents
28487,effective
28487,microotganisms
28487,amino
28487,acids
28071,straw
28071,bedding
28071,machine
28071,stationary
28071,mucking
28071,slurry
28071,removal
28071,milking
28071,parlours
28071,cubicle
28071,housing
28071,pig
28071,cattle
28071,mobile
28071,floor
28071,underfloor
28071,gate
28071,valves
28071,cleaning
28071,manure
28071,collection
28071,robots
28071,beef
28902,turnkey
28902,project
28902,insect
28902,production
28902,spezielle
28902,maschinen
28902,und
28902,zubehör
28902,für
28902,insektenzucht
28902,haltung
28902,food
28902,breeding
28902,units
28902,segment
28902,feed
28902,harvesting
28902,container
28902,mixing
28902,tubs
28902,supply
28902,climate
28902,chambers
28902,housing
28902,boxes
27519,premixes
27519,straight
27519,feed
27519,organic
27519,farming
27519,piglet
27519,rearing
27519,additives
27519,fish
27519,supplements
27519,compound
27519,poultry
27519,pig
27519,fats
27519,oil
27519,cattle
27519,complete
32550,project
32550,consultancy
32550,biogas
32550,production
32550,technical
32550,management
32550,energy
32550,sector
32550,consulting
32550,renewable
32550,wood
32550,computer
32550,application
32550,commercial
32550,business
32550,administration
32550,bioenergy
32550,software
27931,preservatives
27931,phytogenic
27931,feed
27931,additives
27931,mycotoxin
27931,binders
27931,enzymes
27931,emulsifiers
27931,stabilizers
27931,thickeners
27931,gelling
27931,agents
32877,meat
32877,sausage
32877,production
27487,compound
27487,feed
27487,poultry
27487,organic
27487,farming
27487,pig
27487,cattle
28855,specialist
28855,authority
31784,power
31784,generating
31784,gas
31784,engines
31784,dual
31784,fuel
31784,catalysts
31784,energy
28942,turnkey
28942,biogas
28942,plant
28285,sperm
28285,semen
28285,packaging
28285,transportation
28285,embryo
28285,hatch
28285,fish
28285,egg
28285,trading
28285,marketing
28285,conservation
28285,pig
28285,breeding
28285,programme
28285,aspects
28285,reproduction
28285,instruments
28285,supplies
28285,lab
28285,insemination
29050,warm
29050,air
29050,ventilation
29050,animal
29050,housing
29050,heating
29050,climate
29050,control
28870,solar
28870,panel
28870,assemblies
28870,meters
28870,controllers
28870,energy
28870,storage
28870,photovoltaics
28870,inverters
28870,battery
27793,poultry
27793,housing
27793,turnkey
27793,project
27793,farming
27793,piglet
27793,rearing
27793,nipple
27793,waterers
27793,automated
27793,chicken
27793,feeder
27793,layers
27793,farm
27793,building
27793,indoor
27793,cage
27793,finishing
27793,pig
27793,broilers
27793,farrowing
27793,pens
27699,project
27699,consultancy
27699,sheep
27699,goat
27699,housing
27699,riding
27699,halls
27699,misc
27699,construction
27699,planning
27699,issues
27699,poultry
27699,farm
27699,building
27699,pig
27699,management
27699,multi
27699,purpose
27699,machine
27699,sheds
27699,horse
27699,stables
27699,cattle
28990,remote
28990,monitoring
28990,closed
28990,loop
28990,control
28990,gas
28990,meters
28990,analysis
28990,fermentation
28990,agents
28990,fittings
28990,fixtures
28537,premixes
28537,mineral
28537,feed
28537,energy
28537,straight
28537,supplements
28537,compound
28537,cattle
28537,fats
28537,oil
28537,complete
28308,silage
28308,additives
28308,slurry
28308,premixes
28308,straight
28308,feed
28308,organic
28308,farming
28308,mineral
28308,supplements
27496,vitamins
27496,trace
27496,elements
27496,straight
27496,feed
27496,organic
27496,farming
27496,probiotics
27496,additives
27496,mineral
27496,mycotoxin
27496,binders
27496,enzymes
27496,emulsifiers
27496,stabilizers
27496,thickeners
27496,gelling
27496,agents
27496,effective
27496,microotganisms
27496,algae
28951,biogas
28951,production
28951,turnkey
28951,plant
28951,wind
28951,park
28951,substrate
28951,conditioning
28951,photovoltaics
28951,battery
28951,storage
28292,transponder
28292,feeder
28292,sensors
28292,recording
28292,feed
28292,water
28292,intake
28292,milk
28292,metering
28292,analysis
28211,sensors
28211,recording
28211,feed
28211,water
28211,intake
28211,rfid
28211,transponder
28211,readers
28211,oestrus
28211,monitoring
28211,measuring
28211,body
28211,temperature
28211,birth
28211,activity
28211,ear
28211,tags
28211,pliers
28211,animal
28211,markers
28476,veterinary
27708,premixes
27708,piglet
27708,rearing
27708,feed
27708,compound
27708,mineral
27708,milk
27708,replacer
27708,horse
27708,fish
27708,supplements
27708,poultry
27708,pig
27708,cattle
27708,complete
28853,silage
28853,additives
28853,trace
28853,elements
28853,fermentation
28853,agents
28853,enzymes
29064,biogas
29064,production
29064,substrate
29064,conditioning
29064,dosing
28863,biogas
28863,production
28863,turnkey
28863,plant
29070,substrate
29070,separators
29070,project
29070,consultancy
29070,conditioners
29070,production
31389,animal
31389,feed
31389,additives
31389,silage
31389,compound
31389,supplements
31389,poultry
31389,pig
31389,cattle
28965,gas
28965,filling
28965,stations
28965,pumps
28965,dosing
27621,feed
27621,additives
30508,lab
30508,analysis
30508,testing
30508,milk
30508,metering
28448,aspects
28448,management
28448,consulting
28448,associations
28448,media
28448,feed
28448,consultancy
28448,business
28448,administration
28448,agricultural
28448,engineering
30631,turnkey
30631,biogas
30631,plant
30631,farm
30631,building
30631,project
30631,construction
30631,consultancy
30631,management
27261,pesticides
27261,insecticides
27261,disinfection
27261,cleaning
27329,probiotics
27329,mycotoxin
27329,binders
27329,enzymes
27329,emulsifiers
27329,stabilizers
27329,thickeners
27329,gelling
27329,agents
27704,slatted
27704,floor
27704,cattle
27704,mats
27704,feeder
27704,housing
27704,flooring
27388,slatted
27388,floor
27388,cattle
27388,heat
27388,recycling
27388,installations
27388,ventilation
27388,animal
27388,housing
27388,heating
27388,climate
27388,control
27388,exchangers
27388,fans
28987,biogas
28987,production
28987,sensors
28987,actuators
28987,metrology
28987,software
28987,applications
28987,management
28987,bioenergy
28987,renewable
28987,energy
28057,veterinary
28057,vaccines
28057,medicine
27690,veterinary
27690,vaccines
27690,diagnostics
28121,silage
28121,additives
28121,poultry
28121,feed
28121,pig
28121,compound
28297,pasture
28297,fence
28297,electric
28297,energizers
28297,batteries
27225,premixes
27225,piglet
27225,rearing
27225,feed
27225,mineral
27225,horse
27225,supplements
27225,compound
27225,poultry
27225,pig
27225,cattle
27886,aspects
27886,management
27886,consulting
27886,sheep
27886,excl
27886,live
27886,rams
27886,pig
27886,breeding
27886,programme
27886,goat
27886,fish
27886,business
27886,consultancy
27886,dairy
27886,cattle
27886,breed
27886,broilers
27886,beef
28729,premixes
28729,vitamins
28729,compound
28729,feed
28729,mineral
28729,milling
28729,mixing
28729,mobile
28729,supplements
28729,flavourings
28729,poultry
28729,organic
28729,farming
28729,pig
28729,cattle
28735,piglet
28735,rearing
28735,feed
28735,compound
28735,supplements
28735,pig
28735,cattle
28767,vegetable
28767,protein
28767,feed
28767,straight
28767,organic
28767,farming
28767,associations
28767,quality
28767,assurance
28767,certification
28767,processes
28767,energy
28767,sector
28937,recirculating
28937,special
28937,machinery
28937,aquaponics
28937,software
28937,service
28937,saas
28937,aquaculture
28937,photobioreactors
28937,algae
28937,automated
28937,fish
28937,feeder
28937,farming
28937,control
28937,automation
28937,und
28937,digitalisation
28937,apps
27917,animal
27917,care
27917,agents
27917,reproduction
27917,instruments
27917,supplies
28120,straw
28120,bedding
28120,machine
28120,parlour
28120,cleaning
28120,disinfecting
28120,feeder
28120,feed
28120,mixing
28120,tubs
28120,supply
28120,disinfection
28572,silage
28572,clamp
28572,netting
28572,cover
28572,silo
28572,accessory
28572,sheeting
27850,veterinary
27850,vaccines
27850,feed
27850,supplements
32131,premixes
32131,piglet
32131,rearing
32131,feed
32131,mineral
32131,horse
32131,compound
32131,poultry
32131,pig
32131,cattle
28296,slurry
28296,digestate
28296,transport
28296,manure
28296,spreading
27456,compound
27456,feed
27456,pig
27456,cattle
27889,sow
27889,management
27889,software
27889,apps
27889,service
27889,saas
27889,feed
27889,sensors
27889,demand
27889,feeder
27889,machine
27889,learing
27889,internet
27889,iot
27889,arificial
27889,intelligence
30503,hygiene
27279,substrate
27279,separators
27279,conditioning
27279,slurry
27279,pumps
27279,storage
27279,tank
27279,gas
27279,fermenter
27279,cutting
27279,filling
27279,agitators
27694,feedstuff
27694,silo
28715,storage
28715,tank
28715,feed
28715,press
28715,pelleting
28715,elevators
28715,clamping
28715,mixer
28715,chain
28715,conveyors
28715,auger
28715,compound
28715,feedstuff
28715,silo
28715,cereal
28176,parlour
28176,cleaning
28176,disinfecting
28176,automatic
28176,milking
28176,stationary
28176,auto
28176,feeder
28176,incl
28176,robotic
28176,parlours
28176,rotary
28176,sheep
28176,goat
28176,machine
28176,herringbone
27910,poultry
27910,housing
27910,cattle
27910,pig
28144,hoof
28144,trimming
28144,adhesives
27565,hoof
27565,trimming
27565,stands
32545,software
32545,service
32545,saas
32545,traceability
32545,machine
32545,learing
32545,internet
32545,iot
32545,cattle
32545,management
32545,apps
32545,arificial
32545,intelligence
32545,analysis
27861,trough
27861,poultry
27861,housing
27861,horse
27861,feed
27861,cattle
27861,feeder
27861,hay
27861,racks
27861,mangers
27861,livery
27861,yard
28766,slurry
28766,pumps
28766,cattle
28766,housing
28766,pig
28766,manure
28766,agitators
29754,weighing
29754,biogas
29754,production
29754,lab
29754,analysis
29754,testing
29754,substrate
29754,fermentation
29754,conditioning
29754,starter
29754,cultures
29754,pumps
29754,dosing
29754,agents
29754,cutting
29754,filling
29754,agitators
27560,silage
27560,additives
27560,vitamins
27560,trace
27560,elements
27560,probiotics
27560,preservatives
27560,mycotoxin
27560,binders
27560,insect
27560,enzymes
27560,emulsifiers
27560,stabilizers
27560,thickeners
27560,gelling
27560,agents
27560,feed
27560,phosphates
27560,fats
27560,oil
27560,amino
27560,acids
27310,loading
27310,stacking
27310,yard
27310,sweeper
27310,manure
27310,processing
27310,farmyard
27310,loader
27310,telehandlers
27310,wheeled
27310,attachment
27310,forklifts
27310,front
27310,silage
27310,block
27310,cutters
27310,bale
27310,break
31422,solar
31422,panel
31422,project
31422,development
31422,energy
31422,sector
31422,technical
31422,management
31422,servicing
31422,assemblies
31422,consultant
31422,engineers
31422,designers
31422,storage
31422,photovoltaics
31422,maintenance
31422,consulting
31422,production
31422,cogeneration
31422,photovoltaic
30179,gas
30179,cleaning
30179,biogas
30179,production
30179,liquefied
30179,container
30179,compressors
30179,gasification
30179,plant
30179,degassing
28295,breeding
28295,programme
28295,aspects
28606,wheeled
28606,loader
28606,spotlights
28606,telescopic
28606,wheel
28606,publishers
28610,trading
32083,milk
32083,metering
32083,analysis
32083,milking
32083,machine
28561,quality
28561,control
28561,egg
28561,treatment
28561,processing
28561,machine
28561,scales
28561,assurance
28561,measuring
28561,livestock
28561,packing
28561,graders
28561,conveyors
28771,slurry
28771,tankers
28771,pumps
29000,project
29000,development
29000,energy
29000,sector
29000,technical
29000,management
29000,consultant
29000,engineers
29000,designers
29000,storage
29000,renewable
29000,wood
29000,maintenance
29000,production
29000,cogeneration
29000,photovoltaic
29000,commercial
32880,planning
32880,phase
32880,consultant
32880,engineers
32880,designers
32880,energy
32880,sector
27390,diet
27390,mixer
27390,feeder
27390,trailed
27390,cattle
27390,manure
27390,spreaders
27390,propelled
27390,silage
27390,block
27390,cutters
28595,vitamins
28595,feed
28595,additives
27831,yard
27831,sweeper
27831,cleaning
27803,silage
27803,additives
27803,premixes
27803,straight
27803,feed
27803,organic
27803,farming
27803,compound
27803,preservatives
27803,supplements
27803,poultry
27803,pig
27803,cattle
27803,complete
33073,research
33073,science
33073,institutes
33073,innovations
33073,agriculture
33073,sector
27835,ministries
32315,turnkey
32315,project
32315,algae
32315,production
32315,special
32315,machinery
32315,aquaponics
32315,misc
32315,segment
32315,aquaculture
32315,farm
32315,inputs
32315,photobioreactors
32315,complete
32315,breeding
28762,direct
28762,selling
28762,beef
28762,cattle
28762,breed
28761,direct
28761,selling
28761,breeding
28761,programme
28761,aspects
28761,beef
28761,cattle
28761,breed
27220,organisations
27220,societies
27220,clubs
27220,associations
27220,management
27220,software
27220,dairy
27220,cattle
27220,breed
27220,beef
27220,apps
27662,pig
27662,breeding
27662,supplies
28392,weighing
28392,rod
28392,feed
28392,mixing
28392,carts
28392,mixer
28392,feeder
28392,trailed
28392,agricultural
28392,machinery
28392,electronics
31257,societies
31257,clubs
31257,organisations
31257,associations
31257,hoof
31257,trimming
31257,stands
27671,weighing
27671,rod
27671,feed
27671,mixing
27671,carts
27671,management
27671,diet
27671,mixer
27671,feeder
27671,silage
27671,rotor
27671,cutters
27671,bedding
27671,trailed
27671,block
27671,propelled
28946,gas
28946,pipe
28946,lines
28946,turnkey
28946,biogas
28946,plant
28946,power
28946,storage
28946,energy
28946,heat
28946,pumps
28946,drawing
28946,stations
28946,exchangers
28946,heating
28946,refrigerating
28946,battery
28946,chp
28946,cogeneration
28946,compressors
28102,animal
28102,care
28102,agents
28167,project
28167,consultancy
28167,rfid
28167,transponder
28167,readers
28167,misc
28167,animal
28167,identification
28167,ear
28167,tags
28167,pliers
28538,pasteurization
28538,milk
31819,bedding
32774,veterinary
32774,diagnostics
32774,tierpflegegeräte
32774,tiergesundheit
32774,lab
32774,supplies
28408,silo
28408,filling
28408,feed
28408,conveying
28408,grain
28408,pre
28408,cleaners
28408,preserving
28408,moist
28408,cereal
28408,auger
28408,conveyors
27316,trough
27316,waterers
27316,stacks
27316,chimneys
27316,slatted
27316,floor
27316,pig
27316,ventilation
27316,animal
27316,housing
27316,heating
27316,climate
27316,control
27316,frost
27316,proof
27316,cattle
27316,feed
27316,fence
27316,calf
27316,huts
27316,fans
27316,cooling
27316,farrowing
27316,pens
27993,information
27993,stands
27993,aspects
27993,associations
27993,media
27993,organisations
27993,consulting
27993,sensors
27993,measuring
27993,body
27993,temperature
27993,energy
27993,sector
27993,rumination
27993,implants
27993,boluses
27993,calving
27993,consultancy
31423,exhaust
31423,gas
31423,cleaning
31423,energy
31423,crop
31423,biogas
31423,production
31423,tank
31423,waste
31423,treatment
31423,flue
31423,desulphurisation
31423,crops
31423,holders
31423,recycling
31423,disposal
31423,activated
31423,carbon
28226,ultrasonic
28226,veterinary
28226,diagnostics
28226,scanners
28226,backfat
28226,measuring
28344,transport
28344,container
28344,fish
28344,poultry
28344,crates
28344,cage
28344,egg
28344,packaging
28484,compound
28484,feed
28484,milk
28484,replacer
28484,phytogenic
28484,additives
28484,mycotoxin
28484,binders
28484,fish
28484,supplements
28484,enzymes
28484,poultry
28484,pig
28484,cattle
28484,amino
28484,acids
27776,testing
27776,control
27776,measuring
27776,hygrometers
27776,feed
27776,analyzing
27776,analysis
27306,livestock
27306,trailers
28109,milking
28109,grease
28109,pesticides
28109,insecticides
28109,disinfectants
28109,mineral
28109,feed
28109,additives
28109,hoof
28109,trimming
28109,supplements
28109,compound
28109,organic
28109,farming
28109,cattle
28109,breeding
28109,supplies
30182,grooming
30182,health
30182,hoof
30182,trimming
27391,vitamins
27391,mineral
27391,feed
27391,fish
27391,supplements
27391,amino
27391,acids
29069,power
29069,supply
29069,companies
29069,gas
29069,engines
29069,energy
29069,production
29069,management
29069,cogeneration
29069,photovoltaic
29069,chp
29069,stations
29069,emergency
29069,generators
29069,electricity
28373,veterinary
28373,software
28373,service
28373,saas
28373,diagnostics
28373,sensors
28373,implants
28373,boluses
28373,management
28373,hoof
28373,trimming
28373,stands
28373,machine
28373,learing
28373,foot
28373,baths
28373,cattle
28373,apps
28810,veterinary
28257,warehouses
28257,stores
28257,harvesting
28257,silage
28257,pits
28257,clamp
28257,construction
28257,clamping
28257,feed
28257,storage
28257,feedstuff
28257,silo
27372,sow
27372,management
27372,software
27372,apps
27372,premixes
27372,piglet
27372,rearing
27372,feed
27372,mineral
27372,probiotics
27372,poultry
27372,licking
27372,block
27372,additives
27372,compound
27372,organic
27372,farming
27372,cattle
28142,sensors
28142,recording
28142,feed
28142,water
28142,intake
28142,actuators
28142,silo
28142,scales
28142,ventilation
28142,animal
28142,housing
28142,internet
28142,iot
28142,climate
28142,control
28142,alarm
27240,animal
27240,care
27240,agents
27240,grooming
27240,health
27240,hygiene
27240,feed
27240,additives
27240,supplements
27240,fats
27240,oil
27848,premixes
27848,compound
27848,feed
27848,mineral
27848,poultry
27848,organic
27848,farming
27848,pig
27848,cattle
27848,complete
28791,piglet
28791,rearing
28791,milk
28791,replacer
28791,feed
28791,supplements
28791,compound
28791,pig
28791,complete
27180,trace
27180,elements
27180,probiotics
27180,preservatives
27180,phytogenic
27180,feed
27180,additives
27180,mycotoxin
27180,binders
27180,emulsifiers
27180,stabilizers
27180,thickeners
27180,gelling
27180,agents
27180,anticaking
28366,premixes
28366,veterinary
28366,mineral
28366,feed
28366,grooming
28366,health
28366,additives
28366,supplements
28470,premixes
28470,piglet
28470,rearing
28470,feed
28470,compound
28470,milk
28470,replacer
28470,additives
28470,horse
28470,fish
28470,supplements
28470,pig
28470,cattle
28470,complete
28470,amino
28470,acids
28272,clamping
28272,feed
28272,storage
27870,poultry
27870,housing
27870,spotlights
27870,pig
27870,led
27870,lighting
27870,breeding
27870,supplies
27870,algae
27870,outdoor
27870,farming
27870,lights
27870,beef
27870,cattle
27722,feed
27722,additives
27772,premixes
27772,vitamins
27772,trace
27772,elements
27772,compound
27772,feed
27772,veterinary
27772,disinfectants
27772,preservatives
27772,additives
27772,mycotoxin
27772,binders
27772,supplements
27772,enzymes
27772,amino
27772,acids
31844,sensors
31844,recording
31844,feed
31844,water
31844,intake
31844,oestrus
31844,monitoring
31844,measuring
31844,body
31844,temperature
31844,birth
31844,activity
31844,rumination
31844,cattle
31844,management
31844,software
31844,apps
27501,straw
27501,hay
27501,briquetting
27501,press
27501,potato
27501,steamers
27501,feed
27501,preparation
27501,mashers
27501,additives
27501,choppers
27501,cereal
27501,crushers
27501,ccm
27501,processing
27501,beet
27501,cleaners
27501,cutters
27648,fencing
27648,electric
27648,fence
27648,energizers
27648,batteries
28782,solar
28782,panel
28782,assemblies
28782,meters
28782,controllers
28782,energy
28782,storage
28782,photovoltaics
28782,inverters
28782,battery
27786,vitamins
27786,trace
27786,elements
27786,feed
27786,additives
27786,mycotoxin
27786,binders
27786,amino
27786,acids
31847,premixes
31847,trace
31847,elements
31847,compound
31847,feed
31847,mineral
31847,additives
31847,pig
27893,feed
27893,supplements
27555,disinfection
27555,cleaning
31872,trace
31872,elements
31856,layers
31856,ducks
31856,broilers
31856,colourants
28328,veterinary
28328,probiotics
28328,medicine
28328,feed
28328,supplements
28113,vaccines
28113,medicine
27965,pipe
27965,chicken
27965,feeder
27965,feed
27965,tankers
27965,mixer
27965,propelled
27965,conveyors
31863,veterinary
31863,vaccines
31863,medicine
28730,complete
28730,feed
28374,research
28374,science
28374,institutes
28374,innovations
28374,agriculture
28374,sector
28374,training
28374,education
28374,colleges
28374,universities
27911,parlour
27911,cleaning
27911,disinfecting
27911,disinfection
27911,animal
27911,housing
27911,sprayers
27189,livestock
27189,scales
27367,amino
27367,acids
28731,cattle
28731,housing
28731,doors
28731,gate
28731,barriers
28731,partition
27191,feed
27191,supplements
28504,heating
28504,ventilation
28504,climate
28504,control
28504,chilling
28504,chambers
28504,air
28504,conditioning
28504,storage
28504,animal
28504,housing
28043,scales
28043,livestock
28043,weighbridges
28564,agricultural
28564,machinery
28564,electronics
27601,breeding
27601,programme
27601,aspects
27601,pig
27601,supplies
27800,ventilation
27800,storage
27800,animal
27800,housing
27800,heating
27800,climate
27800,control
27800,led
27800,lighting
27800,fans
27800,cooling
28511,automatic
28511,milking
31830,biogas
31830,production
27234,animal
27234,care
27234,agents
27234,farm
27234,inputs
27234,consumables
27234,cattle
27234,housing
28593,substrate
28593,conditioners
28593,manure
28593,slurry
28593,storage
28593,treatment
28593,production
28593,composting
27787,probiotics
27787,enzymes
27907,insurances
27724,sheep
27724,goat
27724,housing
27724,cattle
28030,straight
28030,feed
28030,organic
28030,farming
28030,energy
28395,egg
28395,hatching
28395,incubators
28395,fans
28395,energy
28395,generation
28395,trays
28395,hatchers
28395,hatch
28395,washing
28395,disinfecting
28395,poultry
28395,housing
28395,brooders
28395,automated
28395,brooding
29033,turnkey
29033,biogas
29033,plant
28218,weighing
28218,sensors
28218,recording
28218,feed
28218,water
28218,intake
28218,stationary
28218,auto
28218,feeder
28218,incl
28218,robotic
28218,actuators
28218,silo
28218,accessory
28218,software
28218,applications
28218,management
27878,ventilation
27878,storage
27878,animal
27878,housing
27878,heating
27878,climate
27878,control
28089,sperm
28089,livestock
28089,trading
28089,embryos
28089,insemination
28089,dairy
28089,cattle
28089,breed
28798,sperm
28798,embryo
28798,hatch
28798,fish
28798,egg
28798,trading
28798,marketing
28798,embryos
28798,dairy
28798,cattle
28798,breed
28284,poultry
28284,housing
28284,egg
28284,hatching
28284,incubators
28284,heating
28284,lamps
28284,mobile
28284,laying
28284,nests
28284,free
28284,range
28284,cage
28284,aviaries
27812,feed
27812,additives
27812,algae
29755,energy
29755,crop
29755,biogas
29755,turnkey
29755,plant
29755,crops
29043,energy
29043,crop
29043,biogas
29043,production
29043,substrate
29043,fermentation
29043,analysis
29043,starter
29043,cultures
29043,fermenter
29043,heating
29043,cover
29043,agents
27668,trough
27668,waterers
27668,shelters
27668,pasture
27668,cubicle
27668,cattle
27668,housing
27668,drinking
27668,bowls
27668,feed
27668,fence
27668,hoof
27668,trimming
27668,barriers
27668,partition
28621,vegetable
28621,protein
28621,feed
28621,compound
28621,plant
28621,straight
28621,energy
28621,supplements
28621,cattle
28621,fats
28621,oil
28485,veterinary
28485,sheep
28485,goat
28485,feed
28485,vaccination
28485,tierpflegegeräte
28485,tiergesundheit
28485,shearing
28485,grooming
28485,health
28485,automated
28485,feeder
28485,calf
28485,hoof
28485,trimming
28919,warehouses
28919,stores
28919,waste
28919,carcass
28919,disposal
28307,tierpflegegeräte
28307,tiergesundheit
28307,hoof
28307,trimming
28307,stands
28307,grooming
27705,sensors
27705,actuators
27705,ventilation
27705,animal
27705,housing
27705,fans
27615,cattle
27615,feed
27615,fence
27806,sensors
27806,recording
27806,feed
27806,water
27806,intake
27806,oestrus
27806,monitoring
27806,measuring
27806,body
27806,temperature
27806,birth
27806,activity
27806,rumination
27806,implants
27806,boluses
27806,calving
27892,floor
27892,mats
27892,cattle
27892,cubicle
27892,housing
27892,feed
27892,fence
28455,tube
28455,silo
28455,silage
28455,bag
28455,packaging
28455,films
29742,slurry
29742,additives
29742,tankers
29742,liquid
29742,manure
29742,acidification
29742,drains
28526,slatted
28526,floor
28526,pig
28526,cattle
28526,mats
28526,calf
28526,rearing
28526,housing
28526,huts
28526,flooring
28526,animal
28526,screeds
28202,parlour
28202,cleaning
28202,disinfecting
28202,sensors
28202,recording
28202,feed
28202,water
28202,intake
28202,sperm
28202,oestrus
28202,monitoring
28202,semen
28202,conservation
28202,rumination
28202,embryos
28202,insemination
28202,cattle
28202,breeding
28202,supplies
28202,dairy
28202,breed
28202,beef
28441,mobile
28441,loader
28441,front
28441,transport
28441,vehicle
28441,workshop
28785,water
28785,treatment
28785,project
28785,consultancy
28785,veterinary
28785,diagnostics
28785,consulting
28785,testing
28785,probiotics
28785,hygiene
28785,feed
28785,additives
28785,cleaning
28785,disinfection
28187,consulting
28187,office
28187,communication
28187,insemination
28187,cattle
28187,breeding
28187,supplies
28187,dairy
28187,breed
28187,animal
28187,beef
28187,management
28187,software
28187,apps
30504,vitamins
27895,machinery
27895,supplies
27895,cellular
27895,agriculture
27493,milking
27493,parlours
27493,sheep
27493,goat
27517,diet
27517,mixer
27517,feeder
27517,silo
27517,scales
27517,feed
27517,sensors
27517,accessory
27517,demand
27517,automated
27517,pig
27517,climate
27517,control
27327,silo
27327,filling
27327,accessory
27327,feed
27327,conveyors
27327,moist
27327,cereal
27327,hay
27327,auger
27327,feedstuff
27951,heat
27951,recycling
27951,warm
27951,air
27951,ventilation
27951,animal
27951,housing
27951,fans
27951,energy
27951,generation
27951,exchangers
27951,heating
27951,climate
27951,control
27951,heaters
27951,dehumidifiers
28813,veterinary
28174,raw
28174,premixes
28174,compound
28174,poultry
28174,feed
28174,pig
28174,amino
28174,acids
28814,veterinary
28814,vaccines
28359,sperm
28359,sensors
28359,recording
28359,feed
28359,water
28359,intake
28359,oestrus
28359,monitoring
28359,birth
28359,activity
28359,embryos
28359,rumination
28359,calving
28359,supplements
28359,cattle
28359,breeding
28359,supplies
28359,dairy
28359,breed
28359,beef
27576,quality
27576,control
27989,compound
27989,feed
27989,cattle
28497,breeding
28497,programme
28497,aspects
28497,cattle
28497,supplies
28497,animal
27701,milk
27701,container
27701,cooling
27701,milking
27701,parlours
27701,tank
27701,rotary
27701,sheep
27701,goat
27701,machine
27701,herringbone
27183,exhaust
27183,control
27681,herringbone
27681,milking
27681,parlours
27606,feed
27606,supplements
28505,amino
28505,acids
27526,slow
27526,feeder
27526,feed
27526,sensors
27526,automated
27526,control
28740,slow
28740,feeder
28740,pig
28740,feed
28740,sensors
28740,automated
28087,heating
28087,heaters
28623,egg
28623,treatment
28623,processing
28623,machine
28623,packing
28623,graders
28623,conveyors
28623,collecting
28623,tables
27839,scheduling
27839,quality
27839,management
27839,controlling
27839,sperm
27839,consulting
27839,pig
27839,construction
27839,consultancy
27839,project
27839,breeding
27839,supplies
27651,premixes
27651,mineral
27651,feed
27651,milk
27651,replacer
27651,milling
27651,mixing
27651,stationary
27651,horse
27651,supplements
27651,compound
27651,pig
27651,cattle
27661,aspects
27661,management
27661,consulting
27661,milling
27661,mixing
27661,metering
27661,feed
27661,consultancy
27998,veterinary
27998,sensors
27998,oestrus
27998,monitoring
27998,software
27998,cloud
27998,scales
27998,activity
27998,milk
27998,metering
27998,analysis
27998,livestock
27998,rumination
27998,calving
27998,cattle
27998,management
27998,apps
31491,calving
31491,sensors
31491,management
31491,software
31491,cctv
31491,computer
31491,application
31491,birth
31491,monitoring
31491,arificial
31491,intelligence
27465,traceability
27465,software
27465,cloud
27465,applications
27465,management
27465,accounting
27465,apps
28565,milk
28565,filters
28565,sensors
28565,oestrus
28565,monitoring
28565,rfid
28565,transponder
28565,readers
28565,ear
28565,tags
28565,pliers
28565,feeder
28565,breeding
28565,programme
28565,aspects
28565,lab
28565,supplies
28565,management
28565,software
28565,dairy
28565,cattle
28565,breed
28565,feed
28565,mixer
28565,beef
28565,apps
28940,biogas
28940,production
28940,exhaust
28940,control
28940,metrology
28940,gas
28940,holders
28940,cleaning
28940,roofing
28940,building
28940,structures
28899,exhaust
28899,gas
28899,cleaning
28899,control
28899,catalytic
28899,converters
28899,catalysts
28899,energy
27864,veterinary
27864,ultrasonic
27864,reproduction
27864,instruments
27864,supplies
27864,grooming
27864,health
27864,hoof
27864,trimming
27864,insemination
27864,cattle
27864,breeding
27864,calving
27864,crutches
27864,animal
27864,dehorning
27864,calf
28718,straight
28718,feed
28718,organic
28718,farming
28718,mineral
28718,licking
28718,block
27920,sheep
27920,goat
27920,feed
27920,cattle
27920,feeder
27920,carts
27920,manure
27920,slurry
27920,automated
27920,calf
27920,cleaning
27920,disinfection
27920,collection
27920,robots
27729,veterinary
27729,hoof
27729,trimming
27354,animal
27354,feed
27354,additives
27354,premixes
27354,silage
27354,piglet
27354,rearing
27354,compound
27354,milk
27354,replacer
27354,supplements
27354,complete
31721,egg
31721,packaging
27617,premixes
27617,silage
27617,additives
27617,water
27617,treatment
27617,preservatives
27617,phytogenic
27617,feed
27617,mycotoxin
27617,binders
27617,supplements
27617,flavourings
27617,emulsifiers
27617,stabilizers
27617,thickeners
27617,gelling
27617,agents
27199,piglet
27199,heating
27199,lamps
27627,automatic
27627,milking
29042,biogas
29042,production
29042,gas
29042,cleaning
28352,aspects
28352,management
28352,consulting
28352,bedding
28352,feed
28352,consultancy
28352,powder
28352,mycotoxin
28352,binders
28352,cleaning
28352,disinfection
28393,vocational
28393,schools
28393,trainig
28393,centers
28393,training
28393,education
28393,misc
28393,construction
28393,consultancy
28393,planning
28393,issues
28560,vitamins
28560,pig
28560,feed
28560,additives
28560,enzymes
28560,chicks
28560,amino
28560,acids
28032,waste
28032,air
28032,treatment
28032,cleaning
28032,warm
28032,heat
28032,recycling
28032,installations
28032,ventilation
28032,animal
28032,housing
28032,egg
28032,packing
28032,machine
28032,heating
28032,graders
28032,fans
28032,emergency
28032,power
28032,generators
28032,cooling
28032,climate
28032,control
28032,alarm
28115,incubators
28115,poultry
28115,feed
28115,pluckers
28115,nipple
28115,waterers
28115,laying
28115,nests
28115,heaters
28115,crushing
28115,mills
27236,sperm
27236,embryos
27236,dairy
27236,cattle
27236,breed
27236,beef
28114,sperm
28114,embryos
28114,dairy
28114,cattle
28114,breed
28114,beef
28047,hoof
28047,trimming
27296,telehandlers
27282,hygiene
27282,locks
27282,feed
27282,additives
28768,weighbridges
28768,weighing
28768,rod
28768,feed
28768,mixing
28768,carts
28768,silo
28768,scales
28768,livestock
28768,bagging
28768,hygrometers
28768,cattle
28768,management
28768,software
28768,apps
27744,vitamins
27744,premixes
27744,trace
27744,elements
27744,mineral
27744,feed
27744,probiotics
27744,licking
27744,block
27744,phytogenic
27744,additives
27744,mycotoxin
27744,binders
27744,amino
27744,acids
31488,office
31488,communication
32084,personal
32084,safety
32084,occupational
32084,health
32084,protection
32084,aid
32084,supplies
32084,accident
32084,prevention
32084,functional
27645,sensors
27645,actuators
27645,software
27645,cloud
27645,electronic
27645,control
27645,units
27645,ecu
27645,feed
27645,scales
27645,management
27645,agricultural
27645,machinery
27645,electronics
27645,dairy
27645,cattle
27645,breed
27645,internet
27645,iot
27645,animal
27645,breeding
27645,analysis
27645,accounting
27645,apps
30697,cattle
30697,housing
30697,pig
28281,insecticides
28416,raw
31849,vitamins
31849,silage
31849,additives
31849,trace
31849,elements
31849,feed
31849,amino
31849,acids
27468,vitamins
27468,probiotics
27468,feed
27468,additives
27468,enzymes
31752,spotlights
30767,expert
30767,stages
27255,animal
27255,care
27255,agents
27255,vitamins
27255,vaccines
27255,veterinary
27255,medicine
27255,feed
27255,additives
27255,enzymes
27387,veterinary
27387,vaccines
27387,medicine
27427,vitamins
27427,feed
27427,additives
27427,enzymes
27429,ultrasonic
27429,slatted
27429,floor
27429,pig
27429,piglet
27429,heating
27429,lamps
27429,ear
27429,tags
27429,pliers
27429,breeding
27429,supplies
27429,drinking
27429,bowls
27429,insemination
27429,mats
27429,animal
27429,housing
27429,screeds
27443,slatted
27443,floor
27443,cattle
27443,mats
27443,ear
27443,tags
27443,pliers
27443,housing
27443,electric
27443,fence
27443,bucket
27443,milking
27443,hoof
27443,stands
27490,trace
27490,elements
27490,probiotics
27490,feed
27490,additives
27490,enzymes
27537,premixes
27537,compound
27537,feed
27537,mineral
27647,probiotics
27647,feed
27647,additives
27647,phosphates
27647,fats
27647,oil
27647,amino
27647,acids
27727,premixes
27727,vitamins
27727,feed
27727,additives
27727,enzymes
27727,amino
27727,acids
30770,aspects
30770,management
30770,consulting
30770,trade
30770,fairs
30770,exhibitions
30770,construction
30770,planning
30770,design
31751,research
31751,science
30766,spotlights
30766,exhaust
30766,control
30761,spezielle
30761,maschinen
30761,und
30761,zubehör
30761,für
30761,insektenzucht
30761,haltung
30761,food
30761,feed
30761,preparation
30761,press
30761,shovels
30761,forks
30761,choppers
30761,conveyors
30761,briquetting
30761,clamping
30761,storage
30761,forage
30761,dryers
30761,feedstuff
30761,silo
29025,spotlights
29025,misc
29025,segment
29025,hydroponics
29025,aeroponics
29025,aquaponics
29025,insect
29025,production
29025,feed
29025,supplies
29025,algae
29025,processing
29025,aquaculture
30764,spotlights
28803,power
28803,storage
28803,energy
28803,battery
30769,sperm
30769,aspects
30769,management
30769,consulting
30769,sheep
30769,excl
30769,live
30769,rams
30769,associations
30769,breeding
30769,programme
30769,embryos
30769,goat
30769,insemination
30769,consultancy
30769,dairy
30769,cattle
30769,breed
30769,beef
33079,farm
33079,inputs
33079,consumables
33079,exhaust
33079,control
33079,cleaning
33079,farming
33079,testing
33079,associations
33174,bedding
27531,grooming
27531,health
28024,premixes
28024,compound
28024,feed
28024,preservatives
28024,phytogenic
28024,licking
28024,block
28024,additives
28024,supplements
28024,flavourings
28024,poultry
28024,organic
28024,farming
28024,pig
28024,cattle
28611,pig
28611,feed
28611,automated
28611,feeder
28938,seeds
28938,energy
28938,crop
28938,biogas
28938,consulting
28938,drills
28938,planters
31875,vegetable
31875,protein
31875,feed
31875,trace
31875,elements
31875,phytogenic
31875,additives
31875,amino
31875,acids
27775,veterinary
27775,vaccines
27775,medicine
28431,waste
28431,air
28431,treatment
28431,cleaning
28431,substrate
28431,dryers
28431,dung
28431,processing
28431,machine
28431,dust
28431,separators
27974,poultry
27974,housing
27974,pullets
27974,vaccination
27974,pig
27974,medicine
27974,software
27974,applications
27974,breeding
27974,supplies
27974,dispensers
27974,dosing
27974,chicks
27974,broilers
27503,phytogenic
27503,feed
27503,additives
27503,supplements
27503,flavourings
27877,premixes
27877,silage
27877,additives
27877,pig
27877,mineral
27877,feed
27877,milk
27877,replacer
27877,preservatives
27877,mycotoxin
27877,binders
27877,supplements
27877,compound
27877,poultry
27877,dairy
27877,cattle
27877,breed
27564,ultrasonic
27564,veterinary
27564,diagnostics
27564,animal
27564,breeding
27459,probiotics
27459,phytogenic
27459,feed
27459,additives
27459,mycotoxin
27459,binders
27459,supplements
27459,enzymes
27459,effective
27459,microotganisms
27952,surface
27952,aerators
27952,cattle
27952,housing
28805,consultancy
30500,sensors
30500,recording
30500,feed
30500,water
30500,intake
30500,oestrus
30500,monitoring
30500,measuring
30500,body
30500,temperature
30500,birth
30500,activity
30500,rumination
30500,implants
30500,boluses
30500,calving
27657,sheep
27657,goat
27657,housing
27657,management
27657,software
28232,pasture
28232,fence
28232,game
28232,fencing
28232,electric
28232,energizers
27792,stationary
27792,mucking
27792,piglet
27792,rearing
27792,slurry
27792,pumps
27792,cubicle
27792,housing
27792,cattle
27792,feed
27792,fence
27792,floor
27792,underfloor
27792,gate
27792,valves
27792,calf
27792,huts
27792,agitators
27792,finishing
27792,pig
27792,farrowing
27792,pens
27792,breeder
27792,sow
28029,piglet
28029,nurses
28029,liquid
28029,feeder
28029,demand
28029,automated
28029,pig
27909,silage
27909,additives
27909,feed
27292,bedding
29017,direct
29017,selling
32125,ultrasonic
32125,veterinary
32125,diagnostics
32125,vaccination
32125,ear
32125,tags
32125,pliers
32125,embryos
32125,insemination
32125,backfat
32125,measuring
28758,automatic
28758,milking
28758,testing
28758,control
28758,milk
28758,processing
28758,cheese
28758,dairy
28758,measuring
28758,metering
28758,analysis
28758,management
28758,software
28758,cattle
28758,apps
27524,silage
27524,additives
27524,preservatives
27524,feed
28726,cubicle
28726,housing
28726,cattle
28726,feed
28726,fence
28726,calf
28726,rearing
28726,huts
27422,animal
27422,housing
27422,floor
27422,screeds
28481,silage
28481,clamp
28481,cover
28770,slurry
28770,tankers
28770,filling
28489,feed
28489,additives
28489,supplements
28489,enzymes
28489,emulsifiers
28489,stabilizers
28489,thickeners
28489,gelling
28489,agents
28489,fats
28489,oil
29013,waste
29013,management
29013,energy
29013,sector
29013,turnkey
29013,plant
29013,special
29013,gas
29013,sewages
29013,pits
29013,depots
29013,treatment
29013,crops
29013,biogas
29013,solid
29013,biofuels
29013,manure
29013,slurry
29013,storage
29013,deodorising
29013,environmental
29013,assessment
29013,effective
29013,microotganisms
29013,biological
29013,water
31871,vitamins
31871,premixes
31871,trace
31871,elements
31871,enzymes
31871,feed
31871,phosphates
31871,colourants
31871,amino
31871,acids
28329,vegetable
28329,protein
28329,feed
28329,producer
28329,straight
28329,organic
28329,farming
28329,management
28329,consultancy
28599,raw
28599,building
28599,roofing
28599,insulating
28599,ceiling
28599,partition
28540,silage
28540,clamp
28540,cover
28540,bag
28540,silo
28540,accessory
28540,pits
28540,construction
28540,hay
27589,waste
27589,air
27589,ducts
27589,exhaust
27589,shafts
28440,temperature
28440,sensors
28440,actuators
28440,metrology
28440,oil
28440,measuring
28440,heating
28440,ventilation
28440,climate
28440,control
28440,activity
28440,monitoring
28440,animal
28440,housing
28440,co2
28440,nh3
27336,vitamins
27336,preservatives
27336,detergents
27336,feed
27336,additives
27336,mycotoxin
27336,binders
27336,hydrolysed
27336,protein
27336,animal
27336,origin
27336,fish
27336,fats
27336,oil
29039,scheduling
29039,quality
29039,management
29039,controlling
29039,process
29039,traceability
29039,documentation
29039,control
29039,automation
29039,assurance
28033,milling
28033,mixing
28033,metering
28033,stationary
28033,cereal
28033,crushers
27880,direct
27880,selling
27880,milk
27880,vending
27880,machine
27880,food
28271,direct
28271,selling
28271,poultry
28271,housing
28271,einstreumaterialien
28271,egg
28271,packaging
28271,feed
28271,supplements
28271,compound
28271,complete
27912,animal
27912,care
27912,agents
27912,milk
27912,filters
27912,milking
27912,grease
27912,veterinary
27912,medicine
27912,disinfectants
27912,detergents
28217,calf
28217,rearing
28217,housing
30539,direct
30539,selling
30702,poultry
30702,feed
27563,vitamins
27563,veterinary
27563,probiotics
27563,feed
27563,supplements
27725,stationary
27725,mucking
27725,slurry
27725,removal
27725,milk
27725,cooling
27725,cubicle
27725,housing
27725,cattle
27725,building
27725,structures
27725,milking
27725,machine
27725,calf
27725,rearing
27725,doors
27725,gate
28200,milk
28200,replacer
28986,gas
28986,cleaning
28125,sheep
28125,goat
28125,feed
28125,automated
28125,feeder
28125,calf
32546,temperature
32546,sensors
32546,actuators
32546,heating
32546,ventilation
32546,climate
32546,control
32546,automated
32546,feeder
32546,measuring
32546,animal
32546,housing
32546,co2
32546,nh3
32546,automation
32546,und
32546,digitalisation
28950,biogas
28950,production
28950,turnkey
28950,plant
28999,biogas
28999,production
28999,energy
28999,management
28999,consultancy
28999,consulting
28972,project
28972,development
28972,energy
28972,sector
28972,storage
28972,photovoltaics
29024,transfer
29024,stations
29024,district
29024,heating
29024,pipe
29024,heat
29024,meters
29024,exchangers
29024,fittings
29024,local
27209,bucket
27209,milking
28992,biogas
28992,production
28992,gas
28992,engines
28992,dual
28992,fuel
28992,diesel
28992,chp
28992,cogeneration
28992,power
28992,stations
27488,poultry
27488,housing
27488,pig
27981,mycotoxin
27981,binders
28977,biogas
28977,production
28977,wet
28977,fermentation
28977,turnkey
28977,plant
28977,substrate
28977,conditioning
28977,pumps
28977,gas
28977,drying
28977,fermenter
28977,compressors
28977,cleaning
28977,dosing
28977,agitators
28977,chp
28977,cogeneration
28977,power
28977,stations
27435,veterinary
27435,tattooing
27435,implements
27435,forceps
27435,misc
27435,animal
27435,identification
27435,shearing
27435,reproduction
27435,instruments
27435,supplies
27435,ear
27435,tags
27435,pliers
27435,personal
27435,protective
27435,hoof
27435,trimming
27435,grooming
27435,calving
27435,crutches
27435,breeding
27435,dehorning
27435,calf
27173,societies
27173,clubs
27173,organisations
27173,information
27173,stands
27173,aspects
27173,associations
27173,media
28948,biogas
28948,production
28948,chp
28948,cogeneration
28948,power
28948,stations
28418,floor
28418,mats
28418,cattle
28418,building
28418,cubicle
28418,turnkey
28418,project
28418,farming
28418,housing
28418,fans
28418,cooling
28418,animal
28418,breeding
28418,air
28418,conditioning
28483,waste
28483,container
28483,cattle
28483,housing
28483,pig
28483,feeder
28483,cooling
29055,heating
29055,ventilation
29055,climate
29055,control
29055,heaters
27348,animal
27348,feed
27348,additives
27348,silage
27348,amino
27348,acids
27692,straw
27692,bedding
27692,machine
27692,silage
27692,cutters
27692,feeder
28879,biogas
28879,production
27628,slurry
27628,removal
27628,manure
27628,cleaning
27628,collection
27628,robots
28348,poultry
28348,housing
28348,animal
28348,care
28348,agents
28348,feed
28348,detergents
28348,breeding
28348,supplies
28348,pig
28348,floor
28348,mats
28348,cattle
28310,vegetable
28310,protein
28310,feed
28310,straight
28310,organic
28310,farming
28310,plant
28310,energy
28310,mineral
28310,supplements
28310,fats
28310,oil
27404,premixes
27404,vitamins
27404,trace
27404,elements
27404,mineral
27404,feed
27404,probiotics
27404,preservatives
27404,mycotoxin
27404,binders
27404,supplements
27404,enzymes
27404,emulsifiers
27404,stabilizers
27404,thickeners
27404,gelling
27404,agents
27404,anticaking
27404,amino
27404,acids
32874,lab
32874,analysis
32874,testing
28326,software
28326,cloud
28326,dairy
28326,cattle
28326,breed
28326,management
28326,apps
28326,analysis
28747,sperm
28747,embryos
28747,insemination
28747,dairy
28747,cattle
28747,breed
28747,beef
28907,substrate
28907,separators
28007,amino
28007,acids
27992,poultry
27992,feed
27992,piglet
27992,rearing
27992,plant
27992,protein
27991,slurry
27991,removal
27991,pumps
27991,dung
27991,processing
27991,machine
27991,manure
27913,tower
27913,silo
27913,storage
27913,tank
27913,clamping
27913,feed
27913,moist
27913,cereal
27913,hay
27913,auger
27913,conveyors
27913,feedstuff
27913,ccm
27913,removal
28443,water
28443,treatment
28443,additives
28443,silage
28443,feed
28443,animals
28443,analysis
28443,compound
28443,mineral
28443,control
28443,supplements
28443,analyzing
28443,complete
29005,biogas
29005,production
29005,wind
29005,turbines
29005,project
29005,development
29005,energy
29005,sector
29005,technical
29005,management
29005,servicing
29005,electricity
29005,retail
29005,marketing
29005,commercial
27986,poultry
27986,housing
27986,ventilation
27986,storage
27986,animal
27986,chilling
27986,climate
27986,heating
27986,control
27986,pig
27986,humidifiers
27986,fans
28765,mineral
28765,feed
28765,phosphates
27446,slatted
27446,floor
27446,cattle
27446,mats
27446,warehouse
27446,cubicle
27446,housing
27446,feed
27446,fence
27446,horse
27446,stables
27446,flooring
27446,doors
27446,gate
27446,barriers
27446,partition
27446,animal
27446,screeds
31397,probiotics
31397,enzymes
31397,amino
31397,acids
27994,vitamins
27994,probiotics
27994,feed
27994,control
27994,additives
27994,effective
27994,microotganisms
27994,anticaking
27994,agents
27994,amino
27994,acids
28270,slatted
28270,floor
28270,pig
28270,piglet
28270,rearing
28270,nests
28270,housing
28270,outdoor
28270,farming
28270,mats
28270,finishing
28270,farrowing
28270,pens
28270,breeder
28270,sow
28278,windows
28278,doors
28278,structures
28278,elements
28278,roofing
28278,flooring
28278,gate
28278,ceiling
28278,partition
27175,pig
27175,feed
27175,liquid
27175,feeder
27175,housing
27175,sensors
28936,biogas
28936,production
28936,direct
28936,selling
28936,hydropower
28936,photovoltaics
28936,electricity
28936,retail
28936,marketing
27703,premixes
27703,compound
27703,feed
27703,supplements
27703,poultry
27703,pig
27703,cattle
27849,slurry
27849,digestate
27849,transport
27849,manure
27849,spreading
31425,gas
31425,cleaning
31425,biogas
31425,production
28514,premixes
28514,aspects
28514,associations
28514,media
28514,mineral
28514,feed
28514,additives
28514,supplements
28514,complete
27559,veterinary
28873,gas
28873,warning
28873,analysis
28315,feed
28315,additives
27231,manure
27231,processing
27231,substrate
27231,separators
27231,dung
27231,pumps
27231,fermentation
27231,bedding
27231,conveyors
27231,agitators
28183,milk
28183,container
28183,cooling
28183,tank
28183,milking
28183,machine
30531,colleges
30531,universities
27782,pipe
27782,chicken
27782,feeder
27782,poultry
27782,feed
27782,ground
27782,conveyors
27782,chain
27782,automated
27782,cattle
27782,housing
27782,calf
27782,fish
27782,control
27782,pig
27243,feed
27243,supplements
27546,feedstuff
27546,silo
28769,substrate
28769,separators
28769,slurry
28769,pumps
28769,agitators
27222,telehandlers
27222,cattle
27222,feeder
27222,mixer
27222,trailed
27222,propelled
27222,diet
30176,vitamins
30176,probiotics
27345,grooming
27345,health
27187,vitamins
27187,probiotics
27187,phytogenic
27187,feed
27187,additives
27187,mycotoxin
27187,binders
27187,enzymes
27360,testing
27360,control
27360,sensors
27360,actuators
27360,pasture
27360,fence
27360,electronic
27360,farm
27360,management
27360,game
27360,fencing
27360,electric
27360,energizers
27360,batteries
27360,agricultural
27360,machinery
27360,electronics
33075,sow
33075,management
33075,software
33075,apps
33075,cloud
33075,food
33075,chain
33075,cattle
28034,premixes
28034,mineral
28034,feed
28034,supplements
28034,compound
28034,cattle
28438,poultry
28438,housing
28438,cage
28438,aviaries
27186,operating
27186,phase
31879,premixes
31879,equine
31879,feed
31879,fence
31879,probiotics
31879,fish
31879,supplements
31879,enzymes
31879,complete
28739,premixes
28739,piglet
28739,rearing
28739,feed
28739,mineral
28739,milk
28739,replacer
28739,supplements
28739,compound
28739,pig
28739,cattle
27851,weighing
27851,rod
27851,feed
27851,mixing
27851,carts
27851,silo
27851,distributors
27851,cattle
27851,feeder
27851,mixer
27851,trailed
27851,propelled
28067,vitamins
28067,probiotics
28067,flavourings
28067,emulsifiers
28067,stabilizers
28067,thickeners
28067,gelling
28067,agents
28067,colourants
28067,amino
28067,acids
31826,vegetable
31826,protein
31826,feed
31826,poultry
31826,piglet
31826,rearing
31826,plant
28502,complete
28502,feed
27521,parlour
27521,cleaning
27521,disinfecting
27751,silage
27751,additives
27751,vitamins
27751,trace
27751,elements
27751,probiotics
27751,preservatives
27751,feed
27751,flavourings
27751,enzymes
27751,emulsifiers
27751,stabilizers
27751,thickeners
27751,gelling
27751,agents
27751,colourants
27751,amino
27751,acids
28287,floor
28287,mats
28287,cattle
28287,horse
28287,pig
28287,flooring
28287,animal
28287,housing
28287,screeds
29012,gas
29012,cleaning
29012,waste
29012,treatment
29012,water
29012,substrate
29012,conditioners
29012,conditioning
29012,sludge
29012,dosing
32312,sonstige
32312,bereichsübergreifende
32312,technik
32312,für
32312,inhouse
32312,farming
27956,vitamins
27956,silage
27956,additives
27956,preservatives
27956,phytogenic
27956,feed
27956,mycotoxin
27956,binders
27956,flavourings
27956,emulsifiers
27956,stabilizers
27956,thickeners
27956,gelling
27956,agents
27956,anticaking
28088,premixes
28088,piglet
28088,rearing
28088,feed
28088,milk
28088,replacer
28088,supplements
28088,compound
28088,pig
28088,cattle
31302,vegetable
31302,protein
31302,feed
31302,poultry
31302,compound
28106,milk
28106,container
28106,cooling
28106,tank
28532,farmyard
28532,loader
28532,wheeled
28532,stationary
28532,auto
28532,feeder
28532,incl
28532,robotic
28532,diet
28532,mixer
32939,research
32939,science
32939,institutes
32939,innovations
32939,agriculture
32939,sector
28156,premixes
28156,silage
28156,additives
28156,pig
28156,layers
28156,mycotoxin
28156,binders
28156,enzymes
28156,dairy
28156,cattle
28156,breed
27478,cattle
27478,housing
27478,grooming
27478,health
28283,pesticides
28283,veterinary
28283,premixes
28283,vitamins
28283,animal
28283,feed
28283,additives
28283,insecticides
28283,silage
28283,compound
28283,amino
28283,acids
28283,farm
28283,inputs
28283,consumables
28856,energy
28856,crop
28856,biogas
27581,farmyard
27581,loader
27581,slurry
27581,tankers
27581,digestate
27581,transport
27581,manure
27581,spreaders
27581,spreading
27194,slow
27194,feeder
27194,transponder
27194,laying
27194,nests
27194,feed
27194,sensors
27194,pig
27194,housing
27194,humidifiers
27194,animal
27194,fans
27194,floor
27194,grates
27194,cooling
27194,farrowing
27194,pens
27194,climate
27194,control
27840,vitamins
27840,amino
27840,acids
28943,trade
28943,magazines
28943,organisations
28943,press
28943,consulting
28943,technical
28943,books
28943,publishers
28943,energy
28943,sector
32945,research
32945,science
32945,institutes
32945,innovations
32945,agriculture
32945,sector
27949,slurry
27949,removal
29842,pasture
29842,fence
29842,electric
29842,energizers
29842,batteries
28059,vitamins
28059,colourants
28059,amino
28059,acids
28214,research
28214,science
28214,institutes
28214,innovations
28214,agriculture
28214,sector
32879,research
32879,science
32879,institutes
32879,innovations
32879,agriculture
32879,sector
27385,automated
27385,feeder
27385,calf
28060,mineral
28060,feed
28060,phosphates
27654,trace
27654,elements
27654,feed
27654,additives
27826,ultrasonic
27826,semen
27826,packaging
27826,transportation
27826,conservation
27826,probiotics
27826,reproduction
27826,instruments
27826,supplies
27826,pig
27826,breeding
27826,lab
27826,insemination
27826,enzymes
27826,animal
28021,animal
28021,feed
28021,additives
28021,silage
28021,phytogenic
28021,mycotoxin
28021,binders
28021,flavourings
28021,colourants
31854,animal
31854,feed
31854,additives
31854,veterinary
31854,silage
31854,vaccines
31854,farm
31854,inputs
31854,consumables
28582,management
28582,premixes
28582,piglet
28582,rearing
28582,feed
28582,compound
28582,mineral
28582,probiotics
28582,consultancy
28582,phytogenic
28582,supplements
28582,pig
28582,complete
28582,amino
28582,acids
28407,transponder
28407,feeder
28407,trough
28407,waterers
28407,stationary
28407,auto
28407,incl
28407,robotic
28407,ventilation
28407,animal
28407,housing
28407,cubicle
28407,cattle
28407,fans
28407,flooring
28407,barriers
28407,partition
28407,floor
28407,screeds
27814,milk
27814,replacer
27774,slurry
27774,pumps
27774,liquid
27774,manure
27774,drains
27774,agitators
27769,process
27769,management
27769,documentation
27769,energy
27769,data
27769,control
27769,storage
27769,tank
27769,closed
27769,loop
27769,pelleting
27769,press
27769,elevators
27769,feed
27769,mixer
27769,compound
27769,feedstuff
27769,silo
27769,cereal
29019,direct
29019,selling
29019,management
29019,software
29019,food
29019,chain
29019,apps
29019,accounting
27666,hay
27666,ventilators
27666,grain
27666,silo
27666,accessory
27666,heaters
27666,preserving
27666,moist
27666,cereal
27666,clamping
27666,feed
27666,storage
27666,cooling
27666,forage
27666,dryers
27666,feedstuff
27781,pasture
27781,fence
27781,waterers
27781,game
27781,grooming
27781,health
27781,fencing
27781,electric
27781,hygrometers
27781,energizers
27781,hoof
27781,trimming
27781,batteries
28961,biogas
28961,production
28961,manure
28961,processing
28961,substrate
28961,separators
28961,conditioning
28961,slurry
28961,pumps
28961,agitators
29065,turnkey
29065,plant
29065,solid
29065,biofuels
29065,district
29065,heating
29065,stations
29065,local
28160,animal
28160,care
28160,agents
28160,piglet
28160,rearing
28160,feed
28160,additives
28160,supplements
28111,animal
28111,feed
28111,additives
28111,silage
28111,amino
28111,acids
27312,poultry
27312,housing
27312,heating
27312,ventilation
27312,climate
27312,control
27312,pressure
27312,washers
27312,indoor
27312,cattle
27312,pig
27312,humidifiers
27312,animal
27312,disinfection
27312,cleaning
27312,sprayers
27312,fittings
27312,cooling
29058,milk
29058,container
29058,cooling
29058,special
29058,machinery
29058,aquaculture
29058,humidifiers
29058,animal
29058,housing
29058,construction
29058,planning
29058,design
29058,consulting
29058,cleaning
29058,disinfection
31888,vitamins
31888,trace
31888,elements
31888,preservatives
31888,feed
31888,additives
31888,emulsifiers
31888,stabilizers
31888,thickeners
31888,gelling
31888,agents
31888,anticaking
28530,vitamins
28530,premixes
28530,pesticides
28530,mineral
28530,feed
28530,seeds
28530,fertilizers
28530,plant
28530,protection
28530,growth
28530,regulators
28530,additives
28530,anticaking
28530,agents
28530,amino
28530,acids
27630,tandem
27630,milking
27630,parlours
27630,automatic
27630,rotary
27630,pipeline
27630,sheep
27630,goat
27630,machine
27630,herringbone
27630,bucket
27287,hygiene
32081,vitamins
32081,probiotics
32081,feed
32081,additives
32081,enzymes
32081,amino
32081,acids
28291,windows
28291,doors
28291,windbreak
28291,ventilation
28291,waste
28291,air
28291,ducts
28291,exhaust
28291,shafts
28291,ceiling
28291,partition
28291,barriers
27958,pesticides
27958,testing
27958,control
27958,rfid
27958,transponder
27958,readers
27958,misc
27958,animal
27958,identification
27958,pasture
27958,game
27958,fence
27958,scales
27958,fencing
27958,electric
27958,energizers
27958,batteries
27958,fish
27958,cage
32313,sow
32313,management
32313,software
32313,apps
32313,sensors
32313,recording
32313,feed
32313,water
32313,intake
32313,service
32313,saas
32313,cloud
32313,process
32313,controllers
32313,activity
32313,monitoring
32313,automated
32313,pig
32313,feeder
32313,cctv
32313,web
29844,gas
29844,feed
29844,biogas
29844,production
29844,engine
29844,conversion
29844,turnkey
29844,plant
29844,compressors
29844,engines
29844,energy
29844,management
29844,cogeneration
29844,photovoltaic
29844,dual
29844,fuel
29844,chp
29844,power
29844,stations
27815,poultry
27815,housing
27815,trough
27815,waterers
27815,sheep
27815,goat
27815,feed
27815,ground
27815,feeder
27815,mobile
27815,laying
27815,nests
27815,free
27815,range
27815,drinking
27815,bowls
27815,aviaries
27530,automated
27530,pig
27530,feeder
31860,spices
31860,additives
31860,adjuvants
31860,feed
28150,semen
28150,packaging
28150,transportation
28150,conservation
28150,reproduction
28150,instruments
28150,supplies
28150,pig
28150,breeding
28150,lab
28150,insemination
28150,animal
28554,straw
28554,pellets
28554,wood
28554,hammer
28554,mills
28554,pelleting
28554,press
28397,veterinary
28397,reproduction
28397,instruments
28397,supplies
28397,measuring
28397,grooming
28397,health
28397,medicine
28397,dispensers
28082,sperm
28082,reproduction
28082,instruments
28082,supplies
28082,embryos
28082,insemination
28082,dairy
28082,cattle
28082,breed
28082,beef
28082,animal
28082,breeding
31390,effective
31390,microotganisms
27732,reproduction
27732,instruments
27732,supplies
32547,management
32547,sensors
32547,recording
32547,feed
32547,water
32547,intake
32547,sperm
32547,activity
32547,monitoring
32547,rumination
32547,embryos
32547,computer
32547,application
32547,cattle
32547,breeding
32547,supplies
32547,dairy
32547,breed
32547,business
32547,administration
32547,consultancy
32547,beef
27822,veterinary
27822,farm
27822,inputs
27822,consumables
27822,vaccination
27822,animal
27822,markers
27822,injection
27822,anaesthesia
27822,piglet
27919,lab
27919,testing
27919,analysis
27919,quality
27919,control
33081,turnkey
33081,project
33081,pig
33081,farming
33081,cattle
33081,construction
33081,consultancy
33081,management
33081,heating
33081,planning
33081,design
33081,consulting
33081,finishing
33081,housing
33081,cooling
33081,breeder
33081,sow
33081,climate
33081,control
33081,animal
27954,premixes
27954,silage
27954,additives
27954,bedding
27954,feed
27954,powder
27954,mycotoxin
27954,binders
27954,supplements
27954,emulsifiers
27954,stabilizers
27954,thickeners
27954,gelling
27954,agents
27954,anticaking
27739,research
27739,science
27739,institutes
27739,colleges
27739,universities
28268,processed
28268,animal
28268,protein
28268,hydrolysed
28268,origin
28268,feed
28268,fats
28268,oil
28268,blood
28317,sperm
28317,pig
28317,insemination
28210,floor
28210,mats
28210,cattle
28210,cubicle
28210,housing
28210,feed
28210,fence
28210,calf
28210,huts
28210,beef
31820,pig
27906,trough
27906,mangers
27906,milk
27906,cans
27906,advertising
28084,slatted
28084,floor
28084,cattle
28084,mats
28084,animal
28084,housing
28084,structures
28084,elements
28084,cubicle
28084,building
28084,horse
28084,beef
28084,flooring
28084,screeds
28909,certification
28909,processes
28909,energy
28909,sector
29749,sperm
29749,ear
29749,tags
29749,pliers
29749,hygiene
29749,pig
29749,breeding
29749,supplies
29749,manipulable
28236,sperm
28236,semen
28236,packaging
28236,transportation
28236,embryos
28236,dairy
28236,cattle
28236,breed
28236,beef
28195,farmyard
28195,loader
28195,bale
28195,telehandlers
28195,wheeled
28195,animal
28195,housing
28195,telescopic
28195,wheel
27677,vitamins
27677,poultry
27677,feed
27677,diet
27677,mixer
27677,feeder
27677,animals
27677,pig
27677,preservatives
27677,additives
27677,anticaking
27677,agents
27677,amino
27677,acids
27740,recirculating
27740,surface
27740,aerators
27740,pond
27740,fish
27740,farm
27740,aeration
27740,oxygenation
28445,fans
27618,vaccination
27697,mineral
27697,feed
27697,phytogenic
27697,additives
27697,mycotoxin
27697,binders
27697,supplements
27904,feed
27904,preparation
27389,fish
27389,feed
27389,supplements
27389,fats
27389,oil
27639,mineral
27639,feed
27639,additives
27639,fish
27639,phosphates
27224,premixes
27196,trading
31862,veterinary
31862,vitamins
31862,trading
31862,transport
31862,solid
31862,biofuels
31862,trace
31862,elements
31862,logistics
31862,amino
31862,acids
28345,poultry
28345,housing
28345,turnkey
28345,project
28345,farming
28345,feed
28345,ground
28345,feeder
28345,mobile
28345,automated
28345,chicken
28345,laying
28345,nests
28345,indoor
28345,free
28345,range
28345,cage
28345,aviaries
31388,mineral
31388,feed
31388,additives
31388,supplements
31388,complete
28186,sperm
28186,embryo
28186,hatch
28186,fish
28186,egg
28186,trading
28186,marketing
28186,insemination
28186,dairy
28186,cattle
28186,breed
28186,breeding
28186,supplies
28186,beef
28586,vitamins
29008,bioenergy
29008,renewable
29008,energy
29008,software
28720,testing
28720,control
28720,measuring
28720,hygrometers
28720,feed
28720,analyzing
28720,analysis
28332,waste
28332,air
28332,treatment
28332,cleaning
28332,warm
28332,heat
28332,recycling
28332,installations
28332,poultry
28332,housing
28332,filters
28332,exchangers
28332,cattle
28332,pig
28332,cleaners
28332,heaters
28332,fans
28332,conditioning
28332,animal
28079,segment
28079,insect
28079,production
28079,feed
29031,biogas
29031,production
29031,direct
29031,selling
29031,financing
29031,claims
29031,settlement
29031,surveying
29031,energy
29031,management
29031,consultancy
29031,certification
29031,processes
29031,sector
29031,environmental
29031,assessment
29031,business
28922,gas
28922,feed
28922,filling
28922,stations
28922,lines
28922,conditioners
28922,pumps
28922,compressors
28922,holders
28922,cleaning
28922,fermenter
28922,heating
28922,cover
28922,agitators
32548,biogas
32548,production
32548,gas
32548,compressors
32548,cleaning
28258,research
28258,science
28258,pasture
28258,fence
28258,innovations
28258,agriculture
28258,sector
28258,fencing
31723,roofing
31723,lights
27423,feed
27423,additives
27423,emulsifiers
27423,stabilizers
27423,thickeners
27423,gelling
27423,agents
27683,premixes
27683,compound
27683,feed
27683,mineral
27683,phytogenic
27683,horse
27683,fish
27683,poultry
27683,organic
27683,farming
27683,pig
27683,cattle
29750,workwear
29750,occupational
29750,safety
29750,health
29750,protection
29750,aid
29750,supplies
32642,disinfection
32642,cleaning
32553,farm
32553,inputs
32553,consumables
32553,exhaust
32553,control
32553,bedding
32553,powder
27319,pig
27865,steeping
27865,plant
27865,cleaning
27865,animal
27865,housing
27865,processed
27865,protein
27865,disinfection
27865,sprayers
28116,protective
28116,clothing
28206,vegetable
28206,protein
28206,feed
28206,processed
28206,animal
28206,additives
28206,fish
28206,fats
28206,oil
27821,compound
27821,feed
27821,horse
27821,fish
27821,organic
27821,farming
27821,cattle
27821,complete
27852,feed
27852,additives
27852,emulsifiers
27852,stabilizers
27852,thickeners
27852,gelling
27852,agents
28457,animal
28457,feed
28457,additives
28457,silage
28457,preservatives
28457,phytogenic
28457,flavourings
28457,farm
28457,inputs
28457,consumables
27210,vitamins
27210,feed
27210,additives
27210,colourants
27918,trace
27918,elements
30699,vitamins
30699,emulsifiers
30699,stabilizers
30699,thickeners
30699,gelling
30699,agents
30699,colourants
28091,veterinary
28091,nipple
28091,waterers
28091,ear
28091,tags
28091,pliers
28091,pig
28091,breeding
28091,supplies
28091,insemination
28091,cattle
28091,injection
28091,anaesthesia
28091,piglet
32133,feed
32133,additives
32133,phosphates
31874,feed
31874,additives
27242,slatted
27242,floor
27242,cattle
27242,exhaust
27242,control
27242,mats
27242,cubicle
27242,housing
27242,indoor
27242,outdoor
27242,stalls
27242,horse
27242,walkers
27242,treadmills
27242,calf
27242,rearing
27242,beef
27242,flooring
30537,plant
30537,exhaust
30537,control
30537,filters
30537,energy
30537,storage
30537,heating
30537,ventilation
30537,climate
30537,recycling
30537,waste
30537,disposal
30537,activated
30537,carbon
30537,heaters
28276,spotlights
28384,slatted
28384,floor
28384,cattle
28384,mats
28384,structures
28384,elements
28384,housing
28384,feed
28384,fence
28384,calf
28384,rearing
28384,huts
28384,beef
28384,flooring
28384,animal
28384,screeds
28515,claims
28515,settlement
28515,surveying
27940,trough
27940,waterers
27940,animal
27940,transport
27940,vehicle
27940,parlour
27940,cleaning
27940,disinfecting
27940,pasture
27940,mangers
27940,scales
27940,livestock
27940,breeding
27977,piglet
27977,rearing
27977,feed
27977,compound
27977,fish
27977,supplements
27977,pig
27977,cattle
33078,waste
33078,air
33078,treatment
33078,cleaning
33078,exhaust
33078,control
33078,filters
33078,cleaners
27197,pasture
27197,fence
27197,paddocks
27197,game
27197,indoor
27197,outdoor
27197,stalls
27197,fencing
27197,floor
27197,mats
27197,horse
27197,attachment
27197,flooring
28917,biogas
28917,production
28917,ventilation
28917,solar
28917,panel
28917,assemblies
28917,power
28917,generating
28917,heating
28917,refrigerating
32645,tarpaulins
32645,windbreak
32645,silage
32645,clamp
32645,cover
32645,ventilation
32645,animal
32645,housing
32645,building
32645,structures
32645,construction
32645,multi
32645,purpose
32645,farm
27908,workwear
27908,occupational
27908,safety
27908,health
27908,protection
27908,aid
27908,supplies
27908,dust
28191,workwear
28191,occupational
28191,safety
28191,health
28191,protection
28191,aid
28191,workshop
27205,premixes
27205,mineral
27205,feed
27205,compound
27205,poultry
27205,pig
28238,cattle
28238,feeder
28238,turnkey
28238,project
28238,farming
28238,tierpflegegeräte
28238,tiergesundheit
28238,nipple
28238,waterers
28238,automated
28238,calf
28238,huts
28734,straw
28734,bedding
28734,machine
28734,diet
28734,mixer
28734,feeder
28815,veterinary
31848,vitamins
31848,feed
31848,additives
31848,emulsifiers
31848,stabilizers
31848,thickeners
31848,gelling
31848,agents
31848,amino
31848,acids
28428,veterinary
28428,premixes
28428,vegetable
28428,protein
28428,feed
28428,vitamins
28428,horse
28428,additives
28428,supplements
28428,emulsifiers
28428,stabilizers
28428,thickeners
28428,gelling
28428,agents
28428,colourants
28428,anticaking
28428,algae
28428,amino
28428,acids
27588,weighing
27588,scales
27588,livestock
27588,weighbridges
28460,hoof
28460,trimming
28460,grooming
27421,vegetable
27421,protein
27421,feed
28015,pasture
28015,fence
28015,electric
28015,energizers
27933,vitamins
28056,animal
28056,feed
28056,additives
28056,silage
28056,anticaking
28056,agents
28056,amino
28056,acids
28133,vitamins
28133,poultry
28133,feed
28133,cattle
28133,feeder
28133,pig
28133,probiotics
28133,management
28133,consultancy
28133,additives
28133,mycotoxin
28133,binders
28133,fish
28133,supplements
28133,enzymes
28862,power
28862,heat
28862,pipe
28862,district
28862,heating
28862,consultant
28862,engineers
28862,designers
28862,energy
28862,sector
28862,pumps
28862,storage
28862,stations
28862,local
28862,chp
28862,cogeneration
28364,slurry
28364,additives
28364,exhaust
28364,control
28364,water
28364,treatment
28364,compound
28364,feed
28364,pig
28364,bedding
28364,powder
28364,mycotoxin
28364,binders
28364,organic
28364,farming
28364,dairy
28364,cattle
28364,breed
28364,anticaking
28364,agents
28364,beef
28410,tandem
28410,milking
28410,parlours
28410,cattle
28410,feeder
28410,rotary
28410,herringbone
28289,biogas
28289,production
28289,process
28289,control
28289,milling
28289,mixing
28289,metering
28289,diet
28289,mixer
28289,feeder
28289,energy
28289,data
28289,management
28289,silage
28289,cutters
28289,clamping
28289,feed
28289,storage
28921,transfer
28921,stations
28921,district
28921,heating
28921,power
28921,heat
28921,pipe
28921,storage
28921,energy
28921,exchangers
28921,refrigerating
28921,gas
28921,engines
28921,industrial
28921,grate
28921,firing
28921,boilers
28921,burners
28921,chp
28921,cogeneration
28488,vegetable
28488,protein
28488,feed
28488,processed
28488,animal
28488,straight
28488,phytogenic
28488,pig
28488,breeding
28488,supplies
28488,energy
28488,lab
29060,solar
29060,panel
29060,heat
29060,pumps
29060,heating
28252,incubators
28252,hatchers
30530,science
30530,research
30530,energy
30530,sector
30530,training
30530,misc
30530,education
30530,innovations
30530,agriculture
30530,colleges
30530,universities
27254,straw
27254,bedding
27254,machine
27254,milling
27254,grinding
27254,mixing
27254,stationary
27254,mobile
28371,wheel
28336,piglet
28336,rearing
28336,feed
28336,mineral
28336,milk
28336,replacer
28336,supplements
28336,compound
28336,pig
28336,complete
27286,vitamins
27286,amino
27286,acids
28041,vaccination
28041,tierpflegegeräte
28041,tiergesundheit
28041,grooming
28041,health
28041,medicine
28041,dispensers
27217,raw
27217,piglet
27217,rearing
27217,feed
27217,pig
27217,additives
27217,fish
27217,dairy
27217,cattle
27217,breed
27217,chicks
27217,broilers
27217,amino
27217,acids
28556,poultry
28556,housing
28556,solid
28556,prefabricated
28556,building
28556,free
28556,range
28556,cage
30630,trough
30630,hay
30630,racks
30630,sheep
30630,goat
30630,housing
30630,automated
30630,feeder
30630,calf
30630,rearing
30630,farrowing
30630,pens
31853,veterinary
31852,vaccines
31852,veterinary
31852,medicine
31851,piglet
31851,rearing
31851,feed
31851,horse
31851,fish
31851,compound
31851,poultry
31851,pig
31851,cattle
32134,premixes
32134,trace
32134,elements
32134,mineral
32134,feed
32134,preservatives
32134,additives
32134,flavourings
32134,emulsifiers
32134,stabilizers
32134,thickeners
32134,gelling
32134,agents
32134,amino
32134,acids
28019,probiotics
28019,phytogenic
28019,feed
28019,additives
28019,effective
28019,microotganisms
28019,amino
28019,acids
31885,veterinary
31885,medicine
31876,premixes
31876,trace
31876,elements
31876,water
31876,treatment
31876,mineral
31876,feed
31876,additives
31876,compound
31876,organic
31876,farming
28458,pesticides
28458,vaccines
28458,medicine
28013,laying
28013,nests
28013,automated
28013,chicken
28013,feeder
28013,free
28013,range
27262,premixes
27262,vitamins
27262,straight
27262,feed
27262,organic
27262,farming
27262,mineral
27262,phytogenic
27262,energy
27262,mycotoxin
27262,binders
27262,supplements
27262,anticaking
27262,agents
27262,algae
28931,biogas
28931,production
28931,consultant
28931,engineers
28931,designers
28931,energy
28931,sector
28931,fermentation
28931,agents
28052,amino
28052,acids
30505,automatic
30505,milking
30505,parlours
30505,sensors
30505,oestrus
30505,monitoring
30505,rotary
30505,machine
30505,herringbone
31884,enzymes
28914,gas
28914,cleaning
28914,biogas
28914,production
28914,recycling
28914,waste
28914,disposal
28914,activated
28914,carbon
28503,windows
28503,doors
28503,structures
28503,elements
27624,vegetable
27624,protein
27624,feed
27624,mineral
27624,straight
27624,supplements
27624,compound
27624,poultry
27624,pig
27624,fats
27624,oil
27624,cattle
28928,fuel
28928,usage
28928,engine
28928,conversion
28928,power
28928,generating
28928,metrology
28327,tankers
28327,feed
28327,trailers
28327,tippers
28327,liquid
28327,bulk
28327,transport
28327,container
28327,dry
28327,vehicle
28327,trailer
28327,bale
28327,collectors
29061,wood
29061,chip
29061,boilers
29061,trucks
29061,heating
29061,ventilation
29061,climate
29061,control
29061,pellet
29061,gasification
29061,plant
28159,dryers
28159,hatch
28159,egg
28159,washing
28159,disinfecting
28159,automated
28159,brooding
28159,hatching
28005,disinfection
28005,cleaning
28459,poultry
28459,housing
28459,slurry
28459,removal
28459,indoor
28459,cage
28459,aviaries
28661,management
28661,livestock
28661,trading
28661,pig
27623,veterinary
27623,vaccination
28901,biogas
28901,production
28901,tower
28901,silo
28901,pig
28901,feed
28901,moist
28901,maize
28901,mills
28901,accessory
28901,fermenter
28901,hammer
28901,cover
28901,cereal
28901,feedstuff
28901,ccm
28901,storage
28901,removal
28994,power
28994,supply
28994,companies
28994,photovoltaics
28786,water
28786,treatment
28786,additives
28786,premixes
28786,piglet
28786,rearing
28786,feed
28786,compound
28786,flavourings
28786,supplements
28786,poultry
28786,organic
28786,farming
28786,pig
28786,cattle
28786,complete
28467,vitamins
28467,probiotics
28467,phytogenic
28467,feed
28467,additives
28467,mycotoxin
28467,binders
31817,biogas
31817,production
31817,turnkey
31817,plant
29838,sow
29838,management
29838,software
29838,apps
29838,sensors
29838,recording
29838,feed
29838,water
29838,intake
29838,oestrus
29838,monitoring
29838,measuring
29838,body
29838,temperature
29838,birth
29838,activity
29838,rumination
29054,gas
29054,warning
29054,detectors
29054,analysis
27923,waste
27923,air
27923,treatment
27923,cleaning
27923,water
27923,gas
27923,separators
27923,dust
27923,filters
27923,cleaners
27923,humidifiers
27923,animal
27923,housing
27923,mechanical
27923,biological
27923,cooling
28596,packaging
28596,machine
28596,egg
28596,packing
28971,biogas
28971,production
28971,servicing
28971,energy
28971,sector
28971,gas
28971,compressors
28971,cleaning
28971,maintenance
28971,engines
28971,consulting
28971,dual
28971,fuel
28971,chp
28971,cogeneration
28971,power
28971,stations
28971,analysis
28008,sheep
28008,goat
28008,feed
28008,cattle
28008,feeder
28008,animals
28008,mangers
28008,trough
28008,waterers
28008,automated
28008,calf
28008,hygiene
28387,straw
28387,pellets
28387,wood
28387,bale
28387,shredders
28387,mixer
28387,feeder
28387,trailed
28387,milling
28387,mixing
28387,stationary
28387,pelleting
28387,press
28387,grain
28387,pre
28387,cleaners
28387,cereal
28387,crushers
28387,chain
28387,conveyors
28387,auger
28387,crushing
28387,mills
28387,feedstuff
28387,silo
28403,weighing
28403,scales
28403,livestock
28403,weighbridges
28403,cattle
28403,management
28403,software
28403,apps
32137,bale
32137,loader
32137,stationary
32137,auto
32137,feeder
32137,incl
32137,robotic
32137,automation
32137,automated
32137,calf
32137,milling
32137,mixing
32137,mobile
32137,hammer
32137,mills
32137,chain
32137,conveyors
32137,feed
32137,mixer
28166,software
28166,service
28166,saas
28166,cloud
28166,applications
28737,compound
28737,feed
28737,poultry
28737,organic
28737,farming
28737,pig
28737,cattle
27980,research
27980,science
30533,research
30533,science
30533,innovations
30533,agriculture
30533,sector
28569,research
28569,science
28569,innovations
28569,agriculture
28569,sector
28569,colleges
28569,universities
28127,vocational
28127,schools
28127,trainig
28127,centers
28127,training
28127,misc
28127,education
28127,expert
28127,stages
28127,colleges
28127,universities
30507,management
30507,aspects
30507,consulting
30507,consultancy
30507,computer
30507,application
30507,business
30507,administration
27538,sensors
27538,implants
27538,boluses
28255,tower
28255,silo
28255,unloaders
28255,energy
28255,crop
28255,biogas
28255,diet
28255,mixer
28255,feeder
28255,cattle
28255,silage
28255,cutters
32875,tandem
32875,milking
32875,parlours
32875,automatic
32875,rotary
32875,pipeline
32875,cattle
32875,housing
32875,sheep
32875,goat
32875,machine
32875,herringbone
32875,bucket
32875,animal
32875,floor
32875,screeds
27484,stationary
27484,auto
27484,feeder
27484,incl
27484,robotic
27484,hay
27484,racks
27484,milk
27484,cooling
27484,mangers
27484,trough
27484,livestock
27484,scales
27484,automated
27484,calf
27484,animal
27484,markers
27484,rearing
27484,housing
27484,management
27484,software
27484,huts
27484,cattle
27484,apps
29029,vitamins
29029,breeding
29029,programme
29029,aspects
29029,feed
29029,additives
29029,dairy
29029,cattle
29029,breed
29029,effective
29029,microotganisms
29029,beef
29029,amino
29029,acids
27230,slatted
27230,floor
27230,pig
27230,solid
27230,prefabricated
27230,building
27230,liquid
27230,feeder
27230,poultry
27230,housing
27230,demand
27230,multi
27230,purpose
27230,farm
27230,machine
27230,sheds
27230,finishing
27230,cattle
27230,farrowing
27230,pens
27230,breeder
27230,sow
31823,compound
31823,feed
31823,straight
31823,bedding
31823,einstreumaterialien
27540,cattle
27540,housing
27540,grooming
27540,health
27540,hygiene
28325,direct
28325,selling
28325,poultry
28325,housing
28325,sheep
28325,goat
28325,pasture
28325,fence
28325,laying
28325,nests
28325,game
28325,fencing
28325,electric
28325,energizers
28325,aviaries
28386,tower
28386,silo
28386,milling
28386,mixing
28386,stationary
28386,silage
28386,pits
28386,hammer
28386,mills
28386,elevators
28386,chain
28386,conveyors
28386,feed
28386,mixer
28386,auger
28386,crushing
28386,compound
28386,feedstuff
28386,cereal
31398,straight
31398,feed
31398,organic
31398,farming
31398,horse
31398,energy
27688,feed
27688,additives
29841,mixer
29841,feeder
29841,propelled
29841,mixing
29841,blending
29841,feed
28377,warm
28377,air
28377,heat
28377,recycling
28377,installations
28377,pipe
28377,district
28377,heating
28377,waste
28377,ducts
28377,exhaust
28377,shafts
28377,ventilation
28377,animal
28377,housing
28377,exchangers
28377,climate
28377,control
28377,cleaners
28377,cleaning
28377,humidifiers
28377,heaters
28377,fans
28377,conditioning
31864,consulting
31864,legal
31864,advice
31864,quality
31864,assurance
31864,training
31864,education
31864,certification
31864,processes
27495,animal
27495,care
27495,agents
27495,preservatives
27495,phytogenic
27495,feed
27495,additives
27495,flavourings
29021,transformers
29021,power
29021,storage
29021,photovoltaics
29021,battery
31392,ventilation
31392,animal
31392,housing
31392,fans
31392,cooling
31392,climate
31392,control
32123,piglet
32123,rearing
32123,feed
32123,ventilation
32123,animal
32123,housing
32123,processed
32123,protein
32123,additives
32123,fish
32123,climate
32123,control
27773,windbreak
27773,poultry
27773,housing
27773,sensors
27773,actuators
27773,fans
27773,energy
27773,generation
27773,pig
27773,building
27773,structures
27773,cattle
27773,lights
27773,doors
27773,gate
27773,climate
27773,control
27773,animal
27976,poultry
27976,housing
27976,mineral
27976,feed
27976,mobile
27976,hygiene
27976,locks
27976,laying
27976,nests
27976,automated
27976,chicken
27976,feeder
27976,supplements
27976,egg
27976,packaging
27976,collecting
27976,tables
27976,complete
27976,feedstuff
27976,silo
28244,poultry
28244,housing
28244,project
28244,consultancy
28244,mobile
28244,training
28244,education
28244,free
28244,range
28244,agricultural
28244,engineering
28244,consulting
27448,ventilation
27448,animal
27448,housing
27448,automated
27448,chicken
27448,feeder
27448,pig
27448,fans
28584,premixes
28584,trace
28584,elements
28584,mineral
28584,feed
28062,preservatives
28062,phytogenic
28062,feed
28062,additives
28062,mycotoxin
28062,binders
28062,flavourings
31883,premixes
31883,mineral
31883,feed
31883,compound
31883,organic
31883,farming
28981,biogas
28981,production
28981,waste
28981,treatment
28981,substrate
28981,conditioning
28981,dosing
28981,cutting
28981,filling
30181,renewable
30181,energy
30181,wood
27195,livestock
27195,trading
27195,animal
27195,transport
27195,vehicle
27195,dairy
27195,cattle
27195,breed
27195,beef
32082,milk
32082,vending
32082,machine
32082,food
32082,electric
32082,fence
32082,energizers
27457,vitamins
27457,probiotics
27457,feed
27457,additives
27457,enzymes
27457,effective
27457,microotganisms
28580,sperm
28580,embryo
28580,hatch
28580,fish
28580,egg
28580,trading
28580,marketing
28580,semen
28580,packaging
28580,transportation
28580,conservation
28580,reproduction
28580,instruments
28580,supplies
28580,embryos
28580,lab
28580,insemination
28580,horse
28580,breeding
28580,cattle
28580,dairy
28580,breed
28580,beef
28780,silage
28780,additives
28780,vitamins
28780,trace
28780,elements
28780,piglet
28780,rearing
28780,feed
28780,mineral
28780,probiotics
28780,preservatives
28780,milk
28780,replacer
28780,licking
28780,block
28780,supplements
28780,compound
28780,pig
28780,cattle
27506,silo
27506,filling
27506,tower
27506,molassing
27506,milling
27506,mixing
27506,stationary
27506,pelleting
27506,press
27506,silage
27506,clamp
27506,construction
27506,clamping
27506,feed
27506,storage
27506,chain
27506,conveyors
27506,auger
27506,compound
27506,mixer
27506,feedstuff
27506,cereal
27943,sperm
27943,cattle
27943,housing
27943,insemination
27943,dairy
27943,breed
27943,breeding
27943,supplies
27943,animal
27943,beef
27655,sow
27655,management
27655,software
27655,apps
27655,cloud
27655,quality
27655,control
27655,poultry
27655,feed
27655,consultancy
27655,applications
27655,business
27655,administration
27655,fish
27655,farming
27655,cattle
32883,pressure
32883,washers
27223,veterinary
27223,marking
27223,punches
27223,insemination
28149,lab
28149,analysis
28149,testing
28149,feed
27879,piglet
27879,rearing
27879,nests
27879,cattle
27879,feeder
27879,interval
27879,housing
27879,feed
27879,sensors
27879,demand
27879,automated
27879,pig
27879,manipulable
27879,finishing
27879,farrowing
27879,pens
27879,breeder
27879,sow
27204,grooming
27204,health
27398,probiotics
27398,protein
27398,feed
27398,additives
27398,mycotoxin
27398,binders
27398,flavourings
27398,algae
31455,liquid
31455,biofuel
31455,automation
31455,und
31455,digitalisation
28930,poultry
28930,housing
28930,scales
28930,livestock
28930,weighbridges
28930,sensors
28930,activity
28930,monitoring
28930,management
28930,software
28930,apps
28930,hygrometers
28930,aviaries
28930,climate
28930,measuring
28930,animal
28930,co2
28930,nh3
28930,cloud
28930,web
28930,arificial
28930,intelligence
27728,floor
27728,mats
27728,cattle
27728,cubicle
27728,housing
27728,loose
27728,boxes
27728,roofing
27728,calf
27728,rearing
27728,beef
27728,flooring
27728,barriers
27728,partition
27728,animal
27728,screeds
27674,feed
27674,additives
28800,veterinary
28800,diagnostics
27260,floor
27260,mats
27260,cattle
27260,piglet
27260,nests
27260,housing
27260,horse
27260,pig
27260,flooring
27260,animal
27260,screeds
30535,research
30535,science
30535,meat
30535,sausage
30535,production
30535,institutes
30535,innovations
30535,agriculture
30535,sector
30535,insemination
28216,aspects
28216,management
28216,consulting
28216,project
28216,consultancy
28216,lab
28216,testing
28216,analysis
28216,exhaust
28216,control
28216,misc
28216,construction
28216,planning
28216,issues
28216,farm
28216,building
28216,environmental
28216,assessment
28216,agricultural
28216,engineering
30536,disinfection
30536,cleaning
28724,vitamins
28724,phytogenic
28724,feed
28724,additives
28724,emulsifiers
28724,stabilizers
28724,thickeners
28724,gelling
28724,agents
27863,heating
27863,cooling
30663,slatted
30663,floor
30663,pig
30663,liquid
30663,feeder
30663,manipulable
30663,automated
30663,heated
30663,plates
30663,mats
30663,finishing
30663,housing
27370,pelleting
27370,press
27808,animal
27808,care
27808,agents
27808,insecticides
27808,bedding
27808,feed
27808,additives
27808,powder
27808,mycotoxin
27808,binders
27808,mineral
27808,anticaking
27525,vitamins
27525,mineral
27525,feed
27525,additives
27525,mycotoxin
27525,binders
27525,supplements
27407,ultrasonic
27407,semen
27407,packaging
27407,transportation
27407,conservation
27407,scanners
27407,reproduction
27407,instruments
27407,supplies
27407,lab
27407,insemination
27407,backfat
27407,measuring
28357,management
28357,mineral
28357,feed
27280,probiotics
27280,phytogenic
27280,feed
27280,additives
27280,mycotoxin
27280,binders
27718,hygiene
30178,transport
30178,manure
30178,slurry
30178,automation
30178,und
30178,digitalisation
27510,vitamins
27510,probiotics
27510,preservatives
27510,flavourings
27510,emulsifiers
27510,stabilizers
27510,thickeners
27510,gelling
27510,agents
27510,colourants
27510,amino
27510,acids
27504,premixes
27504,silage
27504,additives
27504,feed
27215,vitamins
27215,premixes
27215,piglet
27215,rearing
27215,feed
27215,mineral
27215,milk
27215,replacer
27215,phytogenic
27215,mycotoxin
27215,binders
27215,supplements
27215,enzymes
27215,compound
27215,pig
27215,complete
27215,amino
27215,acids
27828,piglet
27828,rearing
27828,ventilation
27828,animal
27828,housing
27828,cubicle
27828,liquid
27828,feeder
27828,indoor
27828,outdoor
27828,stalls
27828,cattle
27828,feed
27828,fence
27828,calf
27828,beef
27828,finishing
27828,pig
27828,farrowing
27828,pens
27828,breeder
27828,sow
28083,aspects
28083,management
28083,consulting
28995,wind
28995,turbines
28995,transfer
28995,stations
28995,district
28995,heating
28995,heat
28995,meters
28995,renewable
28995,energy
28995,wood
28995,park
28995,photovoltaics
28995,financial
28995,support
28995,management
28995,consultancy
28995,local
28995,certification
28995,processes
28995,sector
28995,consulting
28471,animal
28471,care
28471,agents
28471,farm
28471,inputs
28471,consumables
28471,cleaning
28471,farming
28471,disinfectants
28471,hygiene
28471,feed
28471,management
28471,consultancy
28471,bedding
28471,powder
28553,aspects
28553,management
28553,consulting
28375,waste
28375,air
28375,treatment
28375,cleaning
28375,heat
28375,recycling
28375,installations
28375,exhaust
28375,control
28375,exchangers
28375,heating
28375,ventilation
28375,climate
28375,deodorising
28375,cleaners
28375,dehumidifiers
28375,cooling
28375,conditioning
28375,animal
28375,housing
28388,direct
28388,selling
28388,egg
28388,washing
28388,machine
28388,graders
28388,counters
28388,food
28388,vending
28388,packing
28388,imprinting
28388,conveyors
28388,collecting
28388,tables
28388,carton
28388,transporting
28388,breaking
28388,separating
31489,office
31489,communication
28984,sow
28984,management
28984,software
28984,apps
28984,cloud
28984,poultry
28984,internet
28984,iot
28984,climate
28984,control
28984,animal
28984,housing
28984,arificial
28984,intelligence
28330,piglet
28330,rearing
28330,feed
28330,compound
28330,preparation
28330,straight
28330,management
28330,consultancy
28330,horse
28330,fish
28330,supplements
28330,poultry
28330,organic
28330,farming
28330,complete
27867,vitamins
27867,preservatives
27867,phytogenic
27867,feed
27867,additives
27867,mycotoxin
27867,binders
27867,flavourings
27867,colourants
30706,processed
30706,animal
30706,protein
30706,segment
30706,insect
30706,production
30706,feed
30706,milk
30706,replacer
30706,fats
30706,oil
28533,windows
28533,doors
28533,insulating
28533,gate
28533,ceiling
28533,partition
29047,turnkey
29047,project
29047,insect
29047,production
29047,special
29047,machine
29047,breeding
29047,husbandry
29047,foods
29047,units
29047,segment
29047,feed
27574,ultrasonic
27574,semen
27574,packaging
27574,transportation
27574,vaccination
27574,conservation
27574,misc
27574,animal
27574,identification
27574,nipple
27574,waterers
27574,reproduction
27574,instruments
27574,supplies
27574,livestock
27574,scales
27574,pig
27574,breeding
27574,lab
27574,insemination
27219,animal
27219,feed
27219,additives
27219,silage
27219,bioreactors
27219,cellular
27219,agriculture
27219,sheep
27219,goat
27219,misc
27219,fish
27219,poultry
27219,research
27219,science
27219,cattle
27219,feeder
27219,pig
27219,probiotics
27219,innovations
27219,sector
27219,phytogenic
27219,effective
27219,microotganisms
27219,farm
27219,inputs
27219,consumables
27219,training
27219,education
32944,research
32944,science
32944,institutes
32944,innovations
32944,agriculture
32944,sector
30959,misc
30959,feed
30959,fish
30959,process
30959,control
30959,reproduction
30959,instruments
30959,supplies
30959,office
30959,communication
30959,automation
30959,und
30959,digitalisation
28175,disinfectants
28175,medicine
28175,feed
28175,additives
27778,veterinary
27605,financing
27605,real
27605,estates
27605,property
27929,vitamins
27929,straight
27929,feed
27929,organic
27929,farming
27929,compound
27929,probiotics
27929,mineral
27929,preservatives
27929,phytogenic
27929,additives
27929,supplements
27929,emulsifiers
27929,stabilizers
27929,thickeners
27929,gelling
27929,agents
27568,heaters
27568,internet
27568,iot
27201,poultry
27201,feed
27201,compound
27384,milk
27384,container
27384,cooling
27384,premixes
27384,mineral
27384,feed
27384,additives
28759,sperm
28759,embryos
28759,dairy
28759,cattle
28759,breed
28759,beef
28563,vitamins
28563,trace
28563,elements
28563,probiotics
28563,preservatives
28563,phytogenic
28563,feed
28563,additives
28563,mycotoxin
28563,binders
28563,enzymes
28563,emulsifiers
28563,stabilizers
28563,thickeners
28563,gelling
28563,agents
28563,effective
28563,microotganisms
28563,anticaking
28563,amino
28563,acids
30771,aspects
30771,management
30771,consulting
30771,societies
30771,clubs
30771,organisations
30771,information
30771,stands
27871,compound
27871,feed
27871,fish
27871,poultry
27871,emulsifiers
27871,stabilizers
27871,thickeners
27871,gelling
27871,agents
27871,pig
27871,cattle
27871,complete
27587,disinfectants
27587,feed
27587,supplements
27720,live
27720,transport
27471,complete
27471,feed
28415,exhaust
28415,control
28415,veterinary
28415,diagnostics
28415,slurry
28415,tankers
28415,removal
28415,pumps
28415,tierpflegegeräte
28415,tiergesundheit
28415,manure
28415,spreaders
28415,poultry
28415,management
28415,software
28415,apps
28415,cattle
28203,remote
28203,monitoring
28203,sensors
28203,oestrus
28203,measuring
28203,body
28203,temperature
28203,birth
28203,activity
28203,reproduction
28203,instruments
28203,supplies
28203,heat
28203,meters
28203,metrology
28203,rumination
28203,implants
28203,boluses
28203,calving
28203,cattle
28203,breeding
28003,slurry
28003,additives
28003,feed
28003,bedding
28003,powder
28003,mycotoxin
28003,binders
28435,tank
28435,cover
28435,warehouses
28435,stores
28435,slatted
28435,floor
28435,cattle
28435,pig
28435,tower
28435,silo
28435,slurry
28435,pumps
28435,structures
28435,elements
28435,agitators
28435,macerators
28435,silage
28435,pits
28435,feedstuff
31880,feed
31880,additives
27177,organisations
27177,livestock
27177,trading
27177,associations
27177,power
27177,liquefied
27177,gas
27177,container
27177,management
27177,software
27177,insurances
28906,pipe
28906,district
28906,heating
28906,fittings
27761,stationary
27761,auto
27761,feeder
27761,incl
27761,robotic
27761,diet
27761,mixer
27761,trailed
27761,propelled
31832,forklifts
31832,lift
31832,trucks
31832,pallet
31832,yard
31832,sweeper
31832,ventilation
31832,storage
31832,animal
31832,housing
31832,fans
31832,energy
31832,generation
31832,cleaning
31832,manure
31832,collection
31832,robots
31424,trading
31292,fans
31292,energy
31292,generation
27791,slatted
27791,floor
27791,pig
27791,turnkey
27791,project
27791,farming
27791,housing
27791,piglet
27791,nests
27791,farm
27791,building
27791,multi
27791,purpose
27791,finishing
27791,farrowing
27791,pens
27791,breeder
27791,sow
27791,animal
27791,husbandry
28294,vitamins
28294,trace
28294,elements
28294,probiotics
28294,phytogenic
28294,mycotoxin
28294,binders
28294,flavourings
28294,enzymes
28294,emulsifiers
28294,stabilizers
28294,thickeners
28294,gelling
28294,agents
28294,effective
28294,microotganisms
28294,colourants
28294,anticaking
28294,amino
28294,acids
27713,silage
27713,additives
27713,spices
27713,adjuvants
27713,feed
27413,sensors
27413,oestrus
27413,monitoring
30532,training
30532,education
30532,colleges
30532,universities
27259,premixes
27259,vitamins
27259,trace
27259,elements
27259,piglet
27259,rearing
27259,feed
27259,mineral
27259,additives
27259,horse
27259,enzymes
27259,compound
27259,pig
27259,cattle
27259,amino
27259,acids
31719,transponder
31719,feeder
31719,stationary
31719,auto
31719,incl
31719,robotic
31719,feed
31719,preparation
31719,mixer
31719,trailed
31719,control
31719,propelled
31719,manure
31719,spreaders
31719,slurry
31719,spreading
31719,diet
31719,compound
29020,gas
29020,separators
29020,flue
29020,desulphurisation
29020,recycling
29020,waste
29020,disposal
29020,activated
29020,carbon
27595,trace
27595,elements
27595,phytogenic
27595,flavourings
27595,colourants
27942,pasteurization
27942,milk
27942,direct
27942,selling
27942,processing
27942,pasture
27942,fence
27942,cans
27942,electric
27942,batteries
27307,premixes
27307,piglet
27307,rearing
27307,feed
27307,probiotics
27307,mineral
27307,fish
27307,supplements
27307,compound
27307,poultry
27307,organic
27307,farming
27307,pig
27307,cattle
27307,fats
27307,oil
27307,complete
28247,milk
28247,container
28247,cooling
28247,tank
28607,solid
28607,prefabricated
28607,building
28193,farmyard
28193,loader
28193,telehandlers
28193,wheeled
28193,power
28193,storage
28193,battery
27603,tandem
27603,milking
27603,parlours
27603,automatic
27603,pipeline
27603,sheep
27603,goat
27603,machine
27603,herringbone
27603,bucket
28558,ventilation
28558,animal
28558,housing
28558,heating
28558,climate
28558,control
28558,humidifiers
28558,fans
28558,cooling
27283,premixes
27283,vitamins
27283,mineral
27283,feed
27283,preservatives
27283,additives
27283,supplements
28085,premixes
28085,compound
28085,feed
28085,straight
28085,additives
28085,horse
28085,energy
28085,supplements
28085,poultry
28085,organic
28085,farming
28085,pig
28085,complete
27737,veterinary
27737,shearing
27737,grooming
27737,health
27737,hoof
27737,trimming
32808,bedding
32808,einstreumaterialien
32808,powder
27649,complete
27649,feed
27417,trough
27417,waterers
27417,automated
27417,feeder
27417,calf
27417,drinking
27417,bowls
27417,huts
27258,vitamins
27305,feed
27305,supplements
28093,vitamins
28093,flavourings
28093,enzymes
28093,amino
28093,acids
28361,packing
28361,package
28361,shops
28361,crop
28361,handling
28361,packaging
28361,storage
28361,egg
27625,trace
27625,elements
32122,veterinary
32122,feed
32122,additives
28452,diet
28452,mixer
28452,feeder
28452,trailed
28452,propelled
28452,manure
28452,spreaders
28452,feed
32127,pig
31886,veterinary
31886,vaccines
31845,milking
31845,parlours
31845,rotary
31845,machine
28023,probiotics
28023,mycotoxin
28023,binders
28023,flavourings
28023,enzymes
27748,veterinary
27748,semen
27748,packaging
27748,transportation
27748,conservation
27748,vaccination
27748,reproduction
27748,instruments
27748,supplies
27748,animal
27748,markers
27748,pig
27748,breeding
27748,insemination
30698,vitamins
30698,amino
30698,acids
28086,vitamins
27583,poultry
27583,heating
27583,lamps
27583,piglet
27311,silage
27311,additives
27311,animal
27311,care
27311,agents
27311,slurry
27311,milk
27311,replacer
27311,feed
27311,supplements
27311,clamp
27311,sheeting
27857,trough
27857,waterers
27857,frost
27857,proof
28612,vitamins
28612,silage
28612,additives
28612,compound
28612,feed
28612,straight
28612,supplements
28000,management
28000,software
27682,vegetable
27682,protein
27682,feed
27682,piglet
27682,rearing
27682,milk
27682,replacer
27682,fish
27682,compound
27682,poultry
27682,pig
27682,cattle
27682,complete
27414,vitamins
27414,straight
27414,feed
27414,organic
27414,farming
27414,mineral
27414,disinfectants
27414,detergents
27414,einstreumaterialien
27414,licking
27414,block
27414,conservation
27414,bedding
27414,powder
27414,supplements
27414,amino
27414,acids
27291,pressure
27291,washers
29022,silo
29022,filling
29022,substrate
29022,dryers
29022,conditioning
29022,dosing
29022,elevators
29022,chain
29022,conveyors
29022,auger
29022,feedstuff
29022,cereal
28341,slatted
28341,floor
28341,cattle
28341,pig
28341,piglet
28341,nests
28341,heating
28341,lamps
28341,housing
28341,underfloor
28341,gate
28341,valves
28341,heated
28341,plates
28341,mats
28341,grates
28341,flooring
28341,farrowing
28341,pens
28341,animal
28341,screeds
27558,silage
27558,additives
27558,management
27558,piglet
27558,rearing
27558,feed
27558,analysis
27558,mineral
27558,probiotics
27558,milk
27558,replacer
27558,licking
27558,block
27558,consultancy
27558,mycotoxin
27558,binders
27558,supplements
27376,trailers
27376,tippers
27376,livestock
27376,slurry
27376,tankers
27376,digestate
27376,transport
27376,swap
27376,body
27376,manure
27376,spreaders
27376,low
27376,bed
27376,bale
27376,collectors
27300,cattle
27300,housing
28464,transponder
28464,feeder
28464,stationary
28464,mucking
28464,slurry
28464,removal
28464,mobile
27208,turnkey
27208,plant
27208,solid
27208,biofuels
27208,silo
27208,accessory
27208,feed
27208,choppers
27208,silage
27208,clamp
27208,construction
27208,clamping
27208,storage
27208,feedstuff
27208,cereal
27508,feed
27508,additives
27508,anticaking
27508,agents
28413,trace
28413,elements
28413,feed
28413,additives
28413,enzymes
28413,effective
28413,microotganisms
30998,vitamins
30998,colourants
27266,piglet
27266,nurses
27266,pig
27266,feed
27266,automated
27266,feeder
27424,veterinary
27424,societies
27424,clubs
27424,diagnostics
29038,wet
29038,fermentation
29038,gas
29038,cleaning
29038,turnkey
29038,biogas
29038,plant
29038,substrate
29038,analysis
29038,fermenter
29038,dry
29038,agitators
27611,straight
27611,feed
27425,vitamins
27425,water
27425,analysis
27425,liquid
27425,feeder
27425,cleaning
27425,disinfection
27425,amino
27425,acids
27499,yard
27499,sweeper
27499,workshop
27499,disinfectants
27499,detergents
27499,pressure
27499,washers
27499,garden
27499,cleaning
29040,parlour
29040,cleaning
29040,disinfecting
29040,solar
29040,panel
28220,poultry
28220,housing
28220,slurry
28220,digestate
28220,transport
28220,liquid
28220,feeder
28220,laying
28220,nests
28220,breeding
28220,supplies
28220,cattle
28220,pig
28220,mobile
28220,slaughter
28220,lines
28220,aeration
28220,farrowing
28220,pens
29068,gas
29068,distribution
29068,servicing
29068,energy
29068,sector
29068,training
29068,education
29068,maintenance
29068,fittings
29068,fixtures
28567,transponder
28567,feeder
28567,cattle
28567,feed
28567,conveyors
28567,chain
28567,automated
28567,pig
29753,feed
29753,management
29753,consultancy
27905,probiotics
27905,phytogenic
27905,feed
27905,additives
27905,mycotoxin
27905,binders
27905,enzymes
27905,emulsifiers
27905,stabilizers
27905,thickeners
27905,gelling
27905,agents
27905,amino
27905,acids
28604,harvesting
28604,milling
28604,grinding
28604,cattle
28604,feeder
28604,chopping
28773,disinfectants
28773,medicine
28773,feed
28773,additives
27678,slurry
27678,additives
27678,disinfectants
27678,detergents
27678,hygiene
27678,feed
27678,disinfecting
27678,algae
27678,cleaning
27678,disinfection
28235,tower
28235,silo
28235,cattle
28235,feeder
28235,milling
28235,mixing
28235,stationary
28235,accessory
28235,mobile
28235,silage
28235,pits
28235,hammer
28235,mills
28235,grain
28235,pre
28235,cleaners
28235,feed
28235,mixer
28235,feedstuff
28235,cereal
28323,einstreumaterialien
28323,horse
28323,feed
28323,compound
28323,cattle
32809,milling
32809,mixing
32809,metering
32809,molassing
32809,stationary
32809,hammer
32809,mills
32809,pelleting
32809,press
32809,grain
32809,pre
32809,cleaners
32809,feed
32809,mixer
32809,crushing
32809,compound
27206,dairy
27206,cattle
27206,breed
28324,trace
28324,elements
28324,feed
28324,additives
28324,mycotoxin
28324,binders
28324,flavourings
28324,emulsifiers
28324,stabilizers
28324,thickeners
28324,gelling
28324,agents
28324,effective
28324,microotganisms
28324,amino
28324,acids
27569,feed
27569,additives
32741,sterilization
32741,disinfection
32741,waste
32741,air
32741,treatment
32741,cleaning
32741,cleaners
32741,conditioning
32741,storage
32741,animal
32741,housing
32135,silage
32135,additives
32135,trace
32135,elements
32135,preservatives
32135,feed
27453,dairy
27453,cattle
27453,breed
28190,warehouse
28190,sheep
28190,goat
28190,housing
28190,roofing
28190,pig
28190,cattle
28190,ceiling
28190,partition
27670,feed
27670,supplements
28799,water
28799,treatment
28799,plant
28799,warm
28799,air
28799,pipe
28799,district
28799,heating
28799,heat
28799,storage
28799,ventilation
28799,climate
28799,control
28799,exchangers
28799,meters
28799,stations
28799,local
28799,heaters
30707,veterinary
30707,diagnostics
30707,feed
30707,control
28811,biogas
28811,production
28811,power
28811,generating
28811,generators
28811,gas
28811,engines
28811,diesel
28811,chp
28811,cogeneration
28811,stations
28811,catalysts
28811,energy
28608,straight
28608,feed
28608,mineral
27445,poultry
27445,housing
27445,water
27445,treatment
27445,additives
27445,turkeys
27445,pig
27445,chicks
27445,broilers
27445,cooling
27445,climate
27445,control
27445,animal
27494,trough
27494,waterers
27494,piglet
27494,nurses
27494,pig
27494,feed
27494,liquid
27494,feeder
27494,sensors
27494,demand
27494,drinking
27494,bowls
27494,automated
28269,manure
28269,processing
28269,dung
28269,machine
28269,dryers
28269,conveyors
27428,paddocks
27428,pasture
27428,fence
27428,livery
27428,yard
27428,game
27428,fencing
27428,electric
27428,energizers
27428,batteries
27665,water
27665,treatment
27665,additives
27665,parlour
27665,cleaning
27665,disinfecting
27665,sterilization
27665,disinfection
27665,animal
27665,care
27665,agents
27665,consumables
27665,farming
27665,inputs
27665,disinfectants
27665,detergents
27665,measuring
27665,hygiene
28848,weighing
28848,milling
28848,grinding
28848,substrate
28848,conditioning
28848,hygienic
28848,treatment
28848,dosing
28848,filling
27860,premixes
27860,piglet
27860,rearing
27860,feed
27860,mineral
27860,milk
27860,replacer
27860,mycotoxin
27860,binders
27860,fish
27860,compound
27860,poultry
27860,organic
27860,farming
27860,pig
27860,cattle
27860,complete
27860,amino
27860,acids
28421,transport
28421,container
28421,liquid
28421,bulk
28421,slurry
28421,pumps
28421,digestate
28421,vehicle
27357,telehandlers
27357,wheeled
27357,loader
27298,transport
27298,vehicle
27298,trailers
27298,tippers
27298,rigid
27298,drawbar
27298,trailer
27298,body
28165,yard
28165,sweeper
28165,transport
28165,farm
28165,cleaning
28165,ground
28165,scare
28165,grooming
28165,health
28885,project
28885,development
28885,energy
28885,sector
28885,photovoltaics
28885,battery
28885,storage
28383,chilling
28383,climate
28552,hoof
28552,trimming
28552,stands
28552,foot
28552,baths
27633,straw
27633,bedding
27633,machine
27633,stationary
27633,auto
27633,feeder
27633,incl
27633,robotic
27633,diet
27633,mixer
27633,trailed
27633,silage
27633,cutters
27633,cattle
27633,bale
27633,break
27633,propelled
27402,building
31833,mineral
31833,feed
31833,phosphates
28233,ear
28233,tags
28233,pliers
32946,research
32946,science
32946,institutes
32946,innovations
32946,agriculture
32946,sector
27745,tattooing
27745,implements
27745,forceps
27745,veterinary
27745,vaccination
27745,misc
27745,animal
27745,identification
27745,ear
27745,tags
27745,pliers
27745,shearing
27745,grooming
27745,health
27745,medicine
27745,dispensers
27745,hoof
27745,trimming
27745,dehorning
27745,calf
27578,parlour
27578,cleaning
27578,disinfecting
27578,pasteurization
27578,milk
27578,cooling
27578,milking
27578,electronic
27578,farm
27578,management
27578,machine
27578,herringbone
27578,parlours
27578,bucket
28391,grooming
28182,hoof
28182,trimming
28182,stands
32941,vitamins
32941,probiotics
32941,straight
32941,feed
32941,phytogenic
32941,additives
32941,energy
32941,supplements
32941,compound
32941,poultry
32941,fats
32941,oil
27347,premixes
27347,piglet
27347,rearing
27347,feed
27347,mineral
27347,milk
27347,replacer
27347,phytogenic
27347,licking
27347,block
27347,fish
27347,supplements
27347,flavourings
27347,compound
27347,poultry
27347,pig
27347,cattle
28600,veterinary
27396,animal
27396,care
27396,agents
27396,water
27396,treatment
27396,additives
27396,pesticides
27396,insecticides
27396,cleaning
27396,consumables
27396,farming
27396,inputs
27396,veterinary
27396,medicine
27396,disinfectants
27396,detergents
27653,floor
27653,mats
27653,cattle
27653,hay
27653,racks
27653,cubicle
27653,mangers
27653,trough
27653,animal
27653,transport
27653,vehicle
27653,calf
27653,huts
27653,housing
27653,barriers
27653,partition
28796,electric
28796,fence
27353,milk
27353,replacer
27353,compound
27353,feed
27353,pig
27353,complete
28787,complete
28787,feed
27330,parlour
27330,cleaning
27330,disinfecting
27330,milking
27330,parlours
27330,slurry
27330,pumps
27330,rotary
27330,ventilation
27330,animal
27330,housing
27330,pipeline
27330,manure
27330,sheep
27330,goat
27330,machine
27330,herringbone
27330,management
27330,software
27330,fans
27352,silage
27352,additives
27352,trace
27352,elements
27352,probiotics
27352,straight
27352,feed
27352,mycotoxin
27352,binders
27352,enzymes
32544,piglet
32544,heating
32544,lamps
32544,pig
32544,housing
27842,hammer
27842,mills
27842,pelleting
27842,press
27842,extruders
27842,compound
27842,feed
27842,mixer
28545,liquid
28545,feeder
28545,pig
28545,housing
28545,finishing
28545,farrowing
28545,pens
28545,breeder
28545,sow
28545,climate
28545,control
28545,animal
28545,air
28545,conditioning
27789,warehouses
27789,stores
27789,solid
27789,prefabricated
27789,building
27789,misc
27789,construction
27789,consultancy
27789,planning
27789,issues
27789,riding
27789,halls
27789,farm
27789,project
27789,poultry
27789,housing
27789,management
27789,pig
27789,multi
27789,purpose
27789,machine
27789,sheds
27789,horse
27789,stables
27789,cattle
28119,transponder
28119,feeder
28119,sheep
28119,goat
28119,feed
28119,stationary
28119,auto
28119,incl
28119,robotic
28119,pasture
28119,fence
28119,seeds
28119,fertilizers
28119,plant
28119,protection
28119,growth
28119,regulators
28119,ear
28119,tags
28119,pliers
28119,photovoltaics
28119,electric
28119,energizers
28119,insulating
28119,grooming
28119,automation
28119,und
28119,digitalisation
28982,pumps
28982,agitators
32557,poultry
32557,housing
32557,heating
32557,lamps
32557,mobile
32557,laying
32557,nests
32557,indoor
32557,free
32557,range
32557,cage
32557,aviaries
27833,trade
27833,magazines
27890,management
27890,aspects
27890,consulting
27890,financing
27890,research
27890,science
27890,leasing
27890,companies
27890,energy
27890,sector
27890,innovations
27890,agriculture
27890,financial
27890,support
27890,advice
27890,credit
27890,institutions
27890,banks
27890,savings
28204,slatted
28204,floor
28204,pig
28204,piglet
28204,nests
28204,cubicle
28204,housing
28204,mobile
28204,poultry
28204,indoor
28204,free
28204,range
28204,heated
28204,plates
28204,mats
28204,finishing
28204,farrowing
28204,pens
28204,aquaculture
27437,insecticides
27437,disinfectants
27437,detergents
31291,sheep
31291,excl
31291,live
31291,rams
31291,pig
31291,breeding
31291,programme
31291,aspects
31291,goat
31291,dairy
31291,cattle
31291,breed
31291,beef
27320,premixes
28878,transfer
28878,stations
28878,district
28878,heating
28878,turnkey
28878,plant
28878,solid
28878,biofuels
28878,substrate
28878,dryers
28878,control
28878,container
28878,heat
28878,exchangers
28878,refrigerating
28878,driers
27474,silage
27474,additives
27481,biogas
27481,production
27481,misc
27481,feed
27481,fish
27481,poultry
27481,metrology
27481,pig
27481,cattle
27481,feeder
27481,electronic
27481,agricultural
27481,machinery
27481,electronics
28437,parlour
28437,cleaning
28437,disinfecting
28437,humidifiers
28437,animal
28437,housing
28437,cooling
33072,biogas
33072,production
33072,solarthermics
33072,hydropower
33072,associations
33072,energy
33072,sector
33072,wind
33072,park
33072,photovoltaics
29747,pig
29023,biogas
29023,production
29023,substrate
29023,conditioning
27290,compound
27290,feed
27290,horse
27290,fish
27290,supplements
27290,poultry
27290,pig
27290,cattle
27290,complete
28256,premixes
28256,vitamins
28256,compound
28256,feed
28256,mineral
28256,probiotics
28256,phytogenic
28256,additives
28256,mycotoxin
28256,binders
28256,supplements
28256,poultry
28256,organic
28256,farming
28256,cattle
28143,piglet
28143,rearing
28143,feed
28143,milk
28143,replacer
28143,licking
28143,block
28143,compound
28143,pig
28143,cattle
33170,farmyard
33170,loader
28078,veterinary
28078,poultry
28078,housing
28078,feed
28078,bucket
28078,milking
28078,agricultural
28078,boots
27238,farrowing
27238,pens
31865,vitamins
27934,phytogenic
27934,feed
27934,supplements
27932,roofing
27932,ceiling
27932,partition
27500,vitamins
27500,premixes
27500,trace
27500,elements
27500,preservatives
27500,phytogenic
27500,feed
27500,additives
27500,mycotoxin
27500,binders
27500,supplements
27500,flavourings
27500,emulsifiers
27500,stabilizers
27500,thickeners
27500,gelling
27500,agents
27500,compound
27500,organic
27500,farming
27500,anticaking
28462,raw
28462,sheep
28462,goat
28462,feed
28462,pig
28462,milk
28462,replacer
30703,silo
30703,accessory
30703,automated
30703,pig
30703,feeder
28962,spezielle
28962,maschinen
28962,und
28962,zubehör
28962,für
28962,insektenzucht
28962,haltung
28962,food
28962,turnkey
28962,project
28962,insect
28962,production
28962,special
28962,machine
28962,breeding
28962,husbandry
28962,foods
28962,units
28962,segment
28962,feed
33080,spezielle
33080,maschinen
33080,und
33080,zubehör
33080,für
33080,insektenzucht
33080,haltung
33080,food
33080,turnkey
33080,project
33080,insect
33080,production
33080,breeding
33080,units
28267,lab
28267,testing
28267,analysis
28267,feed
28267,control
28267,compound
28267,cattle
28267,complete
28401,pasture
28401,fence
28401,fencing
28401,electric
28401,energizers
27753,poultry
27753,housing
27753,windbreak
27753,ventilation
27753,animal
27753,piglet
27753,nests
27753,livery
27753,yard
27753,mobile
27753,heating
27753,climate
27753,control
27753,cattle
27753,pig
27753,energy
27753,production
27753,management
27753,cogeneration
27753,photovoltaic
27753,automation
27753,und
27753,digitalisation
27556,feedstuff
27556,silo
31834,premixes
31834,pesticides
31834,feed
31834,additives
31834,flavourings
31834,anticaking
31834,agents
27377,software
27377,service
27377,saas
27377,applications
27377,management
27377,accounting
27377,apps
27759,stationary
27759,mucking
27759,substrate
27759,separators
27759,exhaust
27759,control
27759,slurry
27759,removal
27759,pumps
27759,manure
27759,hygienic
27759,treatment
27759,floor
27759,underfloor
27759,gate
27759,valves
27759,agitators
28868,biogas
28868,production
28868,substrate
28868,conditioning
28868,pumps
28868,gas
28868,holders
28868,cleaning
28868,fermenter
28868,heating
28868,dosing
28868,cover
28868,agitators
29053,slurry
29053,pumps
29053,recycling
29053,waste
29053,disposal
27990,nipple
27990,waterers
27990,pig
27990,housing
27990,humidifiers
27990,animal
27990,medicine
27990,dispensers
27990,cooling
27990,climate
27990,control
27646,straw
27646,bedding
27646,machine
27646,sheep
27646,goat
27646,feed
27646,stationary
27646,auto
27646,feeder
27646,incl
27646,robotic
27646,mixer
27646,trailed
27646,propelled
27646,diet
27735,preservatives
27735,phytogenic
27735,flavourings
27285,probiotics
27285,enzymes
27960,water
27960,treatment
27960,additives
27960,plant
27960,domestic
27960,supply
27960,mechanical
27960,biological
27547,piglet
27547,nests
27547,pig
27547,heating
27547,lamps
27547,nipple
27547,waterers
27547,finishing
27547,housing
27547,breeder
27547,sow
27795,financing
27795,leasing
27795,companies
27795,credit
27795,institutions
27795,banks
27795,savings
27795,insurances
33038,research
33038,institutes
33038,innovations
33038,agriculture
33038,sector
28266,sensors
28266,recording
28266,feed
28266,water
28266,intake
28266,sow
28266,management
28266,software
28266,apps
28266,pig
28266,scanners
28266,breeding
28266,supplies
28266,automated
28266,feeder
28266,backfat
28266,measuring
28266,automation
28266,und
28266,digitalisation
28266,animal
28266,arificial
28266,intelligence
28157,slatted
28157,floor
28157,pig
28157,piglet
28157,rearing
28157,fans
28157,energy
28157,generation
28157,feed
28157,heating
28157,lamps
28157,automated
28157,feeder
28157,management
28157,software
28157,heated
28157,plates
28157,mats
28157,grates
28157,food
28157,chain
28157,apps
28157,breeder
28157,sow
28157,housing
29011,premixes
29011,silage
29011,additives
29011,compound
29011,feed
29011,preservatives
29011,mycotoxin
29011,binders
29011,supplements
29011,emulsifiers
29011,stabilizers
29011,thickeners
29011,gelling
29011,agents
27975,silo
27975,filling
27975,tower
27975,unloaders
27975,distributors
27975,feed
27975,conveying
27975,animals
27975,conveyors
27975,chain
27975,accessory
27975,feedstuff
28956,veterinary
28956,diagnostics
28956,sensors
28956,oestrus
28956,monitoring
28956,measuring
28956,body
28956,temperature
28956,birth
28956,activity
28956,rumination
28956,calving
28956,insemination
28956,climate
28956,animal
28956,housing
28956,co2
28956,nh3
28956,dairy
28956,cattle
28956,breed
28227,forklifts
28227,loading
28227,stacking
28227,attachment
28227,mobile
28227,loader
28227,telehandlers
28227,farmyard
28227,bale
28227,telescopic
28227,wheel
28227,animal
28227,housing
28227,construction
28227,machinery
28227,front
28433,pressure
28433,washing
28433,washers
28433,disinfection
28433,cleaning
27799,poultry
27799,feed
27799,milling
27799,mixing
27799,metering
27799,pig
27799,moist
27799,maize
27799,mills
27799,stationary
27799,mobile
27799,cereal
27799,crushers
27799,mixer
27799,crushing
27799,compound
28390,premixes
28390,mineral
28390,feed
28390,additives
28390,supplements
28390,dairy
28390,cattle
28390,breed
29035,energy
29035,crop
29035,biogas
29035,production
29035,turnkey
29035,plant
29035,crops
27252,vitamins
27252,silage
27252,additives
27252,biogas
27252,production
27252,gas
27252,feed
27252,compound
27252,straight
27252,energy
27252,horse
27252,supplements
27252,pig
27252,cattle
28993,gas
28993,engines
28993,diesel
28993,chp
28993,cogeneration
28993,power
28993,stations
27272,complete
27272,feed
27841,farmyard
27841,loader
27841,forklifts
27841,loading
27841,stacking
27841,attachment
27841,bale
27841,telehandlers
27841,wheeled
27841,animal
27841,housing
27841,front
27841,telescopic
27841,wheel
29738,mineral
27489,water
27489,treatment
27489,additives
27489,silage
27489,slurry
27489,spices
27489,adjuvants
27489,feed
27489,mineral
28969,weighing
28969,wheeled
28969,loader
28969,telehandlers
28969,biogas
28969,production
28969,loading
28969,stacking
28969,attachment
28969,telescopic
28969,wheel
28969,manure
28969,slurry
28969,software
28969,applications
28969,cleaning
28969,collection
28969,robots
29057,fans
29057,energy
29057,generation
29057,gas
29057,compressors
29057,cleaning
27394,weighing
27394,weighbridges
27394,vaccination
27394,labelling
27394,grooming
27394,health
27394,cage
27394,hoof
27394,trimming
27394,dehorning
27394,calf
28124,research
28124,science
28124,institutes
28124,innovations
28124,agriculture
28124,sector
28124,training
28124,education
28124,colleges
28124,universities
27293,premixes
27293,compound
27293,feed
27293,straight
27293,phytogenic
27293,additives
27293,horse
27293,fish
27293,poultry
27293,pig
27293,fats
27293,oil
27293,cattle
28588,harvesting
28588,biogas
28588,production
28588,chopping
28588,transport
28588,vehicle
28588,energiepflanzen
28588,electronic
28588,farm
28588,management
28588,software
28588,applications
28171,pig
28171,feed
28717,biogas
28717,production
28717,seeds
28717,energy
28717,crop
28717,substrate
28717,fermentation
28717,analysis
28717,crops
28717,agents
29001,gas
29001,cleaning
29001,biogas
29001,production
29001,substrate
29001,conditioning
29001,dosing
29001,filling
32873,aspects
32873,management
32873,consulting
28224,cattle
28224,feeder
27626,warm
27626,air
27626,heating
27626,refrigerating
27626,ventilation
27626,climate
27626,control
27626,heat
27626,exchangers
27626,district
27626,stations
27626,local
27626,heaters
27626,animal
27626,housing
27837,sperm
27837,organisations
27837,associations
27837,embryos
27837,dairy
27837,cattle
27837,breed
27837,beef
33173,veterinary
28925,waste
28925,treatment
28883,biogas
28883,production
28883,telecommunication
28883,personal
28883,safety
28883,remote
28883,monitoring
28883,fermentation
28883,fermenter
27460,vitamins
28997,chp
28997,cogeneration
28997,power
28997,stations
28414,manure
28414,dung
28414,processing
28934,substrate
28934,conditioning
28934,cutting
27245,manure
27245,dung
27245,processing
27245,slurry
27245,pumps
27245,machine
27245,screw
27245,press
27245,cleaning
27245,collection
27245,robots
27486,veterinary
27486,vaccination
27486,tierpflegegeräte
27486,tiergesundheit
27338,country
27338,pavilions
27612,country
27612,pavilions
28316,spices
28316,additives
28316,adjuvants
28316,veterinary
28316,vitamins
28316,vaccines
28316,medicine
28316,protein
28316,feed
28316,management
28316,consultancy
28316,insect
28316,complete
28816,veterinary
28816,diagnostics
27700,premixes
27700,piglet
27700,rearing
27700,feed
27700,additives
27700,supplements
27700,compound
27700,poultry
27700,complete
27620,steeping
27620,plant
27620,cleaning
27620,animal
27620,housing
27620,trough
27620,waterers
27620,waste
27620,carcass
27620,disposal
27620,pressure
27620,washing
27620,washers
27620,cattle
27620,pig
27620,livestock
27620,scales
27620,disinfection
27620,manipulable
27620,management
27620,software
27432,amino
27432,acids
28529,personal
28529,protective
28529,agricultural
28529,boots
28402,veterinary
28402,vaccines
28402,medicine
27318,tandem
27318,milking
27318,parlours
27318,automatic
27318,milk
27318,tank
27318,cooling
27318,pipeline
27318,cans
27318,sheep
27318,goat
27318,machine
27318,herringbone
27318,bucket
28002,cleaning
28002,consumables
28002,farming
28002,inputs
28002,detergents
28002,disinfection
30509,manure
30509,slurry
28716,farmyard
28716,loader
28716,telehandlers
28716,loading
28716,stacking
28716,attachment
28716,mobile
28716,construction
28716,machinery
27845,premixes
27845,compound
27845,feed
27845,supplements
27845,poultry
27845,pig
27845,cattle
27845,complete
28092,silage
28092,clamp
28092,netting
28092,cover
28092,bag
28092,silo
28092,accessory
28092,pits
27930,segment
27930,insect
27930,production
27930,feed
28788,premixes
30517,processed
30517,animal
30517,protein
30517,plant
30517,hydrolysed
30517,origin
30517,feed
30517,fats
30517,oil
27406,silage
27406,additives
27406,trace
27406,elements
27406,probiotics
27406,preservatives
27406,phytogenic
27406,feed
27406,enzymes
27406,emulsifiers
27406,stabilizers
27406,thickeners
27406,gelling
27406,agents
27406,effective
27406,microotganisms
27406,colourants
27406,anticaking
32121,vitamins
27536,vitamins
27536,premixes
27536,piglet
27536,rearing
27536,feed
27536,mineral
27536,milk
27536,replacer
27536,mycotoxin
27536,binders
27536,flavourings
27536,supplements
27536,emulsifiers
27536,stabilizers
27536,thickeners
27536,gelling
27536,agents
27536,fats
27536,oil
27536,amino
27536,acids
28495,silo
28495,filling
28495,tower
28495,storage
28495,tank
28495,silage
28495,pits
28495,clamp
28495,construction
28495,feedstuff
28495,cereal
29804,sensors
29804,actuators
29804,electronic
29804,control
29804,units
29804,ecu
29804,fish
29804,farming
29804,agricultural
29804,machinery
29804,electronics
31822,measuring
28501,sheep
28501,goat
28501,housing
28501,structures
28501,elements
28501,roofing
28501,poultry
28501,pig
28501,horse
28501,stables
28501,cattle
28501,animal
28501,floor
28501,screeds
28337,animal
28337,housing
28337,sheep
28337,goat
28337,poultry
28337,feed
28337,piglet
28337,rearing
28337,pig
28337,manipulable
28337,automated
28337,feeder
28337,heated
28337,plates
28337,mats
28337,floor
28337,grates
28337,finishing
28337,farrowing
28337,pens
27900,feed
27900,management
27900,consultancy
28277,animal
28277,care
28277,agents
28277,mangers
28277,trough
28277,automated
28277,feeder
28277,calf
27925,pasteurization
27925,milk
27925,automatic
27925,milking
27925,tank
27925,parlours
27925,rotary
27925,cooling
27925,pipeline
27925,sheep
27925,goat
27925,machine
27925,herringbone
27925,bucket
28499,automatic
28499,milking
28499,tandem
28499,parlours
28499,rotary
28499,machine
28499,herringbone
27415,vitamins
27415,trace
27415,elements
27415,amino
27415,acids
28419,farm
28419,inputs
28419,consumables
28419,animal
28419,care
28419,agents
28419,horse
28419,feed
28419,incubators
28419,cattle
28419,feeder
28419,pig
28419,hay
28419,racks
28419,equine
28419,fence
28419,grooming
28419,health
28419,brooders
27207,mineral
27207,mycotoxin
27207,binders
27207,emulsifiers
27207,stabilizers
27207,thickeners
27207,gelling
27207,agents
27207,anticaking
27594,manure
27594,dung
27594,processing
27594,seeds
27594,fertilizers
27594,plant
27594,protection
27594,growth
27594,regulators
27868,semen
27868,packaging
27868,transportation
27868,conservation
27868,reproduction
27868,instruments
27868,supplies
27868,pig
27868,breeding
27868,lab
27868,insemination
27868,horse
27868,cattle
27868,animal
28049,disinfectants
27561,slurry
27561,removal
27561,cleaning
27561,manure
27561,collection
27561,robots
28077,raw
28077,vitamins
28077,feed
28077,additives
28077,amino
28077,acids
28253,aspects
28253,associations
28253,media
27726,premixes
27726,piglet
27726,rearing
27726,feed
27726,mineral
27726,additives
27726,fish
27726,insect
27726,supplements
27726,compound
27726,poultry
27726,pig
27726,cattle
27726,mixer
27726,complete
28544,milling
28544,mixing
28544,metering
28544,feed
28544,tierpflegegeräte
28544,tiergesundheit
28544,pressure
28544,washers
28544,medicine
28544,dispensers
28544,disinfection
28544,cleaning
28976,biogas
28976,production
29049,straight
29049,feed
29049,protein
29049,energy
29049,additives
29049,supplements
27635,waste
27635,air
27635,treatment
27635,cleaning
27635,biogas
27635,production
27635,ducts
27635,exhaust
27635,shafts
27635,ventilation
27635,animal
27635,housing
27635,heat
27635,exchangers
27635,photovoltaics
27635,humidifiers
27635,heating
27635,lights
27635,climate
27635,control
27635,alarm
27656,manipulable
27656,pig
30665,sensors
30665,oestrus
30665,monitoring
30665,tierpflegegeräte
30665,tiergesundheit
30665,implants
30665,boluses
30665,animal
30665,breeding
28290,turkeys
28290,hatch
28290,egg
28290,chicks
27265,manure
27265,slurry
27265,spreading
30177,automatic
30177,milking
30177,sensors
30177,oestrus
30177,monitoring
30177,birth
30177,activity
30177,rumination
30177,calving
30177,internet
30177,iot
30177,dairy
30177,cattle
30177,breed
28865,gas
28865,engines
27436,slatted
27436,floor
27436,pig
27436,piglet
27436,rearing
27436,exhaust
27436,control
27436,nests
27436,housing
27436,sensors
27436,implants
27436,boluses
27436,conveyors
27436,mats
27436,cleaning
27436,disinfection
27436,automation
27436,und
27436,digitalisation
27436,farrowing
27436,pens
27441,vitamins
27441,premixes
27441,compound
27441,feed
27441,mineral
27441,milk
27441,replacer
27441,mycotoxin
27441,binders
27441,supplements
27441,poultry
27441,organic
27441,farming
27441,pig
27441,cattle
27441,complete
27999,trading
27999,vegetable
27999,protein
27999,feed
27999,premixes
27999,straight
27999,organic
27999,farming
27999,energy
28912,process
28912,control
28912,metrology
28912,gas
28912,analysis
28436,poultry
28436,breeding
28436,supplies
28436,animal
27985,veterinary
27985,vaccination
28163,water
28163,treatment
28163,additives
28163,animal
28163,care
28163,agents
28163,plant
28163,stationary
28163,auto
28163,feeder
28163,incl
28163,robotic
28163,tierpflegegeräte
28163,tiergesundheit
28163,disinfectants
28163,detergents
28163,pest
28163,control
28163,hygiene
28163,disinfection
28163,cleaning
28163,hoof
28163,trimming
28163,stands
28001,poultry
28001,housing
28001,pig
28001,feed
28001,conveyors
28001,chain
28001,liquid
28001,feeder
28001,fencing
28001,finishing
28001,breeder
28001,sow
28001,ceiling
28001,partition
28001,barriers
28570,milk
28570,container
28570,cooling
28570,tank
28570,towers
28510,poultry
28510,housing
28510,heat
28510,recycling
28510,installations
28510,fans
28510,energy
28510,generation
28510,emission
28510,exhaust
28510,exchangers
28510,district
28510,heating
28510,pig
28219,veterinary
27859,straw
27859,pellets
27859,wood
27859,milling
27859,mixing
27859,metering
27859,choppers
27859,sieves
27859,screens
27859,shredders
27859,feed
27859,press
27859,separators
27859,pelleting
27859,hammer
27859,mills
27859,extruders
28061,waste
28061,air
28061,ducts
28061,exhaust
28061,shafts
28061,fans
28061,energy
28061,generation
28061,ventilation
28061,animal
28061,housing
28061,pig
28061,recycling
28061,disposal
28061,disinfection
28061,cleaning
28061,management
28061,software
28061,climate
28061,control
28061,finishing
28061,automation
28061,und
28061,digitalisation
28061,breeding
31878,software
31878,service
31878,saas
31878,cloud
31878,applications
31878,management
28225,tattooing
28225,implements
28225,forceps
28225,veterinary
28225,vaccination
28225,shearing
28225,ear
28225,tags
28225,pliers
28225,reproduction
28225,instruments
28225,supplies
28225,isoflurane
28225,anaesthesia
28225,piglet
28225,castration
28225,hoof
28225,trimming
28225,dehorning
28225,calf
28225,hand
28225,yard
28225,sheds
28225,cutting
28429,silo
28429,filling
28429,milk
28429,tank
28429,storage
28429,accessory
28429,grain
28429,pre
28429,cleaners
28429,elevators
28429,multi
28429,purpose
28429,farm
28429,building
28429,chain
28429,conveyors
28429,auger
28429,cereal
27836,raw
27836,mineral
27836,feed
27836,additives
27836,mycotoxin
27836,binders
32882,vitamins
32882,probiotics
32882,enzymes
32882,feed
32882,fats
32882,oil
28524,egg
28524,hatching
28524,incubators
28524,hatchers
28524,brooders
28524,automated
28524,brooding
28117,vitamins
28117,phytogenic
28117,enzymes
28117,emulsifiers
28117,stabilizers
28117,thickeners
28117,gelling
28117,agents
28117,amino
28117,acids
28519,piglet
28519,nurses
28519,pig
28519,feed
28519,interval
28519,feeder
28519,sensors
28519,automated
31877,vitamins
31520,insect
31520,feed
31520,food
31520,special
31520,machine
31520,breeding
31520,husbandry
31520,foods
31520,segment
31520,production
31520,inhouse
31520,farming
28555,rotary
28555,milking
28555,parlours
28555,machine
27529,premixes
27529,phytogenic
27529,feed
27529,additives
27529,supplements
27529,flavourings
27676,vitamins
27676,feed
27676,additives
27676,mineral
27676,amino
27676,acids
28736,vitamins
28736,trace
28736,elements
28736,probiotics
28736,phytogenic
28736,mineral
28736,flavourings
28736,amino
28736,acids
28185,phytogenic
28185,feed
28185,additives
27185,vitamins
27185,trace
27185,elements
27185,probiotics
27185,feed
27185,additives
27185,supplements
27971,project
27971,consultancy
27971,aspects
27971,management
27971,consulting
27971,research
27971,science
27971,associations
27971,feed
27971,business
27971,administration
27971,agricultural
27971,engineering
33071,trailers
33071,yard
33071,sweeper
33071,slurry
33071,tankers
33071,pumps
33071,manure
33071,spreading
28411,silage
28411,additives
28411,vitamins
28411,trace
28411,elements
28411,probiotics
28411,phytogenic
28411,feed
28411,enzymes
28411,amino
28411,acids
28539,pig
28539,indoor
28539,calf
28539,huts
28539,beef
28539,cattle
28539,housing
28539,breed
28860,aspects
28860,management
28860,consulting
28860,gas
28860,cleaning
28860,biogas
28860,production
28860,waste
28860,air
28860,exhaust
28860,drying
28860,recycling
28860,disposal
28860,activated
28860,carbon
28860,fermentation
28860,agents
28358,sensors
28358,recording
28358,feed
28358,water
28358,intake
28358,rfid
28358,transponder
28358,readers
28358,oestrus
28358,monitoring
28358,software
28358,cloud
28358,misc
28358,animal
28358,identification
28358,activity
28358,rumination
27988,veterinary
27988,diagnostics
27988,tierpflegegeräte
27988,tiergesundheit
27988,grooming
27790,pasture
27790,fence
27790,equine
27790,feed
27790,game
27790,electric
27790,cattle
27790,energizers
27790,batteries
28728,premixes
28728,mineral
28728,feed
28728,supplements
28728,compound
28728,poultry
28728,pig
28728,cattle
28728,complete
28967,biogas
28967,production
28967,turnkey
28967,plant
28963,slurry
28963,pumps
28963,substrate
28963,conditioning
28963,cutters
28963,mincers
28963,choppers
28963,feed
28425,organisations
28425,research
28425,science
28425,misc
28425,training
28425,education
28425,innovations
28425,agriculture
28425,sector
28425,expert
28425,stages
27192,software
27192,cloud
27192,management
27192,accounting
27192,apps
28066,grain
28066,ventilators
28066,hammer
28066,mills
28066,pre
28066,cleaners
28066,auger
28066,conveyors
28066,crushing
28066,feedstuff
28066,silo
28066,cereal
28792,complete
28792,feed
27438,premixes
27438,silage
27438,additives
27438,preservatives
27438,phytogenic
27438,feed
27438,bedding
27438,powder
27438,mycotoxin
27438,binders
27884,pesticides
27884,insecticides
27884,disinfectants
27884,detergents
27755,plastic
27755,bag
27755,sealers
27755,palletizers
27755,packaging
27755,machine
27755,labelling
27755,pallets
27755,films
27755,clipping
27755,bagging
27755,scales
27755,pelleting
27755,press
27755,extruders
28248,vitamins
28248,trace
28248,elements
28248,probiotics
28248,preservatives
28248,phytogenic
28248,feed
28248,additives
28248,mycotoxin
28248,binders
28248,flavourings
28248,compound
28248,poultry
28248,effective
28248,microotganisms
28248,amino
28248,acids
28581,veterinary
27528,vitamins
27528,compound
27528,feed
27528,additives
27528,poultry
27528,organic
27528,farming
27528,pig
27528,colourants
27528,cattle
27528,amino
27528,acids
28996,biogas
28996,production
28996,fuel
28996,usage
28996,societies
28996,clubs
28996,information
28996,stands
28996,ministries
28996,energy
28996,cropping
28996,solid
28996,bio
28996,innovations
28996,research
28996,agriculture
28996,sector
28996,growing
28996,harvesting
28996,processing
31396,tower
31396,silo
31396,unloaders
31396,silage
31396,cutters
31396,feedstuff
28234,slatted
28234,floor
28234,pig
28234,turnkey
28234,project
28234,farming
28234,piglet
28234,nests
28234,housing
28234,automated
28234,feeder
28234,heated
28234,plates
28234,mats
28234,grates
28234,finishing
28234,farrowing
28234,pens
28234,breeder
28234,sow
28293,pressure
28293,washers
28293,cleaning
28293,disinfection
31685,shearing
31685,boxes
31685,grooming
28229,weighing
28229,rod
28229,feed
28229,mixing
28229,carts
28229,silo
28229,scales
28229,livestock
27894,veterinary
27894,hay
27894,racks
27894,mangers
27894,trough
27894,ear
27894,tags
27894,pliers
27894,fencing
27894,drinking
27894,bowls
28064,veterinary
28064,sheep
28064,excl
28064,live
28064,rams
28064,pig
28064,insemination
28064,dairy
28064,cattle
28064,breed
28064,beef
32317,veterinary
27302,feed
27302,additives
27302,amino
27302,acids
28547,tower
28547,silo
28547,storage
28547,tank
28547,accessory
28547,clamping
28547,feed
28547,feedstuff
28547,bins
28547,cereal
31831,beef
31831,cattle
31831,breed
28152,flooring
28152,animal
28152,housing
28152,floor
28152,screeds
27502,moist
27502,maize
27502,mills
27502,milling
27502,mixing
27502,stationary
27502,mobile
27502,hammer
27502,crushing
29837,sensors
29837,oestrus
29837,monitoring
29837,software
29837,service
29837,saas
29837,measuring
29837,body
29837,temperature
29837,birth
29837,activity
29837,ear
29837,tags
29837,pliers
29837,rumination
29837,calving
29837,management
29837,machine
29837,learing
29837,cattle
29837,apps
29837,analysis
28314,direct
28314,selling
28314,food
28314,vending
28314,machine
28074,tattooing
28074,implements
28074,forceps
28074,veterinary
28074,vaccination
28074,misc
28074,animal
28074,identification
28074,marking
28074,punches
28074,ear
28074,tags
28074,pliers
28074,shearing
28074,sensors
28074,implants
28074,boluses
28074,hoof
28074,trimming
28074,grooming
28074,dehorning
28074,calf
28074,breeding
27467,slatted
27467,floor
27467,cattle
27467,pig
27467,mats
27467,grates
27467,animal
27467,housing
27467,screeds
30516,biogas
30516,production
30516,exhaust
30516,gas
30516,cleaning
27333,silage
27333,additives
27333,probiotics
27333,preservatives
27333,feed
27333,mycotoxin
27333,binders
27333,flavourings
27333,enzymes
27333,emulsifiers
27333,stabilizers
27333,thickeners
27333,gelling
27333,agents
27333,colourants
27333,amino
27333,acids
27783,vitamins
27783,phytogenic
27783,feed
27783,additives
28273,premixes
28273,vitamins
28273,trace
28273,elements
28273,feed
28273,additives
28273,supplements
27322,milking
27322,machine
27239,cleaning
27239,consumables
27239,farming
27239,inputs
27239,disinfection
27607,silage
27607,additives
27607,clamp
27607,netting
27607,silo
27607,accessory
27607,feed
27607,mycotoxin
27607,binders
27607,clamping
27607,storage
27607,sheeting
27607,bag
28932,wet
28932,fermentation
28932,biogas
28932,production
28932,turnkey
28932,plant
28932,substrate
28932,analysis
28932,remote
28932,monitoring
28932,gas
28932,conditioners
28932,power
28932,generating
28932,pumps
28932,compressors
28932,dry
28932,agitators
28932,chp
28932,cogeneration
28932,stations
28719,feed
28719,additives
27771,building
27771,insulating
27771,flooring
27693,silage
27693,additives
27693,probiotics
27693,enzymes
28915,project
28915,development
28915,energy
28915,sector
28915,biogas
28915,production
28915,process
28915,control
28915,telecommunication
28915,turnkey
28915,plant
28915,remote
28915,monitoring
28915,gas
28915,pipe
28915,lines
28915,closed
28915,loop
28915,consultant
28915,engineers
28915,designers
28915,consultancy
27232,compound
27232,feed
27232,cattle
27232,complete
27418,silage
27418,additives
27418,piglet
27418,rearing
27418,feed
27418,compound
27418,mineral
27418,fish
27418,poultry
27418,pig
27418,cattle
27418,complete
29743,pig
28300,premixes
28300,piglet
28300,rearing
28300,feed
28300,mineral
28300,milk
28300,replacer
28300,phytogenic
28300,fish
28300,mycotoxin
28300,binders
28300,supplements
28300,compound
28300,poultry
28300,pig
28300,cattle
28300,complete
27539,feed
27539,additives
27731,milk
27731,replacer
27731,feed
27731,additives
27731,supplements
28018,piglet
28018,nurses
28018,rearing
28018,feed
28018,milk
28018,replacer
28018,supplements
28018,emulsifiers
28018,stabilizers
28018,thickeners
28018,gelling
28018,agents
28080,preservatives
28080,feed
28080,additives
28080,enzymes
28080,emulsifiers
28080,stabilizers
28080,thickeners
28080,gelling
28080,agents
28080,effective
28080,microotganisms
28080,amino
28080,acids
31355,slurry
31355,additives
31355,waste
31355,treatment
31355,research
31355,science
31355,exhaust
31355,control
31355,substrate
31355,conditioners
31355,innovations
31355,agriculture
31355,sector
31355,manure
31355,storage
31355,production
31355,deodorising
31355,liquid
31355,acidification
31355,conditioning
31355,composting
31867,silage
31867,additives
31867,preservatives
31867,feed
27216,vitamins
27216,feed
27216,additives
27216,mycotoxin
27216,binders
27216,amino
27216,acids
27749,piglet
27749,rearing
27749,feed
27749,compound
27749,liquid
27749,feeder
27749,mineral
27749,sensors
27749,additives
27749,fish
27749,poultry
27749,pig
27749,cattle
27749,complete
27680,premixes
27680,veterinary
27680,vitamins
27680,trace
27680,elements
27680,probiotics
27680,medicine
27680,phytogenic
27680,feed
27680,additives
27680,mycotoxin
27680,binders
27680,supplements
27680,colourants
27680,amino
27680,acids
27466,vitamins
27466,phytogenic
27466,mycotoxin
27466,binders
27466,enzymes
27466,amino
27466,acids
27590,probiotics
27590,phytogenic
27590,feed
27590,additives
27590,mycotoxin
27590,binders
27590,flavourings
27590,enzymes
27590,colourants
27308,vitamins
27308,feed
27308,additives
27308,mycotoxin
27308,binders
27308,anticaking
27308,agents
27801,premixes
27801,vitamins
27801,trace
27801,elements
27801,mineral
27801,feed
27801,milk
27801,replacer
27801,additives
27801,fish
27303,feed
27303,additives
28789,complete
28789,feed
31294,vitamins
31294,trace
31294,elements
31294,probiotics
31294,medicine
31294,feed
31294,additives
31294,mycotoxin
31294,binders
31294,supplements
31294,enzymes
31294,amino
31294,acids
27477,silage
27477,additives
27477,premixes
27477,trace
27477,elements
27477,mineral
27477,feed
27477,preservatives
27477,milk
27477,replacer
27477,licking
27477,block
27477,mycotoxin
27477,binders
27477,supplements
27477,compound
27477,pig
27477,complete
27914,premixes
27914,compound
27914,feed
27914,mineral
27914,additives
27914,supplements
27914,organic
27914,farming
27914,cattle
27914,complete
28299,silage
28299,additives
28299,preservatives
28299,feed
28475,pig
28475,feed
28475,probiotics
28475,phytogenic
28475,additives
28475,mycotoxin
28475,binders
28475,emulsifiers
28475,stabilizers
28475,thickeners
28475,gelling
28475,agents
27313,storage
27313,tank
27313,clamping
27313,feed
28790,complete
28790,feed
27937,cattle
27937,housing
27937,breeding
27937,supplies
31725,probiotics
31725,phytogenic
31725,feed
31725,additives
31725,mycotoxin
31725,binders
31725,amino
31725,acids
31725,algae
27770,feed
27770,phosphates
28872,lab
28872,testing
28872,analysis
28376,trough
28376,waterers
28376,hay
28376,racks
28376,pasture
28376,nipple
28376,automated
28376,pig
28376,feeder
30695,poultry
30695,housing
27969,milk
27969,replacer
27969,feed
27969,additives
27969,supplements
27969,emulsifiers
27969,stabilizers
27969,thickeners
27969,gelling
27969,agents
27805,vitamins
27805,phytogenic
27805,feed
27805,additives
27575,compound
27575,feed
27203,animal
27203,feed
27203,additives
27203,compound
27203,supplements
28543,structures
28543,elements
28543,roofing
28543,ceiling
28543,partition
31301,spezielle
31301,maschinen
31301,und
31301,zubehör
31301,für
31301,insektenzucht
31301,haltung
31301,food
31301,turnkey
31301,project
31301,insect
31301,production
31301,breeding
31301,units
28579,stationary
28579,auto
28579,feeder
28579,incl
28579,robotic
28579,cattle
28891,biogas
28891,production
28891,temperature
28891,sensors
28891,probes
28891,control
28891,gas
28891,warning
28891,power
28891,generating
28891,holders
28891,cleaning
28891,closed
28891,loop
28891,generators
28891,heat
28891,exchangers
28891,heating
28891,refrigerating
28891,engines
28891,chp
28891,cogeneration
28891,stations
28177,automatic
28177,milking
28177,tandem
28177,parlours
28177,rotary
28177,machine
28177,herringbone
32316,veterinary
32316,diagnostics
27332,vitamins
27332,silage
27332,additives
27332,trace
27332,elements
27332,probiotics
27332,feed
27332,flavourings
27332,enzymes
27332,emulsifiers
27332,stabilizers
27332,thickeners
27332,gelling
27332,agents
27332,effective
27332,microotganisms
27332,colourants
27332,anticaking
27332,amino
27332,acids
27579,sperm
27579,embryos
27579,insemination
27579,dairy
27579,cattle
27579,breed
27579,breeding
27579,supplies
27579,animal
28444,slatted
28444,floor
28444,cattle
28444,pig
28444,cubicle
28444,structures
28444,elements
28444,beef
28444,housing
28444,grates
28444,animal
28444,screeds
27658,elevators
27604,silage
27604,additives
27604,animal
27604,care
27604,agents
27604,feed
28320,veterinary
27349,premixes
28208,water
28208,quality
28208,monitoring
28208,alarm
28208,sheep
28208,excl
28208,live
28208,rams
28208,pig
28208,breeding
28208,programme
28208,aspects
28208,layers
28208,hatch
28208,egg
28208,washing
28208,disinfecting
28208,brooders
28208,fish
28208,dairy
28208,cattle
28208,breed
28208,chicks
28208,broilers
28208,beef
28251,veterinary
28417,milk
28417,container
28417,cooling
28417,tank
28417,cold
28417,accumulators
28417,battery
28417,storage
27687,animal
27687,breeding
27978,compound
27978,poultry
27978,feed
27978,pig
27978,cattle
27470,ducks
27592,building
27592,structures
31290,pig
31290,housing
31290,calf
31290,huts
31290,breeder
31290,sow
28162,trace
28162,elements
32319,hoof
32319,trimming
28725,feed
28725,additives
27686,premixes
27686,straight
27686,feed
27686,phytogenic
27686,additives
27686,mineral
27686,supplements
27686,enzymes
27686,emulsifiers
27686,stabilizers
27686,thickeners
27686,gelling
27686,agents
27686,fats
27686,oil
27673,windbreak
27673,cubicle
27673,pasture
27673,fence
27673,hay
27673,racks
27673,waterers
27673,livestock
27673,scales
27673,automated
27673,feeder
27673,calf
27673,frost
27673,proof
27673,cattle
27673,housing
27673,electric
27673,energizers
27673,huts
28058,tandem
28058,milking
28058,parlours
28058,automatic
28058,rotary
28058,pipeline
28058,sheep
28058,goat
28058,herringbone
28058,bucket
28355,farmyard
28355,loader
28355,wheeled
28355,mixer
28355,feeder
28355,trailed
30511,stationary
30511,auto
30511,feeder
30511,incl
30511,robotic
30511,cattle
30511,feed
30511,conveyors
30511,mixer
30511,chain
30511,auger
30511,compound
28179,slurry
28179,additives
28179,water
28179,treatment
28179,straight
28179,feed
28973,gas
28973,cleaning
28973,biogas
28973,production
31395,vitamins
31395,poultry
31395,feed
31395,probiotics
31395,preservatives
31395,additives
31395,mycotoxin
31395,binders
31395,enzymes
31395,compound
31395,effective
31395,microotganisms
31395,pig
31395,cattle
31395,amino
31395,acids
28184,mineral
28184,feed
28184,additives
28184,supplements
28184,compound
28184,cattle
27527,manure
27527,slurry
27527,spreading
27766,stationary
27766,mucking
27766,slurry
27766,removal
27766,mobile
27766,floor
27766,underfloor
27766,gate
27766,valves
28861,biogas
28861,production
29037,lubricating
29037,oil
27369,milk
27369,container
27369,cooling
27369,tank
27369,processing
28968,special
28968,machinery
28968,aeroponics
28968,hydroponics
28968,aquaponics
28968,misc
28968,segment
28968,sonstige
28968,bereichsübergreifende
28968,technik
28968,für
28968,inhouse
28968,farming
27518,diet
27518,mixer
27518,feeder
28895,poultry
28895,feed
28496,premixes
28496,piglet
28496,rearing
28496,feed
28496,compound
28496,mineral
28496,milk
28496,replacer
28496,licking
28496,block
28496,mycotoxin
28496,binders
28496,supplements
28496,poultry
28496,pig
28496,cattle
28496,complete
27229,premixes
27229,feed
27229,additives
27229,supplements
27229,compound
27229,poultry
27229,pig
27229,cattle
27274,vitamins
27274,trace
27274,elements
27274,probiotics
27274,feed
27274,additives
27274,mycotoxin
27274,binders
27274,flavourings
27274,enzymes
27274,colourants
27274,amino
27274,acids
27582,silage
27582,additives
27582,probiotics
27637,mineral
27637,feed
27637,phosphates
27637,algae
27734,trace
27734,elements
27734,feed
27734,additives
27734,flavourings
27750,compound
27750,feed
27750,organic
27750,farming
27750,cattle
27193,feed
27193,additives
28350,pig
28303,sperm
28303,semen
28303,packaging
28303,transportation
28303,pig
28303,feed
28303,housing
28303,breeding
28303,supplies
28303,manipulable
28303,insemination
28303,animal
31296,process
31296,management
31296,temperature
31296,sensors
31296,precision
31296,digital
31296,farming
31296,actuators
31296,agricultural
31296,machinery
31296,electronics
31296,water
31296,treatment
31296,pig
31296,measuring
31296,testing
31296,feed
31296,software
31296,climate
31296,animal
31296,housing
31296,co2
31296,nh3
31296,internet
31296,iot
31296,livestock
27522,sensors
27522,recording
27522,feed
27522,water
27522,intake
27522,traceability
27522,measuring
27522,body
27522,temperature
27522,tierpflegegeräte
27522,tiergesundheit
27522,scales
27522,activity
27522,monitoring
27522,grooming
27522,health
27522,databases
27754,ventilation
27754,storage
27754,animal
27754,housing
27754,hay
27754,ventilators
27754,grain
27754,fans
33172,parlour
33172,cleaning
33172,disinfecting
33172,bedding
33172,farm
33172,ground
33172,scare
28439,package
28439,shops
28439,packaging
28439,clamp
28439,sheeting
28076,tandem
28076,milking
28076,parlours
28076,automatic
28076,milk
28076,container
28076,cooling
28076,tank
28076,pipeline
28076,sheep
28076,goat
28076,machine
28076,herringbone
28076,bucket
28128,milk
28128,filters
28128,pasteurization
28128,tank
28128,processing
28128,cheese
28128,dairy
27339,water
27339,treatment
27339,additives
27339,slurry
27339,straight
27339,feed
27339,organic
27339,farming
27339,manure
27339,spreading
27339,aquaculture
27838,molassing
27838,mixing
27838,blending
27838,milling
27838,stationary
27838,mobile
27838,dosing
28469,storage
28469,tank
28469,silo
28469,accessory
28469,feedstuff
28469,cereal
27179,vitamins
27179,probiotics
27179,feed
27179,additives
27179,emulsifiers
27179,stabilizers
27179,thickeners
27179,gelling
27179,agents
27179,amino
27179,acids
28189,workwear
28189,personal
28189,safety
28189,hygiene
28189,protective
28189,occupational
28189,health
28189,protection
28189,aid
28189,fisch
28189,farming
28189,clothes
28189,agricultural
28189,boots
28426,piglet
28426,rearing
28426,storage
28426,tank
28426,pig
28426,feed
28426,silo
28426,accessory
28426,silage
28426,pits
28426,automated
28426,feeder
28426,conveyors
28426,chain
28426,feedstuff
28426,cereal
28521,ventilation
28521,storage
28521,animal
28521,housing
28521,humidifiers
28521,fans
27562,premixes
27562,raw
27562,feed
27562,additives
27562,mineral
27562,mycotoxin
27562,binders
27562,supplements
27562,colourants
27562,anticaking
27562,agents
32648,poultry
32648,housing
32648,ventilation
32648,animal
32648,heating
32648,climate
32648,control
32648,cattle
32648,pig
32648,heaters
32648,fans
32648,cooling
28472,feed
28472,additives
28262,vitamins
28262,trace
28262,elements
28262,probiotics
28262,preservatives
28262,phytogenic
28262,feed
28262,additives
28262,mycotoxin
28262,binders
28262,flavourings
28262,enzymes
28262,emulsifiers
28262,stabilizers
28262,thickeners
28262,gelling
28262,agents
28262,effective
28262,microotganisms
28262,amino
28262,acids
27825,premixes
27825,vitamins
27825,trace
27825,elements
27825,probiotics
27825,mineral
27825,feed
27825,preservatives
27825,phytogenic
27825,mycotoxin
27825,binders
27825,enzymes
27825,colourants
27825,anticaking
27825,agents
27825,amino
27825,acids
28887,biogas
28887,production
28887,remote
28887,monitoring
28887,servicing
28887,energy
28887,sector
28887,power
28887,generating
28887,generators
28887,maintenance
28887,gas
28887,engines
28887,emergency
28887,chp
28887,cogeneration
28887,stations
32881,consultant
32881,engineers
32881,designers
32881,energy
32881,sector
32881,battery
32881,storage
29843,tube
29843,silo
29843,tower
29843,hose
29843,cleaning
29843,accessory
29843,moist
29843,cereal
29843,hay
29843,feedstuff
27449,poultry
27449,housing
27449,animal
27449,sheep
27449,goat
27449,piglet
27449,nests
27449,cattle
27449,pig
27449,heated
27449,plates
27449,mats
27449,floor
27449,grates
27449,farrowing
27449,pens
28465,warm
28465,air
28465,filters
28465,ventilation
28465,animal
28465,housing
28465,heating
28465,climate
28465,control
28465,cleaners
28465,cleaning
28465,fans
28465,cooling
28566,feed
28566,additives
28998,biogas
28998,production
28998,turnkey
28998,plant
28998,energy
28998,crops
28430,silage
28430,additives
28430,vitamins
28430,trace
28430,elements
28430,probiotics
28430,preservatives
28430,phytogenic
28430,feed
28430,mycotoxin
28430,binders
28430,enzymes
28430,effective
28430,microotganisms
28430,anticaking
28430,agents
28430,amino
28430,acids
27295,premixes
27295,vitamins
27295,phytogenic
27295,feed
27295,additives
27295,mycotoxin
27295,binders
27295,supplements
27295,emulsifiers
27295,stabilizers
27295,thickeners
27295,gelling
27295,agents
27454,automatic
27454,milking
27454,milk
27454,processing
27454,machine
32947,stationary
32947,auto
32947,feeder
32947,incl
32947,robotic
28493,veterinary
28493,animal
28493,care
28493,agents
28493,hoof
28493,trimming
27328,bedding
27328,powder
32119,premixes
32119,trace
32119,elements
32119,mineral
32119,feed
28597,vitamins
28597,probiotics
28597,feed
28597,additives
28597,flavourings
28597,enzymes
28597,amino
28597,acids
28923,redox
28923,measuring
28923,instruments
28923,metrology
28923,gas
28923,analysis
28624,veterinary
28624,vitamins
28624,probiotics
28624,phytogenic
28624,feed
28624,additives
28624,supplements
28624,enzymes
28624,amino
28624,acids
28069,breeding
28069,programme
28069,aspects
27512,probiotics
27512,feed
27512,additives
27512,flavourings
27629,windows
27629,doors
27629,building
27629,cattle
27629,feed
27629,fence
27629,flooring
27629,fittings
27315,water
27315,treatment
27315,additives
27315,poultry
27315,feed
27315,pig
27315,fish
27315,supplements
27315,compound
27315,cattle
33077,veterinary
27765,silage
27765,additives
27765,trace
27765,elements
27765,probiotics
27765,preservatives
27765,feed
27765,enzymes
27765,effective
27765,microotganisms
27765,algae
32318,pressure
32318,washing
32318,cleaning
32318,manure
32318,collection
32318,robots
28809,milk
28809,replacer
28809,compound
28809,poultry
28809,feed
28809,pig
28809,cattle
28809,complete
28169,solar
28169,panel
28169,pig
28169,housing
28169,automated
28169,chicken
28169,feeder
28169,indoor
28169,electronic
28169,control
28169,units
28169,ecu
28169,outdoor
28169,farming
28169,free
28169,range
28169,aviaries
28169,finishing
28169,farrowing
28169,pens
28169,breeder
28169,sow
28009,premixes
28009,seeds
28009,fertilizers
28009,plant
28009,protection
28009,growth
28009,regulators
28170,poultry
28170,feed
28170,ground
28170,feeder
28170,heat
28170,exchangers
28170,heating
28170,ventilation
28170,climate
28170,control
28170,cattle
28170,housing
28170,sensors
28170,automated
28170,pig
28170,heaters
28170,fans
28170,finishing
28170,animal
28170,air
28170,conditioning
28880,energy
28880,crop
28880,biogas
28880,production
28880,turnkey
28880,plant
28880,crops
28331,weighbridges
28331,weighing
28331,rod
28331,feed
28331,mixing
28331,carts
28331,silo
28331,scales
28331,livestock
28331,bagging
28331,hygrometers
28331,cattle
28331,management
28331,software
28331,apps
28274,veterinary
28274,silage
28274,additives
28274,substrates
28274,nutrition
28274,media
28274,vaccines
28274,diagnostics
28274,pig
28274,layers
28274,poultry
28274,breeding
28274,supplies
28274,chicks
28274,broilers
28309,parlour
28309,cleaning
28309,disinfecting
28309,disinfection
28259,milking
27325,animal
27325,housing
27325,disinfection
27325,sprayers
28140,silage
28140,additives
28140,trace
28140,elements
28140,probiotics
28140,straight
28140,feed
28140,preservatives
28140,phytogenic
28140,bedding
28140,powder
28140,mineral
28140,mycotoxin
28140,binders
28140,fermentation
28140,agents
28140,algae
29059,special
29059,machinery
29059,hydroponics
29059,misc
29059,segment
28908,slurry
28908,pumps
29067,hydropower
29067,lubricating
29067,oil
29067,electricity
29067,distribution
29067,greases
29067,wind
29067,park
29067,gas
29067,engines
28528,fans
32126,pig
32126,housing
32126,pressure
32126,washers
32126,heaters
32126,animal
32126,disinfection
32126,sprayers
27273,poultry
27273,housing
31887,veterinary
27643,air
27643,conditioning
27643,animal
27643,housing
31718,tower
31718,silo
31718,scales
31718,ventilation
31718,animal
31718,housing
31718,egg
31718,packing
31718,machine
31718,fans
31718,climate
31718,control
31718,alarm
27405,piglet
27405,nests
27405,farrowing
27405,pens
27405,breeder
27405,sow
27405,housing
28054,milk
28054,container
28054,cooling
28126,feed
28126,additives
28126,mycotoxin
28126,binders
28126,emulsifiers
28126,stabilizers
28126,thickeners
28126,gelling
28126,agents
28598,poultry
28598,housing
28598,slatted
28598,floor
28598,pig
28598,structures
28598,elements
28598,laying
28598,nests
28598,roofing
28598,automated
28598,feeder
28598,cage
28598,finishing
28598,farrowing
28598,pens
27202,amino
27202,acids
27268,pig
28573,farmyard
28573,loader
28573,excavators
28573,animal
28573,housing
28573,paddocks
28573,indoor
28573,outdoor
28573,stalls
28573,dumpers
27600,poultry
27600,heating
27600,lamps
27600,lights
27509,vaccines
27509,probiotics
27509,feed
27509,additives
27509,enzymes
27509,emulsifiers
27509,stabilizers
27509,thickeners
27509,gelling
27509,agents
28360,egg
28360,hatching
28360,poultry
28360,housing
28360,incubators
28360,trays
28360,automated
28360,chicken
28360,feeder
28360,hatchers
28360,brooding
28549,trough
28549,waterers
28549,slatted
28549,floor
28549,pig
28549,mobile
28549,mucking
28549,automated
28549,feeder
28549,feed
28549,conveyors
28549,finishing
28549,housing
28549,farrowing
28549,pens
27944,animal
27944,housing
27944,weighing
27944,rod
27944,feed
27944,mixing
27944,carts
27944,stationary
27944,auto
27944,feeder
27944,incl
27944,robotic
27944,diet
27944,mixer
27944,trailed
27944,propelled
27944,conveyors
27944,clamping
27944,storage
27944,hay
27944,silo
27944,feedstuff
28523,slatted
28523,floor
28523,pig
28523,piglet
28523,rearing
28523,housing
28523,grates
28523,finishing
28523,farrowing
28523,pens
28523,breeder
28523,sow
28103,poultry
28103,housing
28103,ventilation
28103,animal
28103,fans
28103,energy
28103,generation
28103,breeding
28103,supplies
28103,cooling
28749,sperm
28749,lab
28749,testing
28749,quality
28749,control
28749,embryos
28749,insemination
28749,dairy
28749,cattle
28749,breed
28749,beef
28512,veterinary
28512,consulting
28512,diagnostics
28512,testing
28512,control
28512,measuring
28512,grooming
28512,health
28512,milk
28512,metering
28512,analysis
28512,feed
28512,additives
30708,straw
30708,pellets
30708,wood
30708,bale
30708,shredders
30708,hammer
30708,mills
30708,pelleting
30708,press
30708,chain
30708,conveyors
30708,auger
28929,telecommunication
28929,remote
28929,monitoring
28929,direct
28929,selling
27873,trough
27873,waterers
27873,slurry
27873,removal
27873,manure
28757,sperm
28757,organisations
28757,consulting
28757,associations
28757,embryos
28757,dairy
28757,cattle
28757,breed
28757,beef
28755,sperm
28755,embryos
28755,insemination
28755,dairy
28755,cattle
28755,breed
28755,beef
27640,horse
27640,feed
27640,poultry
27640,compound
27640,probiotics
27640,energy
27640,straight
27640,supplements
27640,pig
27640,cattle
27640,fats
27640,oil
27640,complete
32940,vegetable
32940,protein
32940,feed
32940,straight
32940,organic
32940,farming
32940,preparation
32940,plant
32940,additives
32940,mycotoxin
32940,binders
32940,supplements
32940,enzymes
32940,algae
30538,weighbridges
30538,scales
30538,livestock
30538,sensors
30538,activity
30538,monitoring
31837,premixes
31837,trace
31837,elements
31837,mineral
31837,feed
31837,additives
31837,complete
28240,manure
28240,slurry
28983,project
28983,development
28983,energy
28983,sector
28983,power
28983,generating
28983,photovoltaics
28983,battery
28983,storage
27762,direct
27762,selling
27762,packaging
27762,machine
27762,labelling
27762,package
27762,shops
27548,poultry
27548,housing
27548,ground
27548,feeder
27548,cattle
32884,water
32884,treatment
32884,plant
32884,domestic
32884,supply
31890,aspects
31890,management
31890,consulting
31890,traceability
31890,quality
31890,assurance
31890,renewable
31890,energy
31890,wood
31890,certification
31890,processes
31890,sector
31890,consultancy
27963,heat
27963,recycling
27963,installations
28420,vitamins
28420,trace
28420,elements
28420,preservatives
28420,feed
28420,additives
28420,flavourings
28420,colourants
28420,amino
28420,acids
32549,spezielle
32549,maschinen
32549,und
32549,zubehör
32549,für
32549,insektenzucht
32549,haltung
32549,food
32549,turnkey
32549,project
32549,insect
32549,production
32549,special
32549,machine
32549,breeding
32549,husbandry
32549,foods
32549,units
32549,segment
32549,feed
29002,waste
29002,disposal
29002,installations
29002,turnkey
29002,project
29002,insect
29002,production
29002,treatment
29002,breeding
29002,units
27244,vitamins
27244,farm
27244,inputs
27244,consumables
27244,animal
27244,care
27244,agents
27244,veterinary
27244,premixes
27244,compound
27244,feed
27244,mineral
27244,licking
27244,block
27244,sensors
27244,implants
27244,boluses
27244,supplements
27244,poultry
27244,cattle
27995,premixes
27995,straight
27995,feed
27995,organic
27995,farming
27995,trace
27995,elements
27995,mineral
27570,vitamins
27570,silage
27570,additives
27570,premixes
27570,trace
27570,elements
27570,probiotics
27570,feed
27570,mycotoxin
27570,binders
27570,supplements
27570,effective
27570,microotganisms
27570,colourants
27570,compound
27570,cattle
27570,complete
29003,biogas
29003,production
29003,exhaust
29003,control
29003,substrate
29003,fuel
29003,cells
29003,electrolysers
29003,hydrogen
28192,ventilation
28192,animal
28192,housing
28859,seeds
28859,energy
28859,crops
28859,biogas
28989,hay
28989,dryers
28989,forage
28756,sperm
28756,semen
28756,conservation
28756,embryos
28756,insemination
28756,dairy
28756,cattle
28756,breed
28756,breeding
28756,supplies
28756,beef
28750,sperm
28750,organisations
28750,embryos
28750,insemination
28750,dairy
28750,cattle
28750,breed
28750,beef
28753,sperm
28753,semen
28753,packaging
28753,transportation
28753,conservation
28753,embryos
28753,insemination
28753,dairy
28753,cattle
28753,breed
28753,beef
28353,sperm
28353,sheep
28353,excl
28353,live
28353,rams
28353,embryos
28353,goat
28353,dairy
28353,cattle
28353,breed
28353,beef
28231,sperm
28231,breeding
28231,programme
28231,aspects
28231,embryos
28231,beef
28231,cattle
28231,breed
28752,sperm
28752,embryos
28752,insemination
28752,dairy
28752,cattle
28752,breed
28752,breeding
28752,supplies
28752,business
28752,administration
28752,consultancy
28752,beef
29751,sperm
29751,societies
29751,clubs
29751,pig
29751,associations
28131,premixes
28131,vitamins
28131,veterinary
28131,vaccines
28131,medicine
28131,mycotoxin
28131,binders
30514,tube
30514,silo
30514,hose
30514,silage
30514,pits
30514,hay
30514,feedstuff
30514,cereal
28542,trading
28542,direct
28542,selling
28751,sperm
28751,embryos
28751,insemination
28751,dairy
28751,cattle
28751,breed
28751,beef
27326,animal
27326,breeding
27549,bedding
27549,milk
27549,tank
27549,cattle
27549,feeder
27549,mobile
27549,mucking
27549,hay
27549,dryers
27541,premixes
28905,solar
28905,panel
27401,disinfection
27401,cleaning
27221,straw
27221,bedding
27221,machine
27221,diet
27221,mixer
27221,feeder
27221,trailed
27221,silage
27221,cutters
28335,substrate
28335,separators
28335,slurry
28335,tankers
28335,pumps
28335,agitators
28959,generators
28959,gas
28959,engines
28959,battery
28959,storage
28959,diesel
28318,milling
28318,mixing
28318,metering
28318,silage
28318,bag
28318,moist
28318,maize
28318,mills
28318,stationary
28318,mobile
28318,cereal
28318,silo
28318,crushing
27543,feed
27543,supplements
28301,cubicle
28301,tierpflegegeräte
28301,tiergesundheit
28301,hoof
28301,trimming
28301,stands
27174,animal
27174,breeding
27301,veterinary
27301,animal
27301,care
27301,agents
27301,protective
27301,clothing
27301,breeding
27343,slatted
27343,floor
27343,pig
27343,feed
27343,piglet
27343,nests
27343,housing
27343,drinking
27343,bowls
27343,manipulable
27343,automated
27343,feeder
27343,auger
27343,conveyors
27343,farrowing
27343,pens
27343,animal
27343,breeding
28260,water
28260,treatment
28260,plant
28260,waste
28260,domestic
28260,supply
28260,transport
28260,vehicle
28260,hay
28260,silo
27609,feed
27609,supplements
27689,aspects
27689,management
27689,consulting
27689,cattle
27689,feeder
27689,feed
27689,consultancy
27689,business
27689,administration
28201,straw
28201,bedding
28201,machine
28201,stationary
28201,auto
28201,feeder
28201,incl
28201,robotic
28201,feed
28201,conveying
28201,bale
28201,shredders
28201,cattle
28201,break
28201,silage
28201,block
28201,cutters
28201,conveyors
28201,chain
27921,cubicle
27921,ventilation
27921,animal
27921,housing
27921,turnkey
27921,project
27921,cattle
27921,farming
27921,manure
27921,slurry
27921,feed
27921,fence
27921,cleaning
27921,collection
27921,robots
27921,calf
27921,rearing
27921,lights
27921,doors
27921,gate
27299,feed
27299,supplements
28857,energy
28857,production
28857,management
28857,cogeneration
28857,photovoltaic
28807,milling
28807,grinding
28807,beet
28807,cleaners
28807,cutters
27554,premixes
27554,compound
27554,poultry
27554,feed
27554,pig
27730,solar
27730,panel
27730,assemblies
27730,livery
27730,yard
27730,sheep
27730,goat
27730,housing
27730,riding
27730,halls
27730,cattle
27730,poultry
27730,pig
27730,calf
27730,rearing
27730,machine
27730,sheds
27730,beef
27730,horse
27730,stables
27399,sheep
27399,goat
27399,housing
30701,livery
30701,yard
30701,shearing
30701,animal
30701,markers
30701,birth
30701,monitoring
30701,breeding
27927,veterinary
27927,disinfectants
27927,feed
27927,additives
27927,supplements
28188,financing
28188,insurances
28138,milk
28138,tank
28138,milking
28138,parlours
28138,sheep
28138,goat
28138,machine
28334,tierpflegegeräte
28334,tiergesundheit
28334,grooming
28334,health
28334,hoof
28334,trimming
27830,energy
27830,cropping
27830,solid
27830,bio
27830,fuel
27830,cleaning
27830,consumables
27830,farming
27830,inputs
27830,clamping
27830,feed
27830,storage
27830,compound
27830,mixer
27875,piglet
27875,rearing
27875,feed
27875,mineral
27875,horse
27875,fish
27875,supplements
27875,compound
27875,poultry
28903,substrate
28903,fermentation
28903,analysis
28903,dosing
28903,agents
28903,clamp
28903,sheeting
27383,dairy
27383,cattle
27383,breed
28280,warehouses
28280,stores
28280,raw
28280,building
28280,solid
28280,prefabricated
28280,structures
28280,elements
28280,misc
28280,construction
28280,consultancy
28280,planning
28280,issues
28280,project
28280,management
28280,multi
28280,purpose
28280,farm
27431,premixes
27431,piglet
27431,rearing
27431,feed
27431,compound
27431,milk
27431,replacer
27431,additives
27431,mycotoxin
27431,binders
27431,supplements
27431,poultry
27431,pig
27431,cattle
27362,premixes
27362,vitamins
27362,feed
27362,additives
27362,mycotoxin
27362,binders
27362,flavourings
27362,emulsifiers
27362,stabilizers
27362,thickeners
27362,gelling
27362,agents
27362,colourants
27362,anticaking
27233,silage
27233,additives
27233,lab
27233,analysis
27233,testing
27233,mineral
27233,feed
27233,milk
27233,replacer
27233,cattle
27233,management
27233,software
27233,apps
27335,vaccines
27335,lab
27335,analysis
27335,testing
27335,veterinary
27335,diagnostics
27335,feed
27335,control
27335,supplies
28988,lab
28988,testing
28988,analysis
28988,feed
28988,management
28988,consultancy
27903,feed
27903,additives
27903,anticaking
27903,agents
28081,ultrasonic
28081,semen
28081,packaging
28081,transportation
28081,conservation
28081,scanners
28081,reproduction
28081,instruments
28081,supplies
28081,pig
28081,breeding
28081,insemination
28732,cattle
28732,housing
27675,manure
27675,processing
27675,substrate
27675,separators
27675,dung
27675,slurry
27675,pumps
27675,machine
27675,agitators
27780,flavourings
32314,piglet
32314,rearing
32314,feed
32314,einstreumaterialien
32314,bedding
32314,powder
32314,supplements
32314,compound
32314,pig
27798,ventilation
27798,animal
27798,housing
27798,heating
27798,climate
27798,control
27798,heat
27798,exchangers
27798,fans
28571,straw
28571,pellets
28571,wood
30696,electric
30696,fence
30696,energizers
27972,tower
27972,silo
27972,milling
27972,mixing
27972,metering
27972,feedstuff
27972,feed
27972,bins
27972,cereal
27619,telehandlers
27619,loading
27619,stacking
27619,attachment
27619,bale
27619,loader
27619,farmyard
27619,wheeled
27619,animal
27619,housing
27392,piglet
27392,rearing
27392,exhaust
27392,control
27392,bedding
27392,feed
27392,liquid
27392,feeder
27392,floor
27392,underfloor
27392,gate
27392,valves
27392,demand
27392,manipulable
27392,pig
27392,finishing
27392,housing
27392,farrowing
27392,pens
27392,breeder
27392,sow
27392,air
27392,conditioning
27392,animal
27497,stationary
27497,mucking
27497,auto
27497,feeder
27497,incl
27497,robotic
27497,exhaust
27497,control
27497,bedding
27497,cubicle
27497,housing
27497,loose
27497,boxes
27497,cattle
27497,feed
27497,fence
27497,floor
27497,underfloor
27497,gate
27497,valves
27497,cleaning
27497,manure
27497,collection
27497,robots
27497,beef
28779,silage
28779,additives
28779,vitamins
28779,trace
28779,elements
28779,piglet
28779,rearing
28779,feed
28779,mineral
28779,probiotics
28779,preservatives
28779,milk
28779,replacer
28779,licking
28779,block
28779,supplements
28779,compound
28779,pig
28779,cattle
28778,silage
28778,additives
28778,vitamins
28778,trace
28778,elements
28778,piglet
28778,rearing
28778,feed
28778,probiotics
28778,mineral
28778,preservatives
28778,milk
28778,replacer
28778,licking
28778,block
28778,supplements
28778,compound
28778,cattle
30180,energy
30180,crop
30180,biogas
30180,trace
30180,elements
30180,crops
28941,silage
28941,additives
28941,science
28941,research
28941,energy
28941,sector
28941,gas
28941,cleaning
28941,substrate
28941,fermentation
28941,analysis
28941,technical
28941,management
28941,misc
28941,training
28941,education
28941,starter
28941,cultures
28941,production
28941,operating
28941,phase
28941,consulting
27430,piglet
27430,rearing
27430,feed
27430,mineral
27430,milk
27430,replacer
27430,energy
27430,straight
27430,compound
27430,pig
27430,fats
27430,oil
28939,biogas
28939,production
28939,turnkey
28939,plant
28939,solid
28939,biofuels
28939,steam
28939,turbines
28939,exhaust
28939,control
28939,heat
28939,pumps
27218,sheep
27218,goat
27218,housing
27218,cattle
27218,pig
27218,hoof
27218,stands
27844,construction
27844,machinery
29739,direct
29739,selling
28245,mineral
28245,algae
28356,veterinary
28356,compound
28356,feed
27638,sperm
27638,sensors
27638,oestrus
27638,monitoring
27638,consulting
27638,activity
27638,embryos
27638,rumination
27638,insemination
27638,cattle
27638,breeding
27638,supplies
27638,dairy
27638,breed
27638,beef
28910,energy
28910,crop
28910,biogas
28910,feed
28910,additives
28147,milk
28147,container
28147,cooling
28147,heat
28147,recycling
28147,installations
28147,tank
28147,exchangers
28147,heating
28147,refrigerating
28900,biogas
28900,production
28900,substrate
28900,conditioning
28900,gas
28900,engines
28900,diesel
28900,chp
28900,cogeneration
28900,power
28900,stations
27631,complete
27631,feed
28609,extruders
27659,automatic
27659,milking
27659,milk
27659,filters
27659,pipeline
27659,metering
27659,analysis
27659,parlours
27659,sheep
27659,goat
27659,machine
27659,herringbone
27659,bucket
28101,diet
28101,mixer
28101,feeder
28101,trailed
28101,propelled
31289,tattooing
31289,implements
31289,forceps
31289,veterinary
31289,vaccination
31289,misc
31289,animal
31289,identification
31289,marking
31289,punches
31289,ear
31289,tags
31289,pliers
31289,shearing
31289,grooming
31289,health
31289,isoflurane
31289,anaesthesia
31289,piglet
31289,castration
31289,hoof
31289,trimming
31289,dehorning
31289,calf
28173,premixes
28173,compound
28173,poultry
28173,feed
28173,pig
31889,premixes
31889,vitamins
31889,trace
31889,elements
31889,feed
31889,additives
31889,enzymes
31889,amino
31889,acids
28025,vitamins
28025,probiotics
28025,feed
28025,additives
28025,enzymes
28025,amino
28025,acids
31297,round
31297,waterers
31297,ground
31297,feeder
31297,pallets
31297,poultry
31297,crates
31297,egg
31297,packaging
31297,carton
31297,transporting
32136,ventilation
32136,storage
32136,animal
32136,housing
32136,fans
32136,cooling
32136,climate
32136,control
31858,veterinary
28522,animal
28522,feed
28522,additives
28522,premixes
28522,vitamins
28522,silage
28522,compound
28618,premixes
28618,trace
28618,elements
28618,mineral
28618,feed
28618,additives
28618,mycotoxin
28618,binders
27707,pig
27707,breeding
27707,supplies
28016,vitamins
28016,preservatives
28016,feed
28016,additives
28016,amino
28016,acids
27996,vitamins
27996,probiotics
27996,fish
27996,feed
27996,supplements
27996,enzymes
27996,emulsifiers
27996,stabilizers
27996,thickeners
27996,gelling
27996,agents
27996,amino
27996,acids
27584,premixes
27584,veterinary
27584,pesticides
27584,insecticides
30502,floor
30502,mats
30502,cattle
30502,cubicle
30502,ventilation
30502,animal
30502,housing
30502,fencing
30502,feed
30502,fence
30502,farrowing
30502,pens
27323,piglet
27323,rearing
27323,feed
27323,liquid
27323,feeder
27323,sensors
27323,automated
27323,calf
27323,pig
27323,feedstuff
27323,silo
27553,silage
27553,additives
28097,animal
28097,feed
28097,additives
28097,veterinary
28097,premixes
28097,silage
28097,compound
28097,probiotics
28097,medicine
28097,milk
28097,replacer
28097,mycotoxin
28097,binders
28097,farm
28097,inputs
28097,consumables
31869,animal
31869,feed
31869,additives
31869,silage
31869,colourants
28622,animal
28622,feed
28622,additives
28622,vitamins
28622,silage
28105,ventilation
28105,storage
28105,animal
28105,housing
28105,poultry
28105,breeding
28105,supplies
28105,pig
28105,fans
28105,cooling
31838,premixes
31838,compound
31838,feed
31838,cleaning
31838,consumables
31838,farming
31838,inputs
31838,scales
31838,livestock
31838,weighbridges
31838,mineral
31838,poultry
32124,veterinary
32124,diagnostics
32124,vaccines
32124,vaccination
32124,grooming
32124,animal
32124,health
32124,medicine
32124,dispensers
32124,farm
32124,inputs
32124,consumables
32124,livestock
31842,animal
31842,markers
31842,livestock
28164,vaccination
28447,veterinary
28447,hoof
28447,trimming
28020,premixes
28020,vitamins
28020,flavourings
28020,enzymes
28020,emulsifiers
28020,stabilizers
28020,thickeners
28020,gelling
28020,agents
28020,amino
28020,acids
27784,fans
27672,vitamins
27672,preservatives
27672,flavourings
27672,enzymes
27672,colourants
27672,amino
27672,acids
28576,poultry
28576,housing
28576,egg
28576,conveyors
28576,animal
28576,breeding
31293,warehouses
31293,stores
31293,solid
31293,prefabricated
31293,building
31293,animal
31293,housing
31293,shed
31293,construction
31293,poultry
31293,pig
31293,multi
31293,purpose
31293,farm
31293,machine
31293,sheds
31293,cattle
28594,pullets
28594,layers
28594,chicks
28594,broilers
31839,premixes
31839,veterinary
31839,phytogenic
31839,flavourings
31839,colourants
28063,water
28063,treatment
28063,additives
28063,trace
28063,elements
27818,veterinary
27818,diagnostics
27818,shearing
27818,grooming
27818,health
27818,feed
27818,additives
27818,hoof
27818,trimming
27818,injection
27818,anaesthesia
27818,piglet
27818,dehorning
27818,calf
32118,veterinary
32118,ultrasonic
32118,milk
32118,tank
32118,vaccination
32118,ear
32118,tags
32118,pliers
32118,drinking
32118,bowls
32118,grooming
28575,veterinary
28575,ear
28575,tags
28575,pliers
27644,warehouses
27644,stores
27644,biogas
27644,production
27644,sheep
27644,goat
27644,housing
27644,riding
27644,halls
27644,recycling
27644,waste
27644,disposal
27644,pig
27644,silage
27644,pits
27644,solid
27644,prefabricated
27644,building
27644,multi
27644,purpose
27644,farm
27644,machine
27644,sheds
27644,horse
27644,stables
27644,cattle
28006,poultry
28006,housing
28006,heating
28006,lamps
28006,lights
31300,led
31300,lighting
31391,lab
31391,analysis
31391,testing
31391,veterinary
31391,diagnostics
31391,control
31391,supplies
27811,sheep
27811,excl
27811,live
27811,rams
27811,pig
27811,goat
27811,dairy
27811,cattle
27811,breed
27811,beef
28592,rfid
28592,transponder
28592,readers
28592,misc
28592,animal
28592,identification
28592,process
28592,control
28592,ear
28592,tags
28592,pliers
28592,platform
28592,service
28592,paas
28592,management
28592,software
28592,internet
28592,iot
28592,cattle
28592,apps
31295,ultrasonic
30704,turkeys
30704,vaccination
30704,layers
30704,automated
30704,egg
30704,brooding
30704,hatching
30704,insemination
30704,chicks
30704,broilers
27464,feed
27464,additives
28451,veterinary
28451,medicine
28053,medicine
28053,cans
28053,glasses
28053,bottles
31859,veterinary
31859,animal
31859,feed
31859,additives
31859,silage
31859,disinfectants
31859,medicine
31859,cleaning
31859,conservation
31859,farm
31859,inputs
31859,consumables
31870,silage
31870,bag
28153,trace
28153,elements
28130,pig
28130,geese
28130,ducks
28130,chicks
28130,amino
28130,acids
28587,vitamins
28587,trace
28587,elements
28587,probiotics
28587,phytogenic
28587,enzymes
28587,emulsifiers
28587,stabilizers
28587,thickeners
28587,gelling
28587,agents
28587,amino
28587,acids
28585,agricultural
28585,machinery
28585,electronics
27523,trace
27523,elements
27263,feed
27263,mixer
32556,veterinary
32643,energy
32643,data
32643,management
32643,storage
32643,photovoltaics
32643,trading
32643,fuel
29052,energy
29052,storage
29052,photovoltaics
29052,consulting
29052,emergency
29052,power
29052,generators
29052,bioenergy
29052,renewable
29052,software
27802,led
27802,lighting
28351,silage
28351,clamp
28351,netting
28351,cover
28351,bag
28351,pits
27757,premixes
27757,vitamins
27757,plant
27757,protein
27757,mineral
27757,feed
27757,probiotics
27757,phytogenic
27757,compound
27757,poultry
27757,pig
27757,fats
27757,oil
27757,cattle
27757,algae
27757,amino
27757,acids
27614,automatic
27614,milking
27614,parlour
27614,cleaning
27614,disinfecting
27614,tandem
27614,parlours
27614,research
27614,science
27614,rotary
27614,pipeline
27614,machine
27614,herringbone
27614,bucket
27480,diet
27480,mixer
27480,feeder
27480,trailed
27480,software
27480,cloud
27480,cattle
27480,propelled
27480,silage
27480,cutters
27480,applications
27480,management
27480,apps
28370,tower
28370,silo
28370,storage
28370,tank
28370,cleaning
28370,accessory
28370,silage
28370,pits
28370,clamping
28370,feed
28370,moist
28370,cereal
28370,feedstuff
28370,ccm
28370,removal
27533,feedstuff
27533,silo
28207,tube
28207,silo
28207,filling
28207,tower
28207,cattle
28207,feeder
28207,silage
28207,clamp
28207,cover
28207,bag
28207,hose
28207,feed
28207,press
28207,pits
28207,clamping
28207,storage
28207,ccm
28207,removal
27881,silage
27881,clamp
27881,cover
27881,plastic
27881,films
27881,sheeting
27881,algae
27881,silo
27881,accessory
27881,pits
27881,construction
27881,clamping
27881,feed
27881,storage
27881,feedstuff
27652,silo
27652,filling
27652,tower
27652,silage
27652,clamp
27652,cover
27652,feed
27652,conveying
27652,cutters
27652,accessory
27652,clamping
27652,storage
27652,moist
27652,cereal
27652,auger
27652,conveyors
27652,feedstuff
27883,premixes
27883,vitamins
27883,compound
27883,feed
27883,phytogenic
27883,additives
27883,flavourings
27883,poultry
27883,organic
27883,farming
27883,pig
27883,cattle
28486,silo
28486,filling
28486,storage
28486,tank
28486,feed
28486,conveyors
28486,chain
28486,accessory
28486,milling
28486,mixing
28486,stationary
28486,mobile
28486,elevators
28486,moist
28486,cereal
28486,auger
28263,premixes
28263,compound
28263,feed
28263,mineral
28263,milk
28263,replacer
28263,licking
28263,block
28263,horse
28263,supplements
28263,organic
28263,farming
28263,pig
28263,cattle
31855,mineral
31855,feed
31855,phosphates
28369,semen
28369,conservation
28369,reproduction
28369,instruments
28369,supplies
28369,pig
28369,breeding
28427,compound
28427,poultry
28427,feed
28427,pig
28427,cattle
32117,veterinary
32117,diagnostics
32117,incubators
32117,stationary
32117,auto
32117,feeder
32117,incl
32117,robotic
32117,tower
32117,silo
32117,hatch
32117,egg
32117,hatchers
32117,photovoltaics
32117,labelling
32117,machine
32117,cutters
32117,mincers
32117,choppers
32117,cleaning
32117,manure
32117,collection
32117,robots
32117,baking
32117,roasting
32117,frying
32117,feedstuff
27346,multi
27346,purpose
27346,farm
27346,building
28776,animal
28776,feed
28776,misc
28776,identification
28776,pipeline
28776,milking
28776,protective
28776,clothing
28776,markers
28776,machine
27613,emulsifiers
27613,stabilizers
27613,thickeners
27613,gelling
27613,agents
27968,temperature
27968,sensors
27968,electronic
27968,farm
27968,management
27968,feed
27968,heating
27968,fans
27968,climate
27968,measuring
27968,animal
27968,housing
27968,co2
27968,nh3
27968,control
27968,cooling
27968,alarm
28985,direct
28985,selling
28985,virtual
28985,power
28985,plant
28985,energy
28985,data
28985,management
28985,renewable
28985,wood
28985,operating
28985,reserve
28985,trading
28985,consulting
28985,electricity
28985,retail
28985,marketing
28333,slurry
28333,additives
28333,exhaust
28333,control
28333,straight
28333,feed
27667,vitamins
27667,feed
27667,additives
27355,manure
27355,dung
27355,processing
27355,slurry
27355,tankers
27355,tank
27355,machine
27355,spreaders
27355,storage
27355,treatment
27355,spreading
33171,slurry
33171,tank
33171,tankers
33171,separators
33171,pumps
33171,manure
33171,storage
33171,treatment
33171,spreading
28616,pig
28616,housing
28616,finishing
27365,software
27365,service
27365,saas
27365,management
27365,cattle
27365,apps
29016,project
29016,development
29016,energy
29016,sector
29016,biogas
29016,production
29016,servicing
29016,consultant
29016,engineers
29016,designers
29016,photovoltaics
29016,management
29016,consultancy
29016,consulting
29016,battery
29016,storage
29016,cogeneration
29016,photovoltaic
28492,slurry
28492,additives
28492,substrate
28492,conditioning
27213,premixes
27213,vegetable
27213,protein
27213,feed
27213,compound
27213,probiotics
27213,plant
27213,milk
27213,replacer
27213,licking
27213,block
27213,mineral
27213,phosphates
27213,colourants
27213,anticaking
27213,agents
27213,complete
29045,power
29045,storage
29045,energy
29045,management
29045,consultancy
29045,battery
32906,solar
32906,panel
32906,assemblies
32906,meters
32906,controllers
32906,photovoltaics
32906,inverters
30629,reproduction
30629,instruments
30629,supplies
30629,pig
30629,breeding
30629,cattle
27580,mineral
27580,feed
30512,vitamins
30512,enzymes
30512,emulsifiers
30512,stabilizers
30512,thickeners
30512,gelling
30512,agents
27862,sheep
27862,excl
27862,live
27862,rams
27862,goat
27862,dairy
27862,cattle
27862,breed
27862,beef
27514,poultry
27514,housing
27514,pig
27514,feed
27514,additives
27267,mineral
27267,feed
28869,power
28869,generating
28869,energy
28869,storage
28869,photovoltaics
28869,battery
27485,vegetable
27485,protein
27485,feed
27485,mineral
27485,plant
27485,hydrolysed
27485,animal
27485,origin
27485,algae
28365,biogas
28365,production
28365,slurry
28365,additives
28365,seeds
28365,fertilizers
28365,plant
28365,protection
28365,growth
28365,regulators
28365,mineral
28365,feed
28365,phytogenic
28365,hygiene
28365,supplements
28012,trade
28012,magazines
28450,automatic
28450,milking
28450,parlours
28450,sheep
28450,goat
28450,machine
31421,biogas
31421,production
31421,project
31421,development
31421,energy
31421,sector
31421,financing
31421,district
31421,heating
31421,renewable
31421,wood
31421,consultant
31421,engineers
31421,designers
31421,misc
31421,construction
31421,consultancy
31421,planning
31421,issues
31421,occupational
31421,safety
31421,health
31421,protection
31421,aid
28422,cattle
28422,housing
28422,feed
28422,fence
28422,hoof
28422,trimming
28422,stands
27248,cattle
27248,housing
27664,floor
27664,mats
27664,cattle
27664,cubicle
27664,housing
27664,feed
27664,fence
27214,barriers
27214,partition
28321,straw
28321,bedding
28321,machine
28321,bale
28321,break
27520,pesticides
27520,steam
27520,cleaners
27520,pressure
27520,washing
27520,disinfectants
27520,washers
27520,hose
27520,detergents
27520,cleaning
27520,insect
27520,extermination
27520,disinfection
27520,animal
27520,housing
27520,sprayers
28935,biogas
28935,production
28935,direct
28935,selling
28935,energy
28935,data
28935,management
28935,power
28935,generating
28935,photovoltaics
28935,operating
28935,reserve
28935,battery
28935,storage
28935,electricity
28935,retail
28935,marketing
32551,special
32551,machinery
32551,hydroponics
32551,direct
32551,selling
32551,misc
32551,segment
32551,substrates
32551,nutrition
32551,media
32551,sonstige
32551,bereichsübergreifende
32551,technik
32551,für
32551,inhouse
32551,farming
32551,seeds
32551,fertilizers
32551,plant
32551,protection
32551,growth
32551,regulators
32551,packing
32551,marketing
32551,logistics
32551,led
32551,lighting
32551,grow
32551,racks
32551,structures
32551,construction
32551,planning
32551,design
32551,consulting
32551,climate
32551,control
32551,automation
32551,und
32551,digitalisation
27955,poultry
27955,feed
27955,housing
27955,waste
27955,air
27955,ducts
27955,exhaust
27955,shafts
27955,ventilation
27955,animal
27955,pig
27955,heat
27955,exchangers
27955,waterers
27955,heating
27955,climate
27955,control
27955,misc
27955,construction
27955,consultancy
27955,planning
27955,issues
27955,cooling
27211,turnkey
27211,project
27211,poultry
27211,farming
27211,algae
27211,production
27211,milling
27211,grinding
27211,pig
27211,molassing
27211,cattle
27211,mixing
27211,stationary
27211,hammer
27211,mills
27211,pelleting
27211,press
27211,crushing
27211,feedstuff
27211,silo
28011,turnkey
28011,project
28011,poultry
28011,farming
28011,housing
28011,feed
28011,mobile
28011,management
28011,software
28011,apps
28011,free
28011,range
28011,aviaries
28947,substrate
28947,separators
28947,dryers
28947,conditioners
28947,production
27552,heat
27552,recycling
27552,substrate
27552,dryers
27552,recovery
27552,drying
27552,algae
27552,driers
27552,hay
27552,forage
28974,biogas
28974,production
28974,metrology
28974,agitators
27184,sperm
27184,embryos
28793,compound
28793,poultry
28793,feed
28793,organic
28793,farming
28793,pig
28793,cattle
28793,complete
27961,ventilation
27961,animal
27961,housing
27961,heat
27961,exchangers
27961,heating
27961,climate
27961,control
27961,automated
27961,chicken
27961,feeder
27961,feed
27961,sensors
27961,demand
27961,pig
27961,fans
27961,alarm
27961,air
27961,conditioning
29840,gas
29840,feed
29840,biogas
29840,production
27846,water
27846,treatment
27846,additives
27846,animal
27846,care
27846,agents
27846,disinfectants
27846,straight
27846,feed
27846,detergents
27846,grooming
27846,health
27846,energy
27846,disinfection
27846,cleaning
27846,supplements
27846,housing
27846,sprayers
27846,disinfecting
27846,algae
28180,slurry
28180,tankers
28180,turnkey
28180,biogas
28180,plant
28180,pumps
28180,screw
28180,press
28180,manure
28180,spreading
28180,cleaning
28180,collection
28180,robots
28379,mixer
28379,feeder
28379,trailed
28379,propelled
28379,diet
27887,pasture
27887,fence
27887,equine
27887,feed
27887,game
27887,fencing
27887,electric
27887,energizers
27887,batteries
27887,hand
27887,yard
27887,sheds
27887,cutting
27241,workwear
28893,agitators
27475,turnkey
27475,project
27475,poultry
27475,farming
27475,manure
27475,dung
27475,processing
27475,waste
27475,treatment
27475,substrate
27475,dryers
27475,ventilation
27475,animal
27475,housing
27475,heat
27475,exchangers
27475,hygienic
27475,air
27475,cleaners
27475,cleaning
27915,gas
27915,feed
27915,energy
27915,crop
27915,biogas
27915,trading
27915,production
27915,trucks
27915,slurry
27915,tankers
27915,crops
27915,digestate
27915,transport
27915,liquid
27915,bulk
27915,container
27915,hauliers
27660,stationary
27660,mucking
27660,trough
27660,waterers
27660,round
27660,slurry
27660,removal
27660,pasture
27660,nipple
27660,pig
27660,housing
27660,cattle
27660,frost
27660,proof
27660,drinking
27660,bowls
27660,calf
27660,huts
28134,embryo
28134,sperm
28134,hatch
28134,fish
28134,egg
28134,trading
28134,marketing
28134,pig
29032,biogas
29032,production
29032,process
29032,control
29032,gas
29032,analysis
28801,poultry
28801,feed
29846,photovoltaics
28550,waste
28550,disposal
28550,installations
28550,container
28550,carcass
28550,storage
28550,incineration
27602,feed
27602,additives
27602,supplements
27602,enzymes
28867,biogas
28867,production
28867,turnkey
28867,plant
27711,animal
27711,care
27711,agents
27711,compound
27711,feed
27711,medicine
27711,additives
27711,poultry
27711,pig
27711,cattle
29741,animal
29741,care
29741,agents
29741,sensors
29741,recording
29741,feed
29741,water
29741,intake
29741,stationary
29741,auto
29741,feeder
29741,incl
29741,robotic
29741,cattle
29741,housing
29741,markers
29741,scales
28010,associations
28952,insurances
28952,accident
28952,prevention
28952,functional
28952,safety
28072,veterinary
28072,tattooing
28072,implements
28072,forceps
28072,misc
28072,animal
28072,identification
28072,marking
28072,punches
28072,shearing
28072,ear
28072,tags
28072,pliers
28072,sensors
28072,implants
28072,boluses
28072,hoof
28072,trimming
28072,grooming
28072,dehorning
28072,calf
28072,breeding
28520,premixes
28520,vitamins
28520,mineral
28520,feed
28520,supplements
28520,amino
28520,acids
28797,sperm
28797,embryo
28797,hatch
28797,fish
28797,egg
28797,trading
28797,marketing
28797,semen
28797,conservation
28797,breeding
28797,programme
28797,aspects
28797,embryos
28797,insemination
28797,cattle
28797,supplies
28797,dairy
28797,breed
28797,beef
28362,substrate
28362,separators
28362,manure
28362,slurry
28362,spreading
27380,milking
27380,parlours
27380,floor
27380,mats
27380,cattle
27380,sheep
27380,goat
27380,housing
27380,slurry
27380,removal
27380,feed
27380,cubicle
27380,ventilation
27380,animal
27380,rotary
27380,milk
27380,metering
27380,analysis
27380,automated
27380,feeder
27380,calf
27380,drinking
27380,bowls
27567,feedstuff
27567,silo
27567,cereal
29046,biogas
29046,production
29046,wood
29046,chip
29046,boilers
29046,gas
29046,engines
29046,chp
29046,cogeneration
29046,power
29046,stations
28742,sperm
28742,goat
28742,excl
28742,live
28742,dairy
28742,cattle
28742,breed
28742,beef
28794,water
28794,treatment
28794,additives
28794,medicine
28794,feed
28794,cleaning
28794,disinfection
27715,building
27411,vitamins
30664,shearing
28108,front
28108,loader
28108,animal
28108,housing
28108,stationary
28108,auto
28108,feeder
28108,incl
28108,robotic
28108,cattle
28108,manure
28108,slurry
28108,mobile
28108,mucking
28108,automated
28108,calf
28108,rear
28108,compact
28108,feed
28108,dung
31124,veterinary
31124,diagnostics
31091,veterinary
31091,diagnostics
32128,weighing
32128,weighbridges
32128,livestock
32128,scales
32128,feed
28095,animal
28095,care
28095,agents
28095,phytogenic
28095,misc
28095,segment
28095,aquaculture
28158,animal
28158,feed
28158,additives
28158,vitamins
28158,silage
28158,preservatives
28158,mycotoxin
28158,binders
28158,flavourings
28158,emulsifiers
28158,stabilizers
28158,thickeners
28158,gelling
28158,agents
28158,colourants
28158,anticaking
28148,pipeline
28148,milking
28148,parlours
28148,sheep
28148,goat
28148,machine
28148,herringbone
28148,bucket
27350,water
27350,treatment
27350,special
27350,machinery
27350,hydroponics
27350,automation
27350,und
27350,digitalisation
27482,veterinary
27482,tattooing
27482,implements
27482,forceps
27482,tierpflegegeräte
27482,tiergesundheit
27482,ear
27482,tags
27482,pliers
27482,poultry
27482,breeding
27482,supplies
27482,animal
27482,markers
27482,grooming
27482,health
27482,hoof
27482,trimming
27482,cattle
27482,foot
27482,baths
27482,dehorning
27482,calf
27738,automatic
27738,milking
27738,milk
27738,tank
27738,parlours
27738,ventilation
27738,storage
27738,animal
27738,housing
27738,rotary
27738,cooling
27738,heating
27738,climate
27738,control
27738,sheep
27738,goat
27738,machine
27738,herringbone
27738,cattle
27738,management
27738,software
27738,apps
28378,straw
28378,bedding
28378,machine
28378,diet
28378,mixer
28378,feeder
28378,bale
28378,shredders
28378,break
28498,farm
28498,inputs
28498,consumables
28381,feed
28381,supplements
27492,sow
27492,management
27492,software
27492,apps
27492,premixes
27492,misc
27492,training
27492,education
27492,feed
27492,analysis
27492,mineral
27492,poultry
27492,consultancy
27492,phytogenic
27492,additives
27492,mycotoxin
27492,binders
27492,supplements
27492,cattle
30534,research
30534,science
30534,misc
30534,training
30534,education
30534,innovations
30534,agriculture
30534,sector
30534,colleges
30534,universities
28302,research
28302,science
28302,misc
28302,training
28302,education
28302,innovations
28302,agriculture
28302,sector
27938,workshop
27938,welding
27938,cutting
27938,pressure
27938,washers
27938,boxes
27938,grinders
27938,lubrication
32115,ventilation
32115,animal
32115,housing
31298,ventilation
31298,animal
31298,housing
28741,premixes
28741,vitamins
28741,trace
28741,elements
28741,piglet
28741,rearing
28741,feed
28741,mineral
28741,probiotics
28741,preservatives
28741,phytogenic
28741,mycotoxin
28741,binders
28741,supplements
28741,enzymes
28741,amino
28741,acids
27709,premixes
27709,piglet
27709,rearing
27709,feed
27709,mineral
27709,licking
27709,block
27709,horse
27709,mycotoxin
27709,binders
27709,supplements
27709,compound
27709,pig
27709,cattle
28045,turnkey
28045,project
28045,poultry
28045,farming
28045,pig
28045,ventilation
28045,animal
28045,housing
28045,heat
28045,exchangers
28045,management
28045,software
28045,apps
28045,heating
28045,heaters
28045,fans
28045,cooling
28045,climate
28045,control
28045,alarm
29030,power
29030,generating
29030,generators
29030,gas
29030,engines
29030,dual
29030,fuel
29030,chp
29030,cogeneration
29030,stations
29030,catalysts
29030,energy
28319,building
28319,structures
28319,dairy
28319,cattle
28319,breed
28319,fittings
28319,housing
28319,beef
28319,barriers
28319,partition
27899,medicine
28137,office
28137,communication
27598,weighing
27598,weighbridges
27598,silo
27598,scales
27598,milling
27598,mixing
27598,metering
27598,livestock
27598,feed
27598,clamping
27598,storage
27598,fish
27598,counting
28774,turnkey
28774,project
28774,cattle
28774,farming
28774,livestock
28774,scales
28774,management
28774,software
28774,apps
28897,weighing
28897,biogas
28897,production
28897,waste
28897,treatment
28897,substrate
28897,conditioning
28897,pumps
28897,dosing
28897,filling
28933,gas
28933,feed
28933,biogas
28933,production
28933,substrate
28933,fermentation
28933,analysis
28933,agents
27663,mineral
27663,feed
27663,supplements
27585,vegetable
27585,protein
27585,feed
27585,plant
27585,fermentation
27721,breeding
27721,programme
27721,aspects
27721,poultry
27721,supplies
27226,pipe
27226,chicken
27226,feeder
27226,biogas
27226,production
27226,pig
27226,feed
27226,liquid
27226,housing
27226,livestock
27226,scales
27226,sensors
27226,demand
27226,manipulable
27226,conveyors
27226,automated
27226,mixer
27226,chain
28372,shelters
28372,sheep
28372,goat
28372,housing
28372,cubicle
28372,ear
28372,tags
28372,pliers
28372,cattle
28372,frost
28372,proof
28372,waterers
28372,livestock
28372,scales
28372,electric
28372,fence
28372,feed
28372,floor
28372,mats
28372,horse
28372,hoof
28372,stands
28372,barriers
28372,partition
27461,milling
27461,mixing
27461,stationary
27461,mobile
27461,hammer
27461,mills
27461,elevators
27461,grain
27461,cleaners
27461,compound
27461,poultry
27461,feed
27461,chain
27461,conveyors
27461,auger
27461,pig
27461,crushing
27461,cattle
27461,cereal
27461,silo
32942,research
32942,science
32942,piglet
32942,rearing
32942,veterinary
32942,diagnostics
32942,cattle
32942,feeder
32942,innovations
32942,agriculture
32942,sector
32942,measuring
32942,electronic
32942,farm
32942,management
32942,software
32942,commerce
32942,databases
32942,apps
32942,analysis
31454,veterinary
31454,grooming
31454,health
27983,silage
27983,clamp
27983,cover
31882,plant
31882,protein
31882,preservatives
31882,mineral
31882,insect
31882,flavourings
31882,emulsifiers
31882,stabilizers
31882,thickeners
31882,gelling
31882,agents
31882,feed
31882,phosphates
31843,pasture
31843,fence
31843,hay
31843,racks
31843,mangers
31843,trough
31843,fencing
31843,electric
30700,medicine
31827,research
31827,science
27356,cattle
27356,feeder
28037,straight
28037,feed
28037,organic
28037,farming
28037,processed
28037,animal
28037,protein
28037,plant
28037,mineral
28037,hydrolysed
28037,origin
28037,fish
28037,phosphates
28037,fats
28037,oil
28037,amino
28037,acids
28145,stationary
28145,auto
28145,feeder
28145,incl
28145,robotic
28145,silage
28145,rotor
28145,cutters
28145,sheep
28145,goat
28145,feed
28145,substrate
28145,conditioners
28145,cattle
28145,animals
27634,mineral
27634,feed
27634,bedding
27634,additives
27634,mycotoxin
27634,binders
27634,anticaking
27634,agents
27634,aquaculture
27804,livestock
27804,trading
27374,solid
27374,prefabricated
27374,building
27374,ventilation
27374,animal
27374,housing
27374,turnkey
27374,project
27374,cattle
27374,farming
27374,automated
27374,feeder
27374,calf
27374,huts
27632,stacks
27632,chimneys
27632,ventilation
27632,animal
27632,housing
27632,cubicle
27632,heating
27632,climate
27632,control
27632,humidifiers
27632,fans
27632,cooling
28312,office
28312,communication
31818,pig
27922,sperm
27922,pig
27698,vitamins
27462,vaccination
28261,clamping
28261,feed
28261,storage
28261,cover
27882,veterinary
27882,animal
27882,care
27882,agents
27882,compound
27882,feed
27882,medicine
27882,grooming
27882,health
27882,dispensers
27882,cattle
28070,ventilation
28070,animal
28070,housing
28070,heating
28070,climate
28070,control
28070,egg
28070,conveyors
28070,carton
28070,transporting
27714,milk
27714,tank
27714,cooling
27997,premixes
27997,vitamins
27997,piglet
27997,rearing
27997,feed
27997,compound
27997,mineral
27997,additives
27997,horse
27997,supplements
27997,poultry
27997,organic
27997,farming
27997,pig
27997,cattle
27249,silo
27249,filling
28382,sheep
28382,goat
28382,feed
28382,milk
28382,replacer
28382,automated
28382,feeder
28382,calf
28382,rearing
28382,housing
28382,huts
30501,silage
30501,additives
30501,feed
28884,direct
28884,selling
28884,power
28884,trading
28884,electricity
28884,retail
28884,marketing
31299,vitamins
31299,mycotoxin
31299,binders
27984,metrology
27984,quality
27984,control
27984,software
27984,cloud
27984,feed
27984,measuring
27984,hygrometers
27984,analyzing
27984,automation
27984,und
27984,digitalisation
28311,weighing
28311,rod
28311,feed
28311,mixing
28311,carts
28311,stationary
28311,auto
28311,feeder
28311,incl
28311,robotic
28311,diet
28311,mixer
28311,silage
28311,cutters
28311,trailed
28311,propelled
28311,block
28892,biogas
28892,production
28892,substrate
28892,conditioning
28892,gas
28892,drying
27534,feed
27534,tankers
27534,milling
27534,mixing
27534,metering
27534,mobile
27534,compound
27534,mixer
27200,premixes
27200,silage
27200,additives
27200,trace
27200,elements
27200,mineral
27200,feed
27200,phytogenic
27200,mycotoxin
27200,binders
27200,supplements
27200,complete
27853,yard
27853,sweeper
27853,bedding
27853,cattle
27853,feeder
27853,mobile
27853,mucking
27853,disinfection
27853,cleaning
27902,silage
27902,additives
27902,compound
27902,feed
27902,phytogenic
27902,fish
27902,supplements
31394,straight
31394,feed
31394,organic
31394,farming
31394,energy
31394,enzymes
31394,phosphates
31394,fats
31394,oil
28347,vitamins
28347,premixes
28347,probiotics
28347,milk
28347,replacer
28347,licking
28347,block
28347,feed
28347,additives
28347,mycotoxin
28347,binders
28347,supplements
28347,compound
28347,poultry
28347,pig
28347,cattle
28347,complete
28338,water
28338,treatment
28338,additives
28338,animal
28338,care
28338,agents
28338,veterinary
28338,consulting
28338,cleaning
28338,consumables
28338,farming
28338,inputs
28338,disinfectants
28338,detergents
28338,conservation
28338,feed
28578,windbreak
28578,poultry
28578,housing
28578,piglet
28578,rearing
28578,building
28578,structures
28578,elements
28578,cattle
28578,pig
28578,beef
28578,flooring
28578,fittings
28578,breeder
28578,sow
29051,waste
29051,air
29051,treatment
29051,cleaning
29051,turnkey
29051,biogas
29051,plant
29051,filters
29051,gas
27334,shelters
27334,mobile
27334,housing
27334,poultry
27334,pasture
27334,automated
27334,chicken
27334,feeder
27334,agricultural
27334,machinery
27334,electronics
27936,premixes
27936,piglet
27936,rearing
27936,feed
27936,mineral
27936,straight
27936,protein
27936,supplements
27936,compound
27936,pig
27936,complete
28591,plant
28591,protein
28286,fermentation
28286,protein
28286,feed
27515,animal
27515,care
27515,agents
28042,software
28042,service
28042,saas
28042,cloud
28042,management
28042,cattle
28042,apps
28723,mineral
28723,mycotoxin
28723,binders
28723,anticaking
28723,agents
32543,sperm
27926,semen
27926,conservation
27926,water
27926,treatment
27926,scanners
27926,piglet
27926,heating
27926,lamps
27926,pig
27926,housing
27926,breeding
27926,supplies
27926,lab
27926,automated
27926,feeder
27926,heated
27926,plates
27926,mats
27926,insemination
27926,animal
27608,steam
27608,cleaners
28404,science
28404,research
28404,energy
28404,sector
28404,innovations
28404,agriculture
28404,free
28404,range
28404,floor
28404,mats
28404,horse
28404,finishing
28404,pig
28404,housing
28404,breeder
28404,sow
28404,cattle
28404,management
28404,software
28404,apps
28304,vocational
28304,schools
28304,trainig
28304,centers
28304,research
28304,science
28304,training
28304,innovations
28304,agriculture
28304,sector
28304,education
28743,research
28743,science
28743,innovations
28743,agriculture
28743,sector
28178,premixes
28178,trace
28178,elements
28178,testing
28178,control
28178,poultry
28178,management
28178,software
28178,apps
28178,feed
28178,additives
28178,analyzing
28178,compound
28178,emulsifiers
28178,stabilizers
28178,thickeners
28178,gelling
28178,agents
28178,analysis
27858,trace
27858,elements
28975,recycling
28975,waste
28975,disposal
27679,sheep
27679,excl
27679,live
27679,rams
27679,pig
27679,embryos
27679,goat
27679,dairy
27679,cattle
27679,breed
27679,beef
28871,gas
28871,cleaning
28264,animal
28264,care
28264,agents
28264,veterinary
28264,mineral
28264,feed
28264,disinfectants
28264,bedding
28264,einstreumaterialien
28264,hygiene
28264,additives
28264,powder
28264,mycotoxin
28264,binders
28264,anticaking
27550,silo
27550,filling
28044,compound
28044,poultry
28044,feed
28044,organic
28044,farming
28044,pig
28044,cattle
28044,complete
27896,complete
27896,feed
27924,milking
27924,parlours
27924,sheep
27924,goat
28151,pig
28151,housing
28474,cattle
28474,housing
28474,calf
28474,huts
27685,premixes
27685,vitamins
27685,turnkey
27685,project
27685,aquaculture
27685,mineral
27685,feed
27685,supplements
27794,pesticides
27794,insecticides
27794,cleaning
27794,disinfection
27979,vegetable
27979,protein
27979,feed
27979,premixes
27979,vitamins
27979,trace
27979,elements
27979,plant
27979,mineral
27979,additives
27979,mycotoxin
27979,binders
27979,supplements
27979,amino
27979,acids
28898,transfer
28898,stations
28898,district
28898,heating
28898,wood
28898,chip
28898,boilers
28898,waste
28898,heat
28898,straw
28898,pellet
28898,meters
28898,burning
28898,exchangers
28898,local
28898,grain
28239,reproduction
28239,instruments
28239,supplies
27966,probiotics
27966,phytogenic
27966,feed
27966,additives
27966,mycotoxin
27966,binders
27966,enzymes
28107,ventilation
28107,animal
28107,housing
28107,lights
28279,sheep
28279,goat
28279,housing
28279,feed
28279,scales
28279,livestock
28279,weighbridges
28279,trailer
27434,warm
27434,air
27434,ventilation
27434,storage
27434,animal
27434,housing
27434,heating
27434,climate
27434,control
27434,humidifiers
27434,heaters
27434,fans
27434,cooling
27434,conditioning
30497,protein
30497,feed
30497,phosphates
30497,fats
30497,oil
27941,ventilation
27941,animal
27941,housing
27941,fans
27941,cooling
27941,air
27941,conditioning
28763,breeding
28763,programme
28763,aspects
28763,software
28763,applications
28763,management
28763,cattle
28763,apps
28754,embryos
28754,insemination
28754,consultancy
28754,dairy
28754,cattle
28754,breed
28754,beef
27950,slatted
27950,floor
27950,cattle
27950,slurry
27950,removal
27950,mats
27950,manure
27950,housing
27950,building
27950,structures
27950,protection
27950,agents
27950,methods
27950,animal
27950,screeds
27610,windbreak
27610,ventilation
27610,animal
27610,housing
27610,calf
27610,rearing
27610,huts
27610,climate
27610,control
27610,doors
27610,gate
27813,mineral
27813,feed
27813,additives
27813,compound
27813,cattle
27813,complete
27442,vitamins
27442,phytogenic
27442,feed
27442,additives
27442,supplements
27442,amino
27442,acids
28795,vitamins
28795,trace
28795,elements
28795,compound
28795,feed
28795,mineral
28795,layers
28795,supplements
28795,poultry
28795,organic
28795,farming
28795,dairy
28795,cattle
28795,breed
28795,pig
28795,beef
28004,veterinary
28004,medicine
28516,vaccines
28516,feed
28516,additives
28516,supplements
27472,premixes
27472,mineral
27472,feed
27472,compound
27472,poultry
27472,complete
27321,premixes
27321,vitamins
27321,feed
27321,additives
27321,mycotoxin
27321,binders
27321,supplements
27321,amino
27321,acids
27696,premixes
27696,veterinary
27696,piglet
27696,rearing
27696,feed
27696,medicine
27696,additives
27696,compound
27696,poultry
27696,enzymes
27696,pig
27696,cattle
27696,complete
30518,poultry
30518,breeding
30518,supplies
30518,pig
30518,management
30518,software
30518,cctv
30518,databases
28048,veterinary
28048,tattooing
28048,implements
28048,forceps
28048,marking
28048,punches
28048,shearing
28048,reproduction
28048,instruments
28048,supplies
28048,ear
28048,tags
28048,pliers
28048,grooming
28048,health
28048,hoof
28048,trimming
28048,cattle
28048,breeding
27337,hygiene
27378,animal
27378,care
27378,agents
27378,medicine
27378,feed
27378,supplements
27736,ventilation
27736,animal
27736,housing
27358,feed
27358,additives
27710,spices
27710,additives
27710,adjuvants
27710,premixes
27710,plant
27710,protein
27710,probiotics
27710,preservatives
27710,phytogenic
27710,feed
27710,supplements
27710,flavourings
27710,compound
27710,organic
27710,farming
27710,colourants
27710,fats
27710,oil
27379,vitamins
27379,horse
27379,feed
27379,mineral
27379,additives
27379,supplements
27379,compound
27379,organic
27379,farming
27379,cattle
27379,complete
28275,organisations
31393,slatted
31393,floor
31393,cattle
31393,pig
31393,mats
31393,horse
31393,animal
31393,housing
31393,screeds
28424,sperm
28424,embryo
28424,hatch
28424,fish
28424,egg
28424,trading
28424,marketing
28424,associations
28424,embryos
28424,management
28424,software
28424,cctv
28424,cattle
28424,apps
27342,premixes
27342,mineral
27342,feed
27342,licking
27342,block
27342,bedding
27342,powder
27342,additives
27342,mycotoxin
27342,binders
27342,fats
27342,oil
30498,veterinary
30498,medicine
27271,amino
27271,acids
29006,power
29006,storage
29006,wind
29006,park
29006,energy
29006,photovoltaics
28625,veterinary
28625,pig
28625,layers
28625,feed
28625,additives
28625,fish
28625,chicks
28625,broilers
32810,premixes
32810,piglet
32810,rearing
32810,feed
32810,mineral
32810,licking
32810,block
32810,supplements
32810,compound
32810,poultry
32810,pig
32810,cattle
32810,complete
27275,premixes
27275,piglet
27275,rearing
27275,feed
27275,mineral
27275,probiotics
27275,preservatives
27275,fish
27275,supplements
27275,compound
27275,poultry
27275,pig
27275,cattle
30499,research
30499,science
30499,sheep
30499,excl
30499,live
30499,rams
30499,compound
30499,feed
30499,cattle
30499,feeder
30499,innovations
30499,agriculture
30499,sector
30499,mineral
30499,automated
30499,calf
30499,goat
30499,supplements
30499,dairy
30499,breed
30499,beef
27289,premixes
27289,piglet
27289,rearing
27289,feed
27289,compound
27289,phytogenic
27289,fish
27289,poultry
27289,enzymes
27289,pig
27289,cattle
27827,bucket
27827,milking
27827,feed
27827,bins
27182,slurry
27182,pumps
27182,digestate
27182,transport
27182,manure
28847,substrate
28847,separators
28847,waste
28847,treatment
28847,conditioning
28847,pumps
28847,dosing
28847,cutting
28847,filling
27403,silage
27403,additives
27403,feed
27403,mycotoxin
27403,binders
27403,fats
27403,oil
31720,ventilation
31720,animal
31720,housing
31720,heating
31720,climate
31720,control
31720,cooling
27382,ventilation
27382,storage
27382,animal
27382,housing
27382,emission
27382,exhaust
27382,fans
27382,energy
27382,generation
27382,heating
27382,climate
27382,control
28508,floor
28508,mats
28508,cattle
28508,ventilation
28508,animal
28508,housing
28508,fans
32646,vitamins
28559,straight
28559,feed
28559,organic
28559,farming
28772,poultry
28772,housing
28772,piglet
28772,rearing
28772,silo
28772,distributors
28772,feed
28772,pig
28772,automated
28772,chicken
28772,feeder
28772,chain
28772,conveyors
28772,finishing
28772,farrowing
28772,pens
28760,direct
28760,selling
28760,breeding
28760,programme
28760,aspects
28760,beef
28760,cattle
28760,breed
28343,workwear
28343,parlour
28343,cleaning
28343,disinfecting
28343,animal
28343,care
28343,agents
28343,milk
28343,filters
28343,pasture
28343,fence
28343,shearing
28343,electric
28343,energizers
28343,hoof
28343,trimming
28343,stands
28343,grooming
28343,dehorning
28343,calf
28343,agricultural
28343,boots
28957,biogas
28957,production
28957,waste
28957,treatment
28957,substrate
28957,conditioning
28957,dosing
28957,cutting
28957,filling
28155,pig
28155,feed
28155,misc
28155,animal
28155,identification
28155,breeding
28155,supplies
28155,drinking
28155,bowls
28155,insemination
30705,pipe
30705,chicken
30705,feeder
30705,ground
30705,feed
30705,conveyors
30705,chain
30705,automated
30705,fry
30705,indoor
30705,free
30705,range
30705,control
30705,cage
30705,pig
30705,aviaries
27572,transponder
27572,feeder
27572,robotic
27572,horse
27572,feed
27572,sheep
27572,goat
27572,stationary
27572,auto
27572,incl
27572,bedding
27572,silage
27572,clamp
27572,cover
27572,cleaning
27572,manure
27572,collection
27572,robots
27572,clamping
27572,storage
27797,water
27797,treatment
27797,plant
27797,additives
27797,animal
27797,care
27797,agents
27797,analysis
27797,medicine
27797,dispensers
27797,disinfection
27797,cleaning
27797,housing
27797,sprayers
27797,dosing
27797,buffering
27797,liming
27419,trade
27419,magazines
27419,press
27344,vitamins
27344,feed
27344,additives
27344,supplements
27344,compound
27344,cattle
28721,scales
27247,trading
27247,transport
27247,farm
27247,cleaning
27247,ground
27247,scare
27247,carts
27247,vehicle
27247,dumpers
28944,ultrasonic
28944,turnkey
28944,plant
28944,special
28944,gas
28944,sewages
28944,pits
28944,waste
28944,depots
28944,biogas
28944,production
28944,substrate
28944,conditioning
28442,slatted
28442,floor
28442,pig
28442,turnkey
28442,project
28442,farming
28442,feed
28442,housing
28442,outdoor
28442,manipulable
28442,automated
28442,feeder
28442,mats
28442,finishing
29015,spezielle
29015,maschinen
29015,und
29015,zubehör
29015,für
29015,insektenzucht
29015,haltung
29015,food
29015,feed
29015,automated
29015,fish
29015,feeder
29015,control
29015,bins
28513,milk
28513,tank
28513,cooling
28955,power
28955,generating
28955,chp
28955,cogeneration
28955,stations
27227,mobile
27227,loader
27227,farmyard
27227,bale
27227,telehandlers
27227,wheeled
27227,loading
27227,stacking
27227,attachment
27227,animal
27227,housing
31861,trace
31861,elements
31861,mineral
31861,feed
31861,additives
31861,compound
31861,poultry
31861,pig
31861,cattle
32644,trading
32644,straight
32644,feed
32644,supplements
32644,complete
27695,parlour
27695,cleaning
27695,disinfecting
27695,milk
27695,filters
27695,veterinary
27695,tank
27695,consumables
27695,farming
27695,inputs
27695,disinfectants
27695,medicine
27695,detergents
27695,milking
27695,machine
32775,straw
32775,hay
32775,briquetting
32775,press
32775,pellets
32775,wood
32775,feed
32775,pelleting
32775,machine
28196,feed
28196,tankers
28196,silo
28196,scales
28196,dry
28196,bulk
28196,transport
28196,container
28196,vehicle
28196,conveyors
28196,clamping
28196,storage
28916,biogas
28916,production
28916,turnkey
28916,plant
28916,substrate
28916,conditioners
28916,power
28916,generating
28916,control
28916,servicing
28916,energy
28916,sector
28949,direct
28949,selling
27190,automated
27190,feeder
27190,calf
32972,veterinary
31840,veterinary
31840,animal
31840,care
31840,agents
31840,medicine
31840,farm
31840,inputs
31840,consumables
27375,sow
27375,management
27375,software
27375,apps
27375,cloud
27375,pig
27375,demand
27375,feeder
27375,automated
27375,farrowing
27375,pens
27375,climate
27375,control
27375,animal
27375,housing
27375,alarm
27375,web
27375,arificial
27375,intelligence
27375,analysis
28339,pig
28339,beef
28339,cattle
28339,breed
28466,farmyard
28466,loader
28466,wheeled
28466,loading
28466,stacking
28466,attachment
28466,animal
28466,housing
28466,telescopic
28466,wheel
31492,pasture
31492,fence
28405,water
28405,treatment
28405,plant
28405,additives
28405,domestic
28405,supply
28850,recycling
28850,waste
28850,disposal
27616,poultry
27616,housing
27469,windows
27469,doors
27469,windbreak
27469,cubicle
27469,housing
27469,cattle
27469,misc
27469,construction
27469,consultancy
27469,planning
27469,issues
27469,feed
27469,fence
27469,calf
27469,rearing
27469,beef
27469,gate
28288,poultry
28288,feed
28288,pig
27916,slatted
27916,floor
27916,cattle
27916,mats
27916,feeder
27916,cubicle
27916,housing
27916,feed
27916,fence
27916,calf
27916,rearing
27916,attachment
27916,beef
27916,air
27916,conditioning
27916,animal
27758,slow
27758,feeder
27758,pipe
27758,chicken
27758,straw
27758,bedding
27758,machine
27758,pig
27758,feed
27758,conveyors
27758,chain
27758,auger
27373,warehouses
27373,stores
27373,turnkey
27373,biogas
27373,plant
27373,sheep
27373,goat
27373,housing
27373,fermenter
27373,poultry
27373,pig
27373,silage
27373,pits
27373,multi
27373,purpose
27373,farm
27373,building
27373,machine
27373,sheds
27373,horse
27373,stables
27373,cattle
27373,cereal
27373,silo
28817,veterinary
27276,tierpflegegeräte
27276,tiergesundheit
27276,grooming
27276,health
27276,hoof
27276,trimming
27276,stands
32807,floor
32807,mats
32807,cattle
32807,cubicle
32807,solid
32807,prefabricated
32807,building
32807,housing
32807,sheep
32807,goat
32807,riding
32807,halls
32807,poultry
32807,feed
32807,fence
32807,calf
32807,rearing
32807,multi
32807,purpose
32807,farm
32807,beef
31490,slurry
31490,removal
28480,sperm
28480,management
28480,embryos
28480,business
28480,consultancy
28480,administration
28924,wind
28924,turbines
28924,renewable
28924,energy
28924,wood
28924,photovoltaics
31866,preservatives
31866,feed
31866,additives
31866,flavourings
28389,sow
28389,management
28389,software
28389,apps
28389,metrology
28389,innovations
28389,research
28389,agriculture
28389,sector
28389,measuring
28389,scales
28389,pig
28389,housing
28389,grooming
28389,health
28389,livestock
28389,automation
28389,und
28389,digitalisation
28389,arificial
28389,intelligence
28389,analysis
31868,piglet
31868,rearing
31868,feed
31868,milk
31868,replacer
31841,pesticides
31841,insecticides
31841,feed
31841,additives
31841,phosphates
28050,slatted
28050,floor
28050,pig
28050,piglet
28050,nests
28050,heating
28050,lamps
28050,animal
28050,markers
28050,housing
28050,outdoor
28050,farming
28050,installations
28050,slaughtering
28050,cattle
28050,mats
28050,finishing
28050,farrowing
28050,pens
28050,air
28050,conditioning
28154,probiotics
28154,feed
28154,additives
28154,enzymes
28738,aspects
28738,management
28738,consulting
28738,exhaust
28738,gas
28738,cleaning
28738,technical
28738,energy
28738,sector
28738,servicing
28738,power
28738,generating
28738,operating
28738,phase
28738,generators
28738,maintenance
28738,engines
28738,diesel
28738,chp
28738,cogeneration
28738,stations
28738,catalysts
27324,misc
27324,animal
27324,identification
28123,post
28123,hole
28123,diggers
28123,pasture
28123,fence
28123,fencing
28123,electric
28123,energizers
28123,batteries
31829,automation
31829,und
31829,digitalisation
31857,vitamins
31857,silage
31857,additives
31857,colourants
31857,anticaking
31857,agents
31857,amino
31857,acids
32647,veterinary
32647,sheep
32647,excl
32647,live
32647,rams
32647,medicine
32647,pig
32647,breeding
32647,programme
32647,aspects
32647,reproduction
32647,instruments
32647,supplies
32647,goat
32647,fish
32647,dairy
32647,cattle
32647,breed
32647,beef
28090,poultry
28090,housing
28090,pipe
28090,chicken
28090,feeder
28090,turnkey
28090,project
28090,farming
28090,waterers
28090,animal
28090,shed
28090,construction
28090,tower
28090,silo
28090,feed
28090,bins
28090,storage
28090,consultancy
28090,management
28090,nipple
28090,indoor
28090,breeding
28090,supplies
28090,drinking
28090,bowls
28090,production
28090,husbandry
28557,probiotics
28557,feed
28557,additives
28557,enzymes
27473,veterinary
27473,vitamins
27473,trace
27473,elements
27473,probiotics
27473,disinfectants
27473,feed
27473,additives
27473,mycotoxin
27473,binders
27473,enzymes
27473,disinfecting
27473,algae
27473,amino
27473,acids
27440,milling
27440,mixing
27440,stationary
27440,mobile
27440,pelleting
27440,press
27440,feed
27440,conveyors
27440,grain
27440,cleaners
27440,mixer
27440,moist
27440,cereal
27440,silo
27440,hay
27440,extruders
27440,compound
27440,feedstuff
32129,slatted
32129,floor
32129,pig
32129,construction
32129,machinery
32129,composting
32129,flooring
27716,ultrasonic
27716,beef
27716,cattle
27716,breed
28473,ultrasonic
28473,veterinary
28473,diagnostics
28473,scanners
28473,backfat
28473,measuring
27297,piglet
27297,rearing
27297,feed
27297,mineral
27297,pig
27297,layers
27297,additives
27297,fish
27297,compound
27297,poultry
27297,chicks
27297,broilers
27297,cattle
27297,complete
27743,silage
27743,additives
27743,feed
27935,fans
27395,molassing
27395,hammer
27395,mills
27395,pelleting
27395,press
27395,feed
27395,mixer
27395,extruders
27395,crushing
27395,compound
27397,milling
27397,mixing
27397,mobile
29839,molassing
29839,milling
29839,mixing
29839,stationary
29839,mobile
29839,pelleting
29839,press
29839,hammer
29839,mills
29839,grain
29839,pre
29839,cleaners
29839,feed
29839,mixer
29839,extruders
29839,crushing
29839,compound
27188,pig
28434,piglet
28434,rearing
28434,nurses
28434,nests
28434,pig
28434,feed
28434,heating
28434,lamps
28434,housing
28434,outdoor
28434,farming
28434,automated
28434,feeder
28434,manipulable
28434,floor
28434,mats
28434,finishing
31836,ear
31836,tags
31836,pliers
31836,drinking
31836,bowls
31836,milking
31836,machine
31836,cattle
31836,breeding
31836,supplies
31836,housing
31836,animal
27341,mixer
27341,feeder
27341,trailed
27341,propelled
27270,round
27270,waterers
27270,pasture
27270,fence
27270,electric
27270,drinking
27270,bowls
27270,energizers
28603,associations
31850,water
31850,treatment
31850,additives
31850,energy
31850,crop
31850,biogas
31850,gas
31850,cleaning
31850,production
31850,manure
31850,spreaders
31850,aquaculture
27264,telehandlers
27264,wheeled
27264,loader
27264,excavators
27264,bale
27264,farmyard
27264,animal
27264,housing
27264,front
28507,veterinary
28507,protective
28507,clothing
28507,insemination
28507,agricultural
28507,boots
28313,manure
28313,dung
28313,processing
28205,veterinary
28205,diagnostics
28205,packaging
28205,films
28205,personal
28205,protective
32130,veterinary
32130,vaccines
32130,medicine
32130,feed
32130,additives
32130,amino
32130,acids
28022,premixes
28022,veterinary
28022,medicine
28022,pig
28022,feed
28022,additives
28022,compound
28022,poultry
28022,broilers
27447,building
27447,structures
27447,insulating
27824,veterinary
27824,tattooing
27824,implements
27824,forceps
27824,rfid
27824,transponder
27824,readers
27824,vaccination
27824,shearing
27824,ear
27824,tags
27824,pliers
27824,animal
27824,markers
27824,livestock
27824,scales
27824,medicine
27824,dispensers
27824,instruments
27824,measuring
27824,body
27824,temperature
27824,hoof
27824,trimming
32510,lab
32510,testing
32510,veterinary
32510,diagnostics
32510,analysis
32510,grooming
32510,health
27483,amino
27483,acids
28112,vitamins
28112,trace
28112,elements
28112,probiotics
28112,feed
28112,additives
28112,enzymes
28112,emulsifiers
28112,stabilizers
28112,thickeners
28112,gelling
28112,agents
28112,amino
28112,acids
27834,vitamins
27834,trace
27834,elements
27834,preservatives
27834,feed
27834,additives
27834,enzymes
27834,emulsifiers
27834,stabilizers
27834,thickeners
27834,gelling
27834,agents
27834,colourants
27834,amino
27834,acids
32132,ultrasonic
32132,scanners
32132,reproduction
32132,instruments
32132,supplies
32132,pig
32132,breeding
32132,insemination
32132,horse
32132,cattle
28017,mobile
28017,housing
28017,poultry
28017,laying
28017,nests
28017,automated
28017,chicken
28017,feeder
28017,cage
28017,aviaries
28132,vitamins
28132,feed
28132,additives
28132,mycotoxin
28132,binders
28132,enzymes
28132,amino
28132,acids
27957,tandem
27957,milking
27957,parlours
27957,pipeline
27957,sheep
27957,goat
27957,machine
27957,herringbone
27957,bucket
27498,fans
27452,trough
27452,waterers
27452,stationary
27452,mucking
27452,slurry
27452,removal
27452,windbreak
27452,floor
27452,mats
27452,cattle
27452,ventilation
27452,animal
27452,housing
27452,mangers
27452,feed
27452,fence
27452,lights
27452,doors
27452,gate
27452,barriers
27452,partition
28027,trace
28027,elements
28432,manure
28432,processing
28432,dung
28432,spreaders
28432,special
28432,machinery
28432,aquaculture
27891,vitamins
27891,colourants
27641,silage
27641,additives
27641,vitamins
27641,trace
27641,elements
27641,probiotics
27641,preservatives
27641,phytogenic
27641,feed
27641,mycotoxin
27641,binders
27641,flavourings
27641,effective
27641,microotganisms
27641,colourants
27641,amino
27641,acids
31825,pig
28746,veterinary
27717,feed
27717,supplements
28122,premixes
28122,piglet
28122,rearing
28122,feed
28122,compound
28122,mineral
28122,milk
28122,replacer
28122,licking
28122,block
28122,supplements
28122,poultry
28122,organic
28122,farming
28122,pig
28122,cattle
28574,rfid
28574,transponder
28574,readers
28574,ear
28574,tags
28574,pliers
27269,slurry
27269,tankers
29044,biogas
29044,production
29044,farm
29044,fuel
29044,pumps
29044,slurry
29044,domestic
29044,water
29044,supply
29044,filling
29044,facility
29044,biodiesel
29044,plant
29044,oil
29044,ethanol
28781,dairy
28781,cattle
28781,breed
28781,beef
