id,name,country,hall,booth,has_species,has_function,has_ingredient,match_code
27596,Big Dutchman International GmbH - [Schwein | Pig],Germany,Halle 17,17D15,1,0,0,100
27970,dol-sensors a/s,Denmark,Halle 17,17B19,0,0,0,000
28890,1001 Green Products GmbH,Germany,Halle 25,25G19,0,0,0,000
28882,2G Energy AG,Germany,Halle 24,24B11,0,0,0,000
28777,3N Niedersachsen Netzwerk Nachwachsende Rohstoffe und Bioökonomie e.V.,Germany,Halle 25,25L21,0,0,1,001
30068,3tres3,Spain,NA,NA,0,0,0,000
28322,4-D AG Fashion,United States of America,Halle 11,11D11,1,0,0,100
28051,AAG / Aalborg Gummivarefabrik A/S,Denmark,Halle 14/15,15J18,1,0,0,100
27788,ABATO Motoren B.V.,Netherlands,Halle 14/15,15B11,0,0,0,000
27250,Abbi-Aerotech B.V.,Netherlands,Halle 14/15,15J28,0,0,0,000
32876,ABCERT AG,Germany,Halle 13,13E26,0,0,0,000
32552,Ab E Discovery DBA Optum Immunity,United States of America,Halle 21,21K24,0,1,0,010
28866,AB Energy Deutschland GmbH,Germany,Halle 25,25B17,0,0,0,000
28613,AB Kauno Grūdai,Lithuania,Halle 21,21K05,1,1,1,111
27756,ABM Trade LLC,Ukraine,Halle 22,22C31,1,1,1,111
28527,AB Neo - a division of AB Agri,United Kingdom,Halle 14/15,15C02,1,1,1,111
27304,ABRISTHOR - Asthor Agricola S.A.,Spain,Halle 12,12A41,0,0,0,000
28198,A.B.S. Silo- und Förderanlagen GmbH,Germany,Halle 12,12D20,0,0,0,000
27642,AB Vista Iberia SL,Spain,Halle 21,21E04,0,1,1,011
32878,AÇAN Metal - ACN Plast,Turkey,Halle 17,17E48,1,0,0,100
28918,"ACE LED LIGHT Co., Ltd.",People's Republic of China,Halle 25,25J35,0,0,0,000
28215,ACO Funki A/S,Denmark,Halle 14/15,15D14,1,0,0,100
27810,A. CONRADS Ing.-Büro & Holzbaubetrieb e.K.,Germany,Halle 14/15,15K16,1,0,0,100
28380,ACTIFEED,France,Halle 21,21A13,1,1,1,111
27476,ACTIPRO - VEOS Group,Belgium,Halle 21,21G47,1,1,1,111
28068,ADDCON GmbH,Germany,Halle 21,21J18,0,1,1,011
27340,Addeasy Group,People's Republic of China,Halle 19/20,20C12,0,1,1,011
28346,Addicoo Group s.r.o.,Czech Republic,Halle 19/20,20A26,0,1,0,010
28851,ADDINOL Lube Oil GmbH,Germany,Halle 25,25K21,0,0,0,000
29056,AdFiS products GmbH,Germany,Halle 25,25I07,0,0,0,000
27872,ADF Milking Deutschland GmbH,Germany,Halle 13,13A10,0,0,0,000
29007,Adicomp S.p.A.,Italy,Halle 25,25H03,0,0,0,000
27410,AdiFeed Sp. z o.o.,Poland,Halle 22,22C25,0,0,0,000
32116,ADINATURE S.L.,Spain,Halle 23,23B21,0,1,1,011
27869,ADISSEO,France,Halle 21,21B34,0,1,1,011
29752,Adiveter,Spain,Halle 21,21G35,0,1,0,010
27669,ADM International Sarl,Switzerland,Halle 19/20,20B34,1,1,1,111
28446,ADNIMALIS EUROPE SAS,France,Halle 22,22D18,0,1,0,010
28764,ADT Project Consulting GmbH,Germany,Halle 11,11G28,0,0,0,000
28199,Advenza Global Ltd.,India,Halle 21,21K03,0,1,1,011
27636,Advets TG GmbH & Co. KG,Germany,Halle 23,23B20,1,1,0,110
29062,Aerzener Maschinenfabrik GmbH,Germany,Halle 25,25D06,0,0,0,000
28991,AEV Energy GmbH,Germany,Halle 25,25D23,0,0,0,000
27854,Afimilk Ltd.,Israel,Halle 13,13D33,1,0,0,100
28212,agaSAAT Hybrid GmbH,Germany,Halle 22,22C33,0,0,0,000
29845,Aggretech GmbH,Germany,Halle 25,25E10,0,0,0,000
28209,AGI EMEA S.r.l.,Italy,Halle 12,12C32,0,0,0,000
28477,AGL Industrial - Agacli Otomotiv Gida Tic. ve San. A.S.,Turkey,Halle 27,27E49,0,0,0,000
27599,AG Products Int. Ltd.,United Kingdom,Halle 13,13D11,0,0,0,000
28031,AGRAGEX,Spain,Halle 14/15,15G21,0,0,0,000
27178,AGRAR-bag - Agrar- und Umwelttechnik Oberlausitz,Germany,Halle 27,27D48,0,0,0,000
30167,agrarheute,Germany,NA,NA,0,0,0,000
30170,agrarheute,Germany,NA,NA,0,0,0,000
31157,agrarKIDS,Germany,NA,NA,0,0,0,000
28456,agrarKIDS Verlag GmbH,Germany,Halle 11,11E40,0,0,0,000
30303,Agrarnyi Sector,Kazakhstan,NA,NA,0,0,0,000
29048,Agrarservice Lass GmbH,Germany,Halle 24,24C21,0,0,0,000
28172,AGRI-associates GmbH Personalberatung,Germany,Halle 13,13E56,0,0,0,000
31256,AGRIBOX GmbH,Germany,Halle 13,13F05,0,1,1,011
28396,AGRICOLE LODI - Euro ME-PA,Italy,Halle 19/20,20C13,1,0,0,100
27491,AGRICOW S.r.l.,Italy,Halle 12,12C57,0,0,0,000
33076,Agrihealth,United Kingdom,Halle 11,11C22,0,0,0,000
30304,Agriinsight Publications Ltd.,NA,NA,NA,0,0,0,000
28046,Agriintelli by Nino Nicolini,Italy,Halle 13,13F11,1,0,0,100
27278,Agri-King Ltd.,United Kingdom,Halle 19/20,20E61,0,1,0,010
28894,agriKomp GmbH,Germany,Halle 25,25E11,0,0,0,000
27768,AGRILIGHT B.V.,Netherlands,Halle 12,12G46,0,0,0,000
27767,Agrimarkt Versand GmbH,Germany,Halle 11,11C53,1,0,0,100
32554,Agrimarkt Versand GmbH,Germany,Halle 12,12D03,1,1,1,111
28146,AGRINEWS LLC,United States of America,Halle 22,22D31,0,0,0,000
28546,"Agrinexus (Guangzhou) Feed Additives Co., Ltd.",People's Republic of China,Halle 17,17D51,1,1,0,110
27277,Agri-Plastics Mfg.,Canada,Halle 13,13C68,1,0,0,100
28854,agriportance GmbH,Germany,Halle 25,25H17,0,0,0,000
28181,Agriprom Hong Kong Co. Ltd.,People's Republic of China,Halle 12,12A47,1,0,1,101
28614,AGRIPROM Stalmatten BV,Netherlands,Halle 12,12G70,1,0,1,101
28349,AgriProTech,France,Halle 12,12B60,1,0,0,100
28135,AGRI SERVICE JEUKEN B.V.,Netherlands,Halle 11,11E11,1,0,0,100
27545,Agrisys A/S,Denmark,Halle 14/15,15C10,1,0,0,100
27597,AGRITECH S.r.l.,Italy,Halle 14/15,15E21,1,0,0,100
27284,AGRITUBEL S.A.,France,Halle 11,11A37,1,0,0,100
30729,Agrivert & Hustler EU,France,Halle 27,27H50,0,0,0,000
27366,Agro Bio Produkt Sp. z o.o.,Poland,Halle 22,22A09,0,1,0,010
30315,Agrobiznes,Moldova,NA,NA,0,0,0,000
28589,Agrocomplex Wiesław Przybyłowski,Poland,Halle 21,21D12,0,0,0,000
28237,AGROD s.c.,Poland,Halle 13,13F28,0,0,0,000
28491,Agro Electrosistems SRL,Romania,Halle 11,11A22,0,0,0,000
30069,agroexpert,Ukraine,NA,NA,0,0,0,000
27946,Agrofeed Kft.,Hungary,Halle 21,21E42,0,1,1,011
27257,AGROFEED Ltd.,Greece,Halle 19/20,20D08,0,1,0,010
27412,agro Food Solution GmbH,Germany,Halle 21,21G27,1,1,0,110
31821,Agroin Baja Agro International S.A. de C.V.,Mexico,Halle 19/20,20A32,0,1,0,010
30301,Agroinform,NA,NA,NA,0,0,0,000
30302,Agroinform,Hungary,NA,NA,0,0,0,000
28221,AGROINTELLIGENT SL,Spain,Halle 27,27D59,0,0,0,000
27712,"AGROMATE SG Pte., Ltd.",Singapore,Halle 21,21C41,0,1,1,011
27928,Agromed Austria GmbH,Austria,Halle 22,22D15,1,1,1,111
32555,Agromet Mogilno Sp. z o.o.,Poland,Halle 12,12G38,1,0,0,100
27212,Agromilk S.r.l.,Italy,Halle 13,13B58,1,0,0,100
28249,Agromilktechnika s.r.o.,Czech Republic,Halle 13,13B61,1,0,0,100
30267,AgroPortal,Ukraine,NA,NA,0,0,0,000
28094,agrosom GmbH,Germany,Halle 19/20,20D25,0,1,0,010
28733,agrosom GmbH,Germany,Halle 19/20,20D25,0,1,0,010
28920,AGROTEL CenoTec,Germany,Halle 25,25G12,0,0,0,000
27746,AGROTEL GmbH,Germany,Halle 12,12D41,1,0,0,100
28525,Agrovet Market,Peru,Halle 23,23A36,0,0,0,000
28100,AgroVision B.V.,Netherlands,Halle 14/15,15C11,1,0,0,100
29805,AgroVision B.V.,Netherlands,Halle 12,12G45,1,0,0,100
28727,Ahlbrand GmbH,Germany,Halle 19/20,20C19,1,1,0,110
33074,AH Manufacturing,United Kingdom,Halle 11,11C22,0,0,0,000
27359,AHRHOFF GmbH,Germany,Halle 12,12A55,1,1,1,111
28036,Aimo Kortteen Konepaja Oy,Finland,Halle 12,12E01,0,0,0,000
28454,Air Cleaning & Management GmbH,Germany,Halle 16,16G19,0,0,0,000
27566,AKRA Karner Düngerproduktion GmbH,Germany,Halle 27,27A34,0,1,0,010
27573,AKROH Industries B.V.,Netherlands,Halle 11,11A24,1,0,0,100
27876,ALBERS ALLIGATOR,Netherlands,Halle 11,11A53,0,0,0,000
27586,Albert Kerbl GmbH,Germany,Halle 11,11C41,0,0,0,000
28506,Albors S.r.l.,Italy,Halle 23,23B07,1,1,1,111
28035,alfavet Produktion GmbH,Germany,Halle 23,23D31,0,1,0,010
27557,ALF Fahrzeugbau GmbH & Co. KG,Germany,Halle 27,27G24,0,0,0,000
27901,ALIVIRA Animal Health Ltd.,Ireland,Halle 21,21A16,0,1,0,010
28340,ALLEMANN GmbH Türen & Tore,Germany,Halle 14/15,15J21,0,0,1,001
27458,ALLREDO,Germany,Halle 11,11F27,0,0,0,000
30520,ALLREDO,Germany,Halle 23,23A54,0,0,0,000
27962,Alltech - Alltechnology Ireland Ltd.,Ireland,Halle 19/20,20D53,0,1,1,011
28744,Alpengenetik eG,Germany,Halle 11,11F41,1,0,0,100
29740,Alpha-Biocare GmbH,Germany,Halle 12,12C62,0,0,1,001
31322,Alpha ESS Deutschland GmbH,Germany,Halle 25,25M11,0,0,0,000
27433,ALPHATECH Sarl,France,Halle 21,21A37,0,1,1,011
28363,ALPHAVET Plc.,Hungary,Halle 23,23A21,0,1,1,011
29771,Alplight,Switzerland,Halle 25,25M33,0,0,0,000
28568,ALSAC Modern Ciftlik Ekipmanlari,Turkey,Halle 11,11C60,0,0,0,000
28953,Alterric Deutschland GmbH,Germany,Halle 25,25J23,0,0,0,000
28168,Altilis Nutrition Animale,France,Halle 21,21E35,1,1,0,110
28398,Altinbilek Makina Ins. San. ve Tic. A.S.,Turkey,Halle 12,12C24,0,0,0,000
27819,Alzchem Trostberg GmbH,Germany,Halle 19/20,20D26,0,1,1,011
28161,"Amal Biocare Co., Ltd.",People's Republic of China,Halle 23,23C31,0,1,1,011
27796,AMANDUS KAHL GmbH & Co. KG,Germany,Halle 12,12B34,0,0,0,000
27807,Ambic Equipment Ltd.,United Kingdom,Halle 13,13D25,0,0,0,000
27256,AMBiotec - Agroalimentaria Manchega de Biotecnología S.L.,Spain,Halle 21,21G41,1,1,0,110
28241,Ambros Schmelzer & Sohn GmbH & Co. KG,Germany,Halle 12,12B10,0,0,0,000
27544,AMER S.p.A.,Italy,Halle 13,13A44,0,0,0,000
29063,Amertat Energy Oy,Finland,Halle 25,25K44,0,0,0,000
28877,Ammongas A/S,Denmark,Halle 25,25D33,0,0,0,000
29745,"AMTS - Agricultural Modeling and Training Systems, LLC",United States of America,Halle 13,13D50,1,0,0,100
29014,Anaergia Technologies GmbH,Germany,Halle 25,25H19,0,0,0,000
27294,Anders Beton,Belgium,Halle 12,12G60,1,0,0,100
30662,"Andmon Electronics Co., Ltd.",People's Republic of China,Halle 11,11F35,1,0,0,100
27463,"Andrés Pintaluba, S.A.",Spain,Halle 21,21G35,0,1,1,011
28026,Angel Yeast Co. Ltd.,People's Republic of China,Halle 19/20,20E32,0,1,1,011
28129,"Anhui Huaheng Biotechnology Co., Ltd.",People's Republic of China,Halle 21,21H43,0,1,1,011
28055,"Anhui Lance Biochemistry Technology Co., Ltd.",People's Republic of China,Halle 19/20,20E57,0,0,1,001
27777,Animal Nutrition Development Group,Spain,Halle 21,21L20,1,1,1,111
27747,Animal Nutrition & Health Europe AG,Switzerland,Halle 22,22A18,0,1,1,011
27513,animalPro nutrition GmbH,Germany,Halle 21,21F40,1,0,1,101
28562,Animal Technology Systems AG ATS.AG,Switzerland,Halle 16,16H03,1,0,0,100
29036,Animal Welfair Certification - Indubius Network SL,Spain,Halle 25,25L36,1,0,0,100
27542,Animat,Canada,Halle 12,12G39,0,0,0,000
29748,Animine,France,Halle 19/20,20E13,0,0,1,001
27511,Anitox Corp.,United States of America,Halle 21,21G09,0,1,0,010
27847,ANKA Hoof Care,Spain,Halle 11,11B16,1,0,0,100
33082,ANKAREF GMBH,Germany,Halle 11,11A59,0,0,0,000
28461,ANKA Sagim Sistemleri Yaz. Hayv. Tar. Ür. Tic. San. Ltd. Sti.,Turkey,Halle 13,13F30,1,0,0,100
27742,Anpario plc,United Kingdom,Halle 21,21A05,0,1,0,010
28531,ANPEK d.o.o.,Croatia,Halle 21,21D10,1,0,1,101
29066,ANVO Energy GmbH,Germany,Halle 25,25J17,0,0,0,000
31846,"Aollen Biotech Co., Ltd.",People's Republic of China,Halle 21,21K26,1,1,1,111
30728,"Aoxin (Beijing) Mechanical Technology Co., Ltd.",People's Republic of China,Halle 27,27D64,1,0,0,100
27364,"Aoxin Machinery Equipment (Qingyun) Co., Ltd.",People's Republic of China,Halle 14/15,15H05,1,0,0,100
27684,APC Europe,Spain,Halle 21,21H18,1,0,1,101
27785,Apical Oils & Fats Sdn. Bhd.,Malaysia,Halle 22,22D02,0,1,0,010
28104,"Apogee Electric (Suzhou) Co., Ltd.",People's Republic of China,Halle 14/15,15J32,0,0,0,000
31828,Applicazioni Elettroniche Industriali Deponti S.r.l.,Italy,Halle 13,13F02,0,0,0,000
28864,APROVIS Energy Systems GmbH,Germany,Halle 24,24B16,0,0,0,000
28852,APT Allgäuer Pumpen Technik GmbH,Germany,Halle 25,25B16,0,0,0,000
28775,Aqua Cow Box - Enzensperger Babel GbR,Germany,Halle 11,11G12,0,0,0,000
30135,Aquafeed,Spain,NA,NA,0,0,0,000
32907,ARBENA Sp. z o.o.,Poland,Halle 12,12F19,1,0,0,100
27451,Arbin Safety Products B.V.,Belgium,Halle 17,17F15,0,0,0,000
28406,ArcelorMittal BIssen & Bettembourg S.A.,Luxembourg,Halle 12,12D61,0,0,0,000
28784,ARC NUTRITION,France,Halle 19/20,20A04,1,0,0,100
28804,ARDES FRANCE,France,Halle 11,11C14,0,0,0,000
29028,aream Advisory GmbH,Germany,Halle 25,25J33,0,0,0,000
28075,Argile du Velay,France,Halle 21,21J10,0,1,0,010
27874,ARIENTI & C. S.r.l.,Italy,Halle 12,12B57,0,0,0,000
28254,ARKMET Sp. z o.o.,Poland,Halle 27,27F04,0,0,0,000
27281,Armando Alvarez Group,Spain,Halle 27,27E48,0,0,1,001
28875,ARMATEC FTS GmbH & Co. KG,Germany,Halle 25,25B14,0,0,0,000
27176,ARMOSA SA,Belgium,Halle 23,23B45,0,0,0,000
28354,Arntjen Germany GmbH Internationale Farmtechnik,Germany,Halle 12,12F58,1,0,0,100
27702,Arthur Schopf Hygiene GmbH & Co. KG,Germany,Halle 21,21D13,0,0,0,000
28888,Asahi BioSciences,United States of America,Halle 25,25C27,0,0,0,000
27752,ASHOKA INTERNATIONAL,India,Halle 12,12F03,1,0,0,100
28194,AsiaPalm Oleo Jaya,Indonesia,Halle 21,21H02,0,1,0,010
27939,ASSERVA SAS,France,Halle 16,16E05,1,0,0,100
28602,Association of Milk Producers,Ukraine,Halle 11,11F17,1,0,0,100
28783,A-SYSTEMS,France,Halle 19/20,20A04,0,0,0,000
28385,ATCO PHARMA for Pharmaceuticals Industries,Egypt,Halle 23,23A18,0,1,1,011
27551,Atelier WIEBE van der ZEE,Netherlands,Halle 11,11E30,0,0,0,000
29041,ATFO GmbH,Germany,Halle 25,25I03,0,0,0,000
28243,ATHLE Surgico,Pakistan,Halle 14/15,15G22,1,0,0,100
27823,ATMO Meijel B.V.,Netherlands,Halle 14/15,15B15,0,0,1,001
31223,ATX Suisse GmbH,Switzerland,Halle 14/15,15G19,1,0,0,100
28282,Augan,Spain,Halle 14/15,15B04,1,0,0,100
27691,Auguste Cryogenics Germany GmbH,Germany,Halle 11,11G52,0,0,0,000
28958,August Storm GmbH & Co. KG,Germany,Halle 25,25M19,0,0,0,000
30515,Australian Connection - Christopher Pigeaud,Germany,Halle 11,11B05,0,0,0,000
28954,autarkize GmbH,Germany,Halle 25,25K42,0,0,0,000
28368,AWI (A. Wagner Int.),Germany,Halle 12,12F23,0,0,0,000
28858,Awite Bioenergie GmbH,Germany,Halle 25,25F12,0,0,0,000
27953,AXCE,France,Halle 11,11G59,1,0,0,100
27760,Axcentive Sarl,France,Halle 23,23B47,0,0,0,000
28197,AXIOM,France,Halle 16,16D10,0,0,0,000
31724,Aytav Tavukculuk Ekipmanlari San. ve Tic. Ltd. Sti,Turkey,Halle 17,17A28,0,0,0,000
27741,AZA International S.r.l.,Italy,Halle 17,17C20,1,0,0,100
27820,AZA International S.r.l.,Italy,Halle 13,13F20,1,0,0,100
28945,Bachmann electronic GmbH,Austria,Halle 25,25L17,0,0,0,000
27251,BAFFEED - BAF Premiks ve Tarim San. Dis. Tic. Ltd. Sti.,Turkey,Halle 19/20,20D13,0,1,0,010
28305,BAG Budissa Agroservice GmbH,Germany,Halle 12,12E39,0,0,0,000
28453,BAKIRSULFAT Kimya San. ve Tic. A.S.,Turkey,Halle 19/20,20A22,1,1,0,110
28213,Balchem Corporation,United States of America,Halle 21,21E36,1,1,1,111
27816,BAOS - Anhängerbau GmbH,Germany,Halle 27,27E09,0,0,0,000
27237,BARBAROS MOTOR MAKINA San. Ic ve Dis. Tic. Ltd. Sti.,Turkey,Halle 13,13F32,1,0,0,100
32114,BARKU Barnstorfer Kunststofftechnik GmbH & Co. KG,Germany,Halle 17,17F17,1,0,0,100
28118,BASF Agricultural Solutions Deutschland GmbH,Germany,Halle 23,23B39,0,0,0,000
27948,BASF SE,Germany,Halle 21,21C35,0,0,0,000
31873,"Basica Biochemical and Science Co., Ltd.",People's Republic of China,Halle 19/20,20E27,0,1,1,011
28535,Baster Sp. z o.o.,Poland,Halle 21,21B13,1,0,0,100
28970,Batterie365 GmbH,Germany,Halle 25,25J26,0,0,0,000
28534,Bauernkind GmbH,Germany,Halle 13,13D58,0,0,0,000
28904,Baur Folien GmbH,Germany,Halle 25,25E19,0,0,0,000
28605,Bavet Ilac San. ve Tic. A.S.,Turkey,Halle 23,23C26,0,1,1,011
32943,Bayerische Landesanstalt für Landwirtschaft,Germany,Halle 13,13F33,0,0,0,000
28808,"Bayerische Landesanstalt für Landwirtschaft Institut für Tierhaltung, Tierernährung und Futterwirtsc",Germany,Halle 14/15,15J06,0,0,0,000
28367,Bayerische Landesanstalt für Landwirtschaft (LfL),Germany,Halle 14/15,15J06,1,0,0,100
30168,Bayerisches Landwirtschaftliches Wochenblatt,Germany,NA,NA,0,0,0,000
30171,Bayerisches Landwirtschaftliches Wochenblatt,Germany,NA,NA,0,0,0,000
28926,Bayern BHKW GmbH,Germany,Halle 25,25L13,0,0,0,000
27733,BAYERN-GENETIK GmbH,Germany,Halle 11,11G30,1,0,0,100
31881,BBCA Group,People's Republic of China,Halle 19/20,20C04,0,0,1,001
28400,B&B Corporation S.r.l.,Italy,Halle 22,22D11,1,1,1,111
27363,BBG - Belgian Blue Group SC,Belgium,Halle 11,11E47,0,0,0,000
28722,BDW Feedmill Systems GmbH & Co. KG,Germany,Halle 12,12D25,0,0,1,001
28136,Bechtel GmbH,Germany,Halle 12,12B30,0,0,0,000
27439,BEC - Osprey Ltd.,United Kingdom,Halle 17,17F48,0,0,0,000
29010,Beekenkamp Verpakkingen B.V.,Netherlands,Halle 25,25J27,0,0,0,000
28394,Beerepoot GmbH,Germany,Halle 12,12C11,1,0,0,100
27309,BEG Schulze Bremer GmbH,Germany,Halle 16,16A17,1,1,0,110
28412,"Beijing Bodalinong Technology Development Co., Ltd,",People's Republic of China,Halle 19/20,20E05,0,1,1,011
28490,"Beijing Centre Biology Co., Ltd.",People's Republic of China,Halle 23,23A39,0,1,0,010
27479,"Beijing Challenge International Trade Co., Ltd.",People's Republic of China,Halle 19/20,20E60,0,1,0,010
28139,"Beijing CRVAB - Bio-technology Co., Ltd.",People's Republic of China,Halle 19/20,20E07,1,1,1,111
28615,Beijing Eastern Bell Technology Group,People's Republic of China,Halle 12,12C13,1,0,0,100
27829,"Beijing Enhalor International Tech Co., Ltd.",People's Republic of China,Halle 22,22C08,0,0,0,000
28110,"Beijing Goke Agriculture Machinery Co., Ltd.",People's Republic of China,Halle 27,27G58,1,0,0,100
31722,"Beijing Kingpeng Global Technology Co., Ltd.",People's Republic of China,Halle 14/15,15J23,1,0,0,100
27888,"Beijing Shengsi Technology Co., Ltd.",People's Republic of China,Halle 17,17E43,0,0,0,000
32120,"Beijing STROWIN Biotechnology Co., Ltd.",People's Republic of China,Halle 21,21K26,0,1,0,010
28096,"Beijing U-Milk Milking Industry Co., Ltd.",People's Republic of China,Halle 11,11G50,1,0,0,100
28014,"Beijing Yahe Nutritive High-Tech Co., Ltd.",People's Republic of China,Halle 22,22C05,0,1,0,010
28517,"Beijing ZKWL Science & Technology Co., Ltd.",People's Republic of China,Halle 21,21A18,0,1,1,011
28399,Bekina Boots N.V.,Belgium,Halle 11,11D31,0,0,0,000
27408,BENEO-Orafti SA,Belgium,Halle 21,21A10,0,0,0,000
27198,Berg Agrar GmbH,Germany,Halle 11,11E46,0,0,0,000
27368,Berg + Schmidt Animal Nutrition GmbH & Co. KG,Germany,Halle 19/20,20A14,0,1,0,010
32085,BERNT LORENTZ GmbH,Germany,Halle 14/15,15J34,0,0,0,000
27228,Besamungsgenossenschaft Marktredtwitz-Wölsau eG,Germany,Halle 11,11G48,1,0,0,100
28748,Besamungsstation Greifenberg,Germany,Halle 11,11F41,1,0,0,100
28745,Besamungsverein Neustadt an der Aisch e.V.,Germany,Halle 11,11F41,1,0,0,100
29746,Best Bart,Netherlands,Halle 13,13E32,0,1,0,010
27426,Best Feeder Sp. z o.o.,Poland,Halle 17,17C49,1,0,0,100
28541,Bestmix Software N.V.,Belgium,Halle 19/20,20B12,0,0,0,000
27516,BEST S.r.l.,Italy,Halle 17,17D49,0,0,0,000
28487,BETAMOL Ltd.,Latvia,Halle 21,21D27,0,1,1,011
28071,BETEBE GmbH,Germany,Halle 12,12G19,1,0,0,100
28902,Better Insect Solutions A/S,Denmark,Halle 25,25K35,0,0,0,000
27519,BEWITAL agri GmbH & Co. KG,Germany,Halle 22,22A14,1,1,1,111
32550,BeWo Anlagentechnik UG & Co. KG,Germany,Halle 25,25A13,0,0,0,000
27931,Bextral B.V.,Netherlands,Halle 19/20,20E59,0,1,0,010
32877,BFG Bio-Fleisch GmbH,Germany,Halle 13,13E26,0,0,0,000
27487,BFMA - Bulgarian Feed Manufacturers Association,Bulgaria,Halle 19/20,20C44,1,0,1,101
28855,BG ETEM - Berufsgenossenschaft Energie Textil Elektro Medienerzeugnisse,Germany,Halle 25,25G25,0,0,0,000
31784,BHKW Anlagenservice GbR,Germany,Halle 25,25B05,0,0,0,000
28942,BHKW Johann Hochreiter Biogas Planung Beratung GmbH,Germany,Halle 25,25G05,0,0,0,000
28285,BHZP GmbH,Germany,Halle 14/15,15A16,1,0,0,100
29050,"Bigbest Solutions, Inc.",Taiwan,Halle 25,25M26,0,0,0,000
28870,Big Dutchman International GmbH - [Energieversorgung | Power supply],Germany,Halle 25,25I25,0,0,0,000
27793,Big Herdsman,People's Republic of China,Halle 17,17A11,1,0,0,100
27699,BILLIGEN Ingenieur- & Planungsbüro Agrarplanungen für Profis,Germany,Halle 13,13C59,1,0,0,100
28990,Binder GmbH,Germany,Halle 25,25M13,0,0,1,001
28537,Bintas Danismanlik San. ve Tic. A.S.,Turkey,Halle 22,22D30,1,1,0,110
28308,BioAktiv International GmbH,Germany,Halle 21,21A19,0,1,1,011
27496,Biochem Zusatzstoffe Handels- und Produktionsgesellschaft mbH,Germany,Halle 21,21G36,0,1,1,011
28951,bioconstruct GmbH,Germany,Halle 25,25I19,0,0,0,000
28292,BioControl Norway AS,Norway,Halle 13,13C18,0,0,0,000
28211,BioCV GmbH,Germany,Halle 17,17G03,0,0,0,000
27317,Biodevas Laboratoires,France,Halle 22,22B24,0,0,0,000
28476,Biofaktor Sp. z o.o.,Poland,Halle 23,23C21,0,0,0,000
27708,BIOFEED Sp. z o.o.,Poland,Halle 21,21G10,1,1,0,110
28853,Biogas-Additive.de GmbH,Germany,Halle 25,25F23,0,1,1,011
29064,Biogas Höre GmbH,Germany,Halle 25,25F07,0,0,0,000
28863,Biogas Service Tarmstedt GmbH,Germany,Halle 25,25J08,0,0,0,000
29070,Biogastechnik Süd GmbH,Germany,Halle 25,25D18,0,0,0,000
31389,Biogenkoji Research Institute,Japan,Halle 19/20,20E06,1,1,1,111
28965,BioG GmbH,Austria,Halle 25,25D28,0,0,0,000
27621,Bioiberica S.A.U.,Spain,Halle 19/20,20B21,0,1,0,010
30508,Biokom Trendafilov Ltd.,Bulgaria,Halle 13,13E13,0,0,0,000
28448,Bioland e.V.,Germany,Halle 13,13E26,0,0,0,000
30400,Biomasa,Poland,NA,NA,0,0,0,000
30631,Biomethane Industry,Italy,Halle 14/15,15F23,0,0,0,000
27261,Bioplagen Tech S.L.,Spain,Halle 23,23C45,0,0,0,000
27329,Bioproton Europe Oy,Finland,Halle 21,21H49,0,1,0,010
27704,BIORET AGRI,France,Halle 12,12F55,1,0,0,100
27388,BIORET AGRI - Innovations,France,Halle 12,12F59,1,0,0,100
28987,Biotaktix GmbH,Germany,Halle 25,25D13,0,0,0,000
28057,"BIOTESTLAB, LLC",Ukraine,Halle 23,23C33,0,0,0,000
27690,Bioveta a.s.,Czech Republic,Halle 23,23C23,0,0,0,000
28121,"Biovet, S.A.",Spain,Halle 19/20,20A17,1,1,1,111
28297,Birim Kaucuk Kalip Plastik San. Tic. Ltd. Sti.,Turkey,Halle 11,11B07,0,0,0,000
27225,BIVIT NV,Belgium,Halle 19/20,20C19,1,1,0,110
27886,Bixter.dk ApS,Denmark,Halle 14/15,15E14,1,0,0,100
28729,B&K Agrar GmbH,Germany,Halle 19/20,20A53,1,1,1,111
28735,BLS Sp. z o.o.,Poland,Halle 19/20,20A58,1,1,0,110
28767,BLTD e.V.,Germany,Halle 19/20,20E46,0,0,1,001
28937,Blue Planet Ecosystems GmbH,Austria,Halle 25,25M27,1,0,0,100
27917,"BMV Medtech Group Co., Ltd.",People's Republic of China,Halle 16,16D22,0,0,0,000
28120,BOBMAN - Jydeland Maskinfabrik A/S,Denmark,Halle 27,27H15,0,0,0,000
28572,Böck Silosysteme GmbH,Germany,Halle 12,12B05,0,0,1,001
27850,Boehringer Ingelheim Vetmedica GmbH,Germany,Halle 11,11E33,0,1,0,010
32444,Boerenbusiness,Netherlands,NA,NA,0,0,0,000
32131,"Bohigh Zinc Product Co., Ltd.",People's Republic of China,Halle 19/20,20E27,1,1,0,110
28296,BOMECH B.V.,Netherlands,Halle 27,27A49,0,0,0,000
27456,Bonilait Proteines SA,France,Halle 19/20,20D20,1,0,0,100
27889,Bopil ApS,Denmark,Halle 14/15,15D05,0,0,0,000
30503,BoPro - Lir Analytical Ltd.,Ireland,Halle 11,11A28,0,0,0,000
27279,BÖRGER GmbH Drehkolbenpumpen,Germany,Halle 27,27A32,0,0,0,000
27694,Bosch Beton GmbH & Co. KG,Germany,Halle 27,27C40,0,0,0,000
28715,Bosche Systembau GmbH,Germany,Halle 12,12D48,0,0,0,000
30398,BossAgro,Kazakhstan,NA,NA,0,0,0,000
28176,BouMatic Gascoigne Melotte sprl,Belgium,Halle 13,13C64,1,0,0,100
27910,BOUWIMPEX B.V.,Netherlands,Halle 14/15,15B05,1,0,0,100
28144,Bovimix Hoofcare Solutions  - Prospero S.r.l.,Italy,Halle 11,11E12,0,0,0,000
27565,Bovine Hoof Adhesives - Glue-U USA Inc.,United States of America,Halle 11,11B36,0,0,0,000
32545,Boviwalk,Denmark,Halle 13,13E11,1,0,0,100
27861,BRAMA-WEST Agrarhandels GmbH,Germany,Halle 12,12B58,1,0,0,100
28766,Brand Rühr- und Pumptechnik GmbH,Germany,Halle 27,27E53,1,0,0,100
29754,Brandt GmbH,Germany,Halle 25,25B21,0,0,1,001
30172,Braunvieh,Germany,NA,NA,0,0,0,000
27560,Brenntag Holding GmbH,Germany,Halle 23,23B08,0,1,1,011
27310,Bressel und Lade Maschinenbau GmbH,Germany,Halle 27,27H32,0,0,1,001
31422,BRIC Energy,Czech Republic,Halle 25,25E31,0,0,0,000
30179,Bright Renewables B.V.,Netherlands,Halle 25,25H06,0,0,0,000
28295,British Livestock,United Kingdom,Halle 11,11F26,0,0,0,000
28606,BRIXIES - Schäfer Brand Distribution GmbH,Germany,Halle 12,12E46,0,0,0,000
28610,BRIXIES - Schäfer Brand Distribution GmbH,Germany,Halle 27,27C41,0,0,0,000
32083,"Brolis Sensor Technology, UAB",Lithuania,Halle 13,13F40,0,0,0,000
28561,Bröring Technology GmbH,Germany,Halle 17,17C44,0,0,0,000
28771,BSA GmbH,Germany,Halle 27,27B49,0,0,0,000
29000,BSplus MotorenService GmbH,Germany,Halle 25,25J21,0,0,0,000
32880,BST Innova GmbH,Germany,Halle 25,25J08,0,0,0,000
27390,B. Strautmann & Söhne GmbH u. Co. KG,Germany,Halle 27,27F15,1,0,1,101
28595,BTSA Biotecnologías Aplicadas S.L.,Spain,Halle 21,21B39,0,1,1,011
27831,BUCHHOLZ Maschinen und Pumpen GmbH,Germany,Halle 13,13F21,0,0,0,000
27803,BÜFA Chemikalien GmbH & Co. KG,Germany,Halle 19/20,20B14,1,1,1,111
33073,Bundesanstalt für Landwirtschaft und Ernährung Innovationsförderprogramm Referat 322,Germany,Halle 13,13F33,0,0,0,000
27835,"Bundesministerium für Landwirtschaft, Ernährung und Heimat",Germany,Halle 13,13F33,0,0,0,000
32315,Bundesverband Aquakultur e.V.,Germany,Halle 25,25L22,0,0,0,000
28762,Bundesverband Deutscher Angus-Halter e.V.,Germany,Halle 11,11G28,1,0,0,100
28761,Bundesverband Deutscher Herefordzüchter e.V.,Germany,Halle 11,11G28,1,0,0,100
27220,Bundesverband Rind und Schwein e.V. (BRS),Germany,Halle 11,11G28,1,0,0,100
27662,Bundesverband Rind und Schwein e.V. (BRS),Germany,Halle 14/15,15A11,1,0,0,100
28298,Bundeszentrum für Landwirtschaft (BZL)  in der Bundesanstalt für Landwirtschaft und Ernährung,Germany,Halle 13,13F27,0,0,0,000
28392,BURKON Tarim Mak. Ltd. Sti.,Turkey,Halle 27,27F10,0,0,0,000
31257,BVdK e.V. Bundesverband der Klauenpflegenden Fachverband für Klauenpflege und -gesundheit,Germany,Halle 11,11D14,0,0,0,000
27671,BvL Maschinenfabrik GmbH & Co. KG,Germany,Halle 27,27D32,0,0,1,001
28946,bwe Energiesysteme GmbH & Co. KG,Germany,Halle 25,25G17,0,0,0,000
28102,CAI-PAN GmbH & Co. KG Euterpflege / Udder Care,Germany,Halle 12,12B62,0,0,0,000
28167,Caisley International GmbH,Germany,Halle 11,11E22,0,0,0,000
28538,Calf Star,United States of America,Halle 13,13E10,0,0,0,000
31819,Calzeo GmbH,Germany,Halle 12,12C41,0,0,0,000
28889,CAM Energy GmbH,Germany,Halle 25,25E24,0,0,0,000
32774,CAMSENS GmbH,Germany,Halle 25,25M25,0,0,0,000
28408,CanAGRO GmbH,Germany,Halle 12,12D11,0,0,0,000
27316,Canarm Ltd.,Canada,Halle 12,12D16,1,0,0,100
27993,CAN in Automation (CIA) e.V.,Germany,Halle 13,13B20,0,0,0,000
31423,Carbomax AG,Germany,Halle 25,25H28,0,0,0,000
28226,"Caresono Technology Co., Ltd.",People's Republic of China,Halle 16,16C19,0,0,0,000
28344,Carfed International Ltd.,Italy,Halle 17,17C43,1,0,0,100
28484,Cargill Animal Nutrition & Health,Netherlands,Halle 19/20,20B52,1,1,1,111
27776,Carl Zeiss Spectroscopy GmbH,Germany,Halle 19/20,20E58,0,0,0,000
27306,Carrozzeria Pezzaioli S.r.l.,Italy,Halle 14/15,15D17,0,0,0,000
28109,Casa Verde Naturprodukte-Vertriebs-GmbH,Germany,Halle 11,11E14,1,1,1,111
30182,Casis International,Pakistan,Halle 11,11C08,0,0,0,000
27391,CATALYSIS S.L.,Spain,Halle 19/20,20C27,1,1,1,111
29069,Caterpillar Energy Solutions GmbH,Germany,Halle 25,25K32,0,0,0,000
28373,CattleEye,United Kingdom,Halle 11,11F59,1,0,0,100
28810,"CAVAC - Choong Ang Vaccine Laboratories Co., Ltd.",South Korea,Halle 23,23A10,0,0,0,000
28257,CBS BETON GmbH,Germany,Halle 27,27D04,0,0,1,001
27372,CCPA GROUPE,France,Halle 22,22A08,1,1,1,111
28142,"CCSDA TECHNOLOGY Co., Ltd.",People's Republic of China,Halle 17,17A27,0,0,0,000
27240,cdVet Naturprodukte GmbH,Germany,Halle 21,21E27,0,1,0,010
28601,CELIKEL Tarim Mak. San ve Tic. A.S.,Turkey,Halle 27,27C32,0,0,0,000
27848,Celtic Sea Minerals Ltd.,Ireland,Halle 19/20,20A33,1,1,1,111
28791,CELTILAIT,France,Halle 19/20,20A04,1,1,0,110
27180,Centafarm S.r.l.,Italy,Halle 19/20,20B27,0,1,1,011
28366,Centurion Agro j.do.o.,Croatia,Halle 19/20,20B32,0,1,0,010
28470,Cereal Destrine S.p.A.,Italy,Halle 22,22C15,1,1,1,111
28272,CESCO EPC GmbH,Germany,Halle 12,12D05,0,0,0,000
27870,Cevonic Lighting Ltd.,People's Republic of China,Halle 17,17A22,1,0,0,100
27722,CFF GmbH & Co. KG,Germany,Halle 22,22B06,0,1,0,010
27772,CFS Vitafor,Belgium,Halle 19/20,20E37,0,1,1,011
31844,"Changchun FULINKS Technology Co., Ltd.",People's Republic of China,Halle 11,11C17,1,0,0,100
27501,"Changzhou Jiafa Granulating Drying Equipment Co., Ltd.",People's Republic of China,Halle 21,21D48,0,1,0,010
27648,CHAPRON-LEMENAGER SAS,France,Halle 11,11B54,0,0,0,000
28782,chargecats GmbH,Germany,Halle 25,25I25,0,0,0,000
27786,CHEMIFARMA S.p.A.,Italy,Halle 23,23C27,0,1,1,011
31847,"Chemland Chemicals Co., Ltd.",People's Republic of China,Halle 21,21K26,1,1,1,111
27893,Chemoforma AG,Switzerland,Halle 22,22D20,0,1,0,010
27555,CHEMSOLL Dorakim Endüstriyel Kimya A.S.,Turkey,Halle 23,23A29,0,0,0,000
31872,"Chengdu Sustar Feed Co., Ltd.",People's Republic of China,Halle 19/20,20E27,0,0,1,001
31856,"Chenguang Biotech Group Co., Ltd.",People's Republic of China,Halle 19/20,20A28,0,1,0,010
27420,"ChengYuan Biotech Co., Ltd.",People's Republic of China,Halle 21,21J02,0,0,0,000
28328,Chevita GmbH,Germany,Halle 23,23B24,0,1,0,010
28113,"China Animal Husbandry Industry Co., Ltd.",People's Republic of China,Halle 23,23B28,0,0,0,000
27965,CHIODA DANIELE & C. snc,Italy,Halle 17,17B50,0,0,0,000
31863,"Chongqing Bull Animal Pharmaceutical Co., Ltd.",People's Republic of China,Halle 23,23D28,0,0,0,000
28730,Christa Ltd.,Bulgaria,Halle 19/20,20C44,0,0,0,000
28374,Christian-Albrechts-Universität zu Kiel (CAU) Agrar- und Ernährungswissenschaftliche Fakultät,Germany,Halle 13,13F56,0,0,0,000
27911,CID LINES - An Ecolab Company,Belgium,Halle 23,23A38,0,0,0,000
27189,CIMA S.r.l.,Italy,Halle 16,16J18,0,0,0,000
27367,CJ EUROPE GmbH,Germany,Halle 21,21A35,0,0,1,001
28731,CK-Industries,France,Halle 12,12B49,1,0,0,100
27191,CLEARH2O Inc.,United States of America,Halle 22,22D08,0,1,0,010
28504,ClimaBarn - FabricAir GmbH,Germany,Halle 17,17G19,0,0,0,000
28043,Clipex Fencing & Stockyards Ltd.,Ireland,Halle 12,12G62,0,0,0,000
28564,CLIX THERAPY - IGSG Ltd.,Ireland,Halle 11,11A05,0,0,0,000
27809,C-Lock Inc.,United States of America,Halle 11,11C03,0,0,0,000
27601,Cloudfarms a.s.,Slovakia,Halle 16,16G10,1,0,0,100
27800,CMP Impianti S.r.l.,Italy,Halle 14/15,15J07,0,0,0,000
28511,C.M.S. Trading S.r.l.,Italy,Halle 13,13F02,0,0,0,000
31830,CNH Industrial Deutschland GmbH,Germany,Halle 25,25D28,0,0,0,000
27856,Combiboard - Profextru,Netherlands,Halle 14/15,15F06,0,0,0,000
27234,Comfy Solutions B.V.,Netherlands,Halle 13,13B25,1,0,0,100
28593,Compost Systems GmbH,Austria,Halle 27,27C60,0,0,0,000
27787,Compro (Beijing) Limited,People's Republic of China,Halle 21,21E09,0,1,0,010
27907,CONCORDIA Versicherungs-Gesellschaft a.G.,Germany,Halle 13,13C32,0,0,0,000
27724,Condon Engineering Ltd.,Ireland,Halle 12,12G24,1,0,0,100
28030,Connect Ingredients BV,Netherlands,Halle 21,21G02,0,0,1,001
28395,Connect Poultry,Egypt,Halle 17,17C35,1,0,0,100
29033,Consentis Anlagenbau GmbH,Germany,Halle 24,24A19,0,0,0,000
28218,CONSTANTEC,South Korea,Halle 12,12B03,0,0,0,000
27878,COOLIBRI S.r.l.,Italy,Halle 12,12B48,0,0,0,000
27571,COOPERL,France,Halle 17,17F05,0,0,0,000
28089,Coopex Montbeliarde,France,Halle 11,11E54,1,0,0,100
28798,Coopex Montbéliarde,France,Halle 11,11E54,1,0,0,100
28284,Copele S.L.,Spain,Halle 17,17B37,1,0,0,100
27812,Corbion,Netherlands,Halle 23,23C03,0,1,0,010
29755,CornTec GmbH,Germany,Halle 25,25F17,0,0,0,000
29043,Corradi & Ghisolfi S.r.l.,Italy,Halle 25,25C18,0,0,1,001
27668,COSNET S.A.S.,France,Halle 12,12A25,1,0,0,100
28621,COSUCRA Animal Nutrition,Belgium,Halle 21,21H10,1,1,1,111
28485,Cotran Corporation,United States of America,Halle 11,11E35,1,0,0,100
28919,Cover All LCA GmbH,Germany,Halle 25,25G10,0,0,0,000
28307,CowCare,Latvia,Halle 11,11B40,0,0,0,000
27705,Cowealthy Teknologji A.S.,Turkey,Halle 14/15,15K09,0,0,0,000
27615,Cowhouse International B.V.,Netherlands,Halle 12,12D32,1,0,0,100
27806,CowManager GmbH,Germany,Halle 11,11E48,0,0,0,000
27892,Cow-Welfare A/S,Denmark,Halle 12,12C49,1,0,0,100
28455,CPS International,Poland,Halle 27,27F58,0,0,1,001
29742,CRD - Concept Rolland Develloppement,France,Halle 17,17F05,0,1,0,010
28526,CREVA Industries Ltd.,Ireland,Halle 13,13B68,1,0,0,100
28202,CRI Genetics Vertriebsgesellschaft mbH,Germany,Halle 11,11F23,1,0,0,100
28441,CR INDUSTRY - Tract'Moi & Agricycles,France,Halle 27,27H20,0,0,0,000
28785,CRISTAL GROUP,France,Halle 19/20,20A04,0,1,0,010
28187,CRV Deutschland GmbH,Germany,Halle 11,11F21,1,0,0,100
30504,"CSPC Weisheng Pharmaceutical  (Shijiazhuang) Co., Ltd.",People's Republic of China,Halle 21,21L03,0,0,1,001
27895,CS Sicherheit + Service GmbH,Germany,Halle 17,17C42,0,0,0,000
27493,CTA MILK S.r.l.,Italy,Halle 13,13C10,1,0,0,100
27517,CTICONTROL Gesproga Soluciones S.L.,Spain,Halle 17,17A35,1,0,0,100
27327,C.T.S. Calvinsilos S.r.l.,Italy,Halle 14/15,15K14,0,0,0,000
27951,DACS A/S,Denmark,Halle 17,17D41,0,0,0,000
28813,"DAEHO Co., Ltd.",South Korea,Halle 23,23A10,0,0,0,000
28174,Daesang Europe B.V.,Netherlands,Halle 21,21D35,1,1,1,111
28814,"Daesung Microbiological Labs. Co., Ltd.",South Korea,Halle 23,23A10,0,0,0,000
28359,Dairy & Beef Genetics GmbH,Germany,Halle 11,11F53,1,1,0,110
27576,Dairyland Laboratories Inc.,United States of America,Halle 13,13A20,0,0,0,000
27989,DAIRY LINE S.r.l.,Italy,Halle 22,22D03,1,0,0,100
28497,Dairymac Ltd.,United Kingdom,Halle 11,11F18,1,0,0,100
27701,Dairymaster,Ireland,Halle 13,13D51,1,0,0,100
27183,DairyPower Equipment O'Donovan Dairy Services Ltd.,Ireland,Halle 27,27D54,0,0,0,000
27681,DAIRY SENSE ELEKTRONIK ve Yazilim Sist. San. ve Tic. Ltd. Sti.,Turkey,Halle 13,13A17,0,0,0,000
27606,DAIRYTOP,Belgium,Halle 13,13C20,0,1,0,010
28505,Dalian Platinum Chemicals,United States of America,Halle 21,21E26,0,0,1,001
27526,Daltec A/S,Denmark,Halle 16,16B10,0,0,0,000
28740,Daltec fördertechnische Anlagen GmbH,Germany,Halle 16,16B10,1,0,0,100
28087,"DAMLY (Zhengzhou) Environmental Technology Co., Ltd.",People's Republic of China,Halle 17,17A41,0,0,0,000
28623,Damtech Egg Handling B.V.,Netherlands,Halle 17,17B41,0,0,0,000
27839,DanBred P/S,Denmark,Halle 16,16H05,1,0,0,100
27651,Danvit,Denmark,Halle 22,22D16,1,1,0,110
27661,"Datacor, formerly Format Solutions",United States of America,Halle 22,22B20,0,0,0,000
27998,Datamars SA,Switzerland,Halle 11,11D30,1,0,0,100
31491,DataSentics a.s.,Czech Republic,Halle 25,25K40,0,0,0,000
27465,DATEV eG,Germany,Halle 13,13A16,0,0,0,000
28565,"DAWOON Co., Ltd.",South Korea,Halle 13,13A31,1,0,0,100
28940,dbds - Deutsche Biogas Dach-Systeme GmbH,Germany,Halle 24,24B24,0,0,0,000
28899,DCL Europe GmbH,Germany,Halle 25,25K11,0,0,0,000
27864,DEDEKS Medikal Teknolojileri Arge San. Tic. Ltd. Sti.,Turkey,Halle 11,11B11,1,0,0,100
28718,DELTAVIT,France,Halle 22,22A08,0,0,1,001
27920,DELUCX S.r.l.,Italy,Halle 12,12C05,1,0,0,100
27729,Demotec Demel e.K.,Germany,Halle 11,11B26,0,0,0,000
27354,DENKAVIT Futtermittel GmbH,Germany,Halle 21,21J19,1,1,1,111
31721,DENTAS KAGIT San. A.S.,Turkey,Halle 17,17D36,0,0,0,000
27617,DENUCO BV,Belgium,Halle 21,21F16,0,1,1,011
27199,"Deqing Omnilink - International Trade Co., Ltd.",People's Republic of China,Halle 16,16A13,1,0,0,100
27627,De Rooij Staltechniek BV,Netherlands,Halle 13,13D52,0,0,0,000
29042,Desotec NV,Belgium,Halle 25,25H33,0,0,0,000
28352,DESTEK ApS,Denmark,Halle 21,21E02,0,1,0,010
28393,DEULA Nienburg GmbH,Germany,Halle 14/15,15E31,0,0,0,000
28560,Devenish Nutrition Ltd.,United Kingdom,Halle 19/20,20C43,1,1,1,111
28032,DEVRIE,Germany,Halle 17,17A39,0,0,0,000
28115,"Dezhou Des Champs Agricultural Machinery Co., Ltd.",People's Republic of China,Halle 17,17C48,1,0,0,100
27236,DG DairyGen GmbH,Germany,Halle 11,11E59,1,0,0,100
28114,DGG - Direct Global Genetics LLC,United States of America,Halle 11,11F32,1,0,0,100
28047,Diamaksan Makine San. ve Tic. Ltd. Sti.,Turkey,Halle 11,11C06,0,0,0,000
27296,DIECI Deutschland GmbH,Germany,Halle 27,27B09,0,0,0,000
27282,DIETAXION,France,Halle 19/20,20C40,0,1,0,010
28768,Dietmar Hipper wiegen-dosieren-analysieren e.K.,Germany,Halle 27,27B32,1,0,0,100
27744,DIFAGRI,France,Halle 19/20,20A18,0,1,1,011
31488,DIGITANIMAL SL,Spain,Halle 25,25K33,0,0,0,000
32084,"Dikamar, S.A.",Portugal,Halle 14/15,15J35,0,0,0,000
27645,Dinamica Generale S.p.A.,Italy,Halle 27,27G47,1,0,0,100
30697,"Dingzhou Sifeng Environmental Protection Technology Co., Ltd.",People's Republic of China,Halle 12,12G10,1,0,0,100
28281,DIPTRON,Spain,Halle 23,23C39,0,0,0,000
28416,Disproquima SAU,Spain,Halle 21,21B06,0,0,0,000
31849,"Dixiang (Dali) Biotechnology Co., Ltd.",People's Republic of China,Halle 21,21K26,0,1,1,011
27468,DLG AgroTechService,People's Republic of China,Halle 21,21K26,0,1,1,011
27131,DLG e.V.,Germany,Halle 13,13E58,0,0,0,000
30765,DLG Expert Stage: Biosicherheit und Futtermittelsicherheit,Germany,Halle 21,21E05,0,0,0,000
31752,DLG Expert Stage: Direktvermarktung,Germany,Halle 13,13F41,0,0,0,000
28802,DLG Expert Stage: EnergyDecentral,Germany,Halle 25,25E29,0,0,0,000
30767,DLG Expert Stage: Geflügel / Poultry,Germany,Halle 17,17D29,0,0,0,000
29026,DLG Expert Stage: Inhouse Farming,Germany,Halle 25,25L23,0,0,0,000
30762,DLG Expert Stage: Rind / Cattle,Germany,Halle 12,12G28,0,0,0,000
30768,DLG Expert Stage: Schwein / Pig,Germany,Halle 17,17F28,0,0,0,000
27255,DLG Markets China,People's Republic of China,Halle 23,23D28,0,1,1,011
27387,DLG Markets China,People's Republic of China,Halle 23,23C18,0,0,0,000
27427,DLG Markets China,People's Republic of China,Halle 21,21K11,0,1,1,011
27429,DLG Markets China,People's Republic of China,Halle 14/15,15D24,1,0,0,100
27443,DLG Markets China,People's Republic of China,Halle 11,11C17,1,0,0,100
27490,DLG Markets China,People's Republic of China,Halle 19/20,20A28,0,1,1,011
27537,DLG Markets China,People's Republic of China,Halle 22,22C06,0,1,0,010
27647,DLG Markets China,People's Republic of China,Halle 19/20,20E27,0,1,1,011
27727,DLG Markets China,People's Republic of China,Halle 19/20,20C04,0,1,1,011
30770,DLG Markets GmbH,Germany,Halle 13,13E69,0,0,0,000
33105,DLG Mitteilungen,Germany,NA,NA,0,0,0,000
31751,DLG Science Campus,Germany,Halle 13,13F58,0,0,0,000
30763,DLG Spotlight: Barn Robot Event,Germany,Halle 13,13E43,0,0,0,000
30766,DLG Spotlight: Emissionsminderung,Germany,Halle 17,17E28,0,0,0,000
30761,DLG Spotlight: Grobfuttererzeugung / Forage production,Germany,Halle 12,12F26,0,0,0,000
29025,DLG Spotlight: Inhouse Farming,Germany,Halle 25,25L22,0,0,0,000
30764,DLG Spotlight: Innovation Boulevard,Germany,Halle 21,21G04,0,0,0,000
28803,DLG Spotlight: Solaroffensive + Energie vom Betrieb / Solar Initiative + Energy from the Farm,Germany,Halle 25,25I31,0,0,0,000
30769,DLG Spotlight: TopTierTreff,Germany,Halle 11,11G33,1,0,0,100
33079,DLG-Testzentrum Technik & Betriebsmittel,Germany,Halle 17,17E28,0,0,0,000
33174,Doherty Woodshavings,United Kingdom,Halle 11,11C22,0,0,0,000
27531,Dollvet Biyotechnoloji A.S.,Turkey,Halle 23,23C04,0,0,0,000
28024,DOMCA S.A.,Spain,Halle 22,22B28,1,1,1,111
28611,Domino Systems GmbH,Germany,Halle 17,17A15,1,0,0,100
28938,Donau-Silphie - Energiepark Hahnennest GmbH & Co. KG,Germany,Halle 25,25B03,0,0,0,000
31875,"Dongxiao Biotechnology  Co., Ltd.",People's Republic of China,Halle 19/20,20E27,0,1,1,011
27775,DOPHARMA International BV,Netherlands,Halle 23,23D27,0,0,0,000
28431,Dorset Green Machines BV,Netherlands,Halle 17,17B22,0,0,0,000
27974,DOSATRON INTERNATIONAL S.A.S.,France,Halle 16,16B11,1,0,0,100
27503,DOSTOFARM GmbH,Germany,Halle 19/20,20D58,0,1,0,010
27877,DOX-AL Italia S.p.A. La Veterinaria,Italy,Halle 23,23B01,1,1,1,111
27564,DRAMINSKI S.A.,Poland,Halle 11,11F06,0,0,0,000
27459,DR. BATA Co. Ltd.,Hungary,Halle 21,21J05,0,1,0,010
27843,Dr. Eckel Animal Nutrition GmbH & Co. KG,Germany,Halle 19/20,20A43,0,0,0,000
27952,Dr. Knopf & Oswald GmbH,Germany,Halle 13,13D16,1,0,0,100
28805,Dr. Schwerdtfeger Personalberatung GmbH & Co. KG,Germany,Halle 25,25H08,0,0,0,000
30500,Druid Europe BV,Netherlands,Halle 12,12A43,0,0,0,000
27657,dsp-Agrosoft GmbH,Germany,Halle 13,13D50,1,0,0,100
28232,Duguva UAB,Lithuania,Halle 11,11C07,0,0,0,000
27792,DURÄUMAT Stalltechnik GmbH,Germany,Halle 14/15,15K24,1,0,0,100
28029,Dutch Feed Systems B.V.,Netherlands,Halle 16,16G13,1,0,0,100
27909,Dutch Nutri Science BV,Netherlands,Halle 23,23B09,0,1,1,011
27292,Dutrion - Duka Production B.V.,Netherlands,Halle 23,23A51,0,0,0,000
29017,e2m - Energy2market GmbH,Germany,Halle 25,25I11,0,0,0,000
32125,Eacenic Technology Group,People's Republic of China,Halle 14/15,15D24,0,0,0,000
28758,eAnalytics GmbH,Germany,Halle 13,13C17,1,0,0,100
27524,Eastman,Belgium,Halle 21,21H19,0,1,1,011
28726,"East Rock Farm Technologies Co., Ltd.",People's Republic of China,Halle 14/15,15J30,1,0,0,100
27422,EASYFIX Agri & Industrial Rubber Ltd.,Ireland,Halle 13,13C58,0,0,0,000
28038,"EASY FONG ENTERPRISE Co., Ltd.",Taiwan,Halle 17,17A45,0,0,0,000
28481,Easy Silage B.V.,Netherlands,Halle 27,27D03,0,0,1,001
28770,ECKART Maschinenbau GmbH,Germany,Halle 27,27B49,0,0,0,000
28489,Ecolex Animal Nutrition,Malaysia,Halle 23,23A06,0,1,0,010
29013,Ecological Laboratories Inc.,United States of America,Halle 25,25D05,0,0,0,000
31871,Eco Nutrition (Chongqing) Ltd.,People's Republic of China,Halle 19/20,20E27,0,1,1,011
28329,Edelgrün - Trockengrün Marketing eG,Germany,Halle 19/20,20E46,0,0,1,001
28599,EDILFIBRO S.p.A.,Italy,Halle 14/15,15K20,0,0,0,000
28540,Edilfloor S.p.A.,Italy,Halle 12,12E04,0,0,1,001
27589,E-Dimension Kft.,Hungary,Halle 16,16C03,0,0,0,000
28440,E+E Elektronik Deutschland GmbH,Germany,Halle 17,17D38,0,0,0,000
30332,Effektivt Landbrug,Denmark,NA,NA,0,0,0,000
27336,E.F.S.-Holland B.V.,Netherlands,Halle 19/20,20C57,1,1,1,111
29039,EGGLINK Sp. z o.o.,Poland,Halle 25,25K37,0,0,0,000
28033,Egon Sommer Maschinenbau GmbH & Co. KG,Germany,Halle 12,12F28,0,0,0,000
30333,EIDala.kz,Kazakhstan,NA,NA,0,0,0,000
27880,Eierautomat - Liberty Vertriebs GmbH,Germany,Halle 17,17A36,0,0,0,000
28271,eierschachteln.de - eivolution GmbH & Co. KG,Germany,Halle 17,17C30,1,1,0,110
27912,eimü - Protecting Cows Ferdinand Eimermacher GmbH & Co. KG,Germany,Halle 13,13C17,0,0,0,000
28217,Einfach Bauer,Germany,Halle 11,11A03,1,0,0,100
30539,Eis Berger GmbH,Germany,Halle 13,13F17,0,0,0,000
30702,Eko Ferma Tomasz Kałek,Poland,Halle 19/20,20B22,1,0,0,100
27563,EKSPOL S.A.,Poland,Halle 23,23A22,0,1,1,011
30307,Elite,Germany,NA,NA,0,0,0,000
30401,Elite,Germany,NA,NA,0,0,0,000
27725,ELMEGA S.L.,Spain,Halle 12,12G20,1,0,0,100
28200,ELVOR,France,Halle 19/20,20B19,0,0,0,000
28986,Emission Partner GmbH & Co. KG,Germany,Halle 24,24A12,0,0,0,000
28125,Emma Farm Solutions,Greece,Halle 13,13D10,1,0,0,100
32546,ENDKON Electronics,Turkey,Halle 17,17C23,0,0,0,000
28950,Energas BHKW GmbH,Germany,Halle 24,24A11,0,0,0,000
28999,energiePLUSagrar GmbH Adrian Schädel,Germany,Halle 24,24C14,0,0,0,000
28972,ENERPARC AG,Germany,Halle 25,25H23,0,0,0,000
29024,ENERPIPE GmbH,Germany,Halle 25,25M20,0,0,0,000
27209,ENKA TARIM Hayvancilik San. Tic.Ltd. Sti.,Turkey,Halle 13,13C42,0,0,0,000
28992,ENSERV Energy Industry Services GmbH,Germany,Halle 25,25M18,0,0,0,000
30305,Entraid,France,NA,NA,0,0,0,000
27488,Envirologic AB,Sweden,Halle 17,17A06,1,0,0,100
27981,Envirologix GmbH,Austria,Halle 22,22B26,0,1,0,010
28977,EnviTec Biogas AG,Germany,Halle 25,25F21,0,0,1,001
27435,Episurg Group of Industries,Pakistan,Halle 11,11E10,1,0,0,100
27173,EPP - European Pig Producers e.V.,Germany,Halle 16,16E13,0,0,0,000
28948,EPS BHKW GmbH,Germany,Halle 24,24A16,0,0,0,000
28960,Erich Stallkamp ESTA GmbH,Germany,Halle 25,25A19,0,0,0,000
28418,ERILON S.r.l.,Italy,Halle 12,12B32,1,0,0,100
28483,ERRA TECNI-RAM S.L.,Spain,Halle 17,17H21,1,0,0,100
28478,ERT agri AS,Norway,Halle 12,12G64,0,0,0,000
29055,ETA Heiztechnik GmbH,Austria,Halle 25,25J05,0,0,0,000
27348,"Eton Food Co., Ltd.",People's Republic of China,Halle 19/20,20B13,0,1,1,011
27692,ETS EMILY SA,France,Halle 27,27H21,0,0,1,001
28879,ETW Energietechnik GmbH,Germany,Halle 25,25G23,0,0,0,000
27628,ETXE HOLZ S.L.,Spain,Halle 12,12F15,0,0,0,000
28348,EUROCELL Deutschland GmbH,Germany,Halle 23,23C10,1,0,0,100
28310,EURODUNA Rohstoffe GmbH,Germany,Halle 19/20,20E21,0,1,1,011
27404,Eurofeed Technologies S.p.A.,Italy,Halle 21,21J47,0,1,1,011
32874,Eurofins Agro Testing,Netherlands,Halle 19/20,20A60,0,0,0,000
28326,Eurofins Genomics Denmark A/S,Denmark,Halle 11,11F15,1,0,0,100
28747,EUROgenetik EWIV,Germany,Halle 11,11F41,1,0,0,100
28907,EURO-JABELMANN Maschinenbau GmbH,Germany,Halle 25,25E04,0,0,0,000
28007,EUROLYSINE,France,Halle 21,21F19,0,0,1,001
27992,European Protein A/S,Denmark,Halle 16,16C12,1,0,1,101
27991,"EURO-P LUZ GmbH Pumpen-, Anlagen- und Systemtechnik",Germany,Halle 27,27C38,0,0,0,000
27913,EUROSILOS SIRP S.r.l.,Italy,Halle 17,17F12,0,0,0,000
28443,Eurotec Group,Brazil,Halle 21,21C04,0,1,1,011
29005,Eurowind Energy GmbH,Germany,Halle 25,25D20,0,0,0,000
27986,Evapor Cooling Systems,Turkey,Halle 17,17A26,1,0,0,100
27779,Evel,Italy,Halle 12,12E41,0,0,0,000
28765,EvergFor Speciality Fertizers,Egypt,Halle 21,21E35,0,0,0,000
27446,EVERGREEN VILLAGE,United States of America,Halle 12,12G57,1,0,0,100
31397,"Everwell LifeScience Co., Ltd.",People's Republic of China,Halle 21,21H06,0,1,1,011
27994,Evonik Industries AG,Germany,Halle 21,21E33,0,1,1,011
28270,Evoteck S.r.l.,Italy,Halle 14/15,15K04,1,0,0,100
28278,Evoteck S.r.l.,Italy,Halle 14/15,15E11,0,0,1,001
27175,Ewering GmbH & Co. KG Stall- und Fütterungstechnik,Germany,Halle 16,16F04,1,0,0,100
28936,EWE VERTRIEB GmbH,Germany,Halle 24,24A17,0,0,0,000
27703,EW Nutrition GmbH,Germany,Halle 19/20,20C25,1,1,0,110
27849,Exeler Agrarservice GmbH & Co. KG,Germany,Halle 27,27C54,0,0,0,000
31425,Exeler GmbH & Co. KG,Germany,Halle 25,25I10,0,0,0,000
28514,Expana,United Kingdom,Halle 21,21H47,0,1,0,010
27559,Expert-Medical Ltd.,Hungary,Halle 23,23D15,0,0,0,000
28682,ExpoPlatform,Germany,NA,NA,0,0,0,000
28873,ExTox Gasmess-Systeme GmbH,Germany,Halle 25,25D16,0,0,0,000
28315,EYETCAT GmbH,Germany,Halle 21,21D34,0,1,0,010
27231,EYS Endüstri Mak. San. ve Tic. A.Ş.,Turkey,Halle 27,27B48,0,0,1,001
28183,Fabdec GmbH,Germany,Halle 13,13E19,0,0,0,000
30531,Fachhochschule Südwestfalen Agrarwirtschaft Soest,Germany,Halle 13,13E45,0,0,0,000
28964,Fachverband Biogas e.V.,Germany,Halle 25,25D24,0,0,0,000
27782,FALCON S.r.l.,Italy,Halle 16,16D04,1,0,0,100
27243,Falken Trade Sp. z o.o.,Poland,Halle 21,21F12,0,1,0,010
27546,"FAMSUN Co., Ltd.",People's Republic of China,Halle 12,12D18,0,0,0,000
27381,Fancom B.V.,Netherlands,Halle 17,17F06,0,0,0,000
28769,FAN Separator GmbH,Germany,Halle 27,27B49,0,0,0,000
27222,FARESIN Industries S.p.A.,Italy,Halle 27,27F32,1,0,0,100
30176,FARMAPRO FRANCE,France,Halle 17,17F05,0,1,1,011
27345,Farmates Electrics Ltd.,People's Republic of China,Halle 11,11A18,0,0,0,000
27187,Farmavet Ilac. San. ve Tic. A.S.,Turkey,Halle 22,22B07,0,1,1,011
27360,Farmcomp Oy,Finland,Halle 11,11B15,0,0,0,000
33075,Farmdrive,United Kingdom,Halle 11,11C22,1,0,0,100
28034,FARMER S.p.A.,Italy,Halle 23,23B03,1,1,0,110
28438,Farmrob,People's Republic of China,Halle 17,17C36,1,0,0,100
27186,F.B. Zell Aktiv GmbH,Germany,Halle 11,11E20,0,0,0,000
31879,Feed China Registered License Center,People's Republic of China,Halle 19/20,20C04,1,1,0,110
28739,Feed & Food GmbH,Germany,Halle 19/20,20D52,1,1,0,110
27851,Feedlync,Ireland,Halle 27,27G53,1,0,0,100
28067,"Feedmate Co., Ltd.",People's Republic of China,Halle 23,23B05,0,1,1,011
31826,FeedPro,Italy,Halle 16,16C12,1,0,1,101
27964,FEEDSTAR - Eder GmbH,Germany,Halle 13,13D42,0,0,0,000
28502,FeedValid,Netherlands,Halle 21,21B33,0,0,0,000
27521,FEHLIG GmbH,Germany,Halle 11,11F03,0,0,0,000
27751,Fenchem,Germany,Halle 21,21K09,0,1,1,011
28287,FEROX Rubber,Netherlands,Halle 12,12C48,1,0,0,100
29012,FerroBio - MBC Chemical Industries SA,Spain,Halle 25,25I17,0,0,0,000
32312,Festo SE & Co. KG,Germany,Halle 25,25L22,0,0,0,000
27956,FF Chemicals BV,Netherlands,Halle 21,21G18,0,1,1,011
28088,F&F WE.KNOW.DAIRY. B.V.,Netherlands,Halle 19/20,20D52,1,1,0,110
31302,FGTI - Forward Grain Trade International Sp z o.o.,Poland,Halle 19/20,20D65,1,0,1,101
28106,FIC S.p.A.,Italy,Halle 13,13D24,0,0,0,000
28532,Fimaks Mak. Gida ve Tarim Ürünleri San. Tic. A.S.,Turkey,Halle 13,13B02,0,0,0,000
32939,Finck Stiftung gGmbH,Germany,Halle 13,13F33,0,0,0,000
28156,"Finely Animal Care Co., Ltd.",People's Republic of China,Halle 22,22D06,1,1,1,111
27478,FinnEasy Oy,Finland,Halle 11,11C58,1,0,0,100
28283,"FIPHARM Co., Ltd.",People's Republic of China,Halle 23,23C36,0,1,1,011
30173,Fleckvieh,Germany,NA,NA,0,0,0,000
28856,Flexxolutions GFS BV,Netherlands,Halle 25,25G22,0,0,0,000
27581,Fliegl Agrartechnik GmbH,Germany,Halle 27,27D31,0,0,0,000
27194,"fmGrupo - FM Estudio Agropecuario, S.L.",Spain,Halle 17,17H13,1,0,0,100
27840,FNF Ingredients EU BV,Netherlands,Halle 21,21B35,0,0,1,001
28943,FNR - Fachagentur Nachwachsende Rohstoffe e.V.,Germany,Halle 25,25M12,0,0,0,000
32945,FNR - Fachagentur Nachwachsende Rohstoffe e.V.,Germany,Halle 13,13F33,0,0,0,000
27949,FOG Agroteknik A/S,Denmark,Halle 14/15,15C07,0,0,0,000
29842,Forcefield Active Technology Ltd.,Ireland,Halle 11,11A30,0,0,0,000
28059,FORDTEK GmbH,Germany,Halle 19/20,20A45,0,1,1,011
28214,Forschungsinstitut für Nutztierbiologie (FBN),Germany,Halle 13,13F54,0,0,0,000
32879,Forschungsinstitut für Nutztierbiologie (FBN),Germany,Halle 13,13F33,0,0,0,000
27385,Förster-Technik GmbH,Germany,Halle 13,13D36,1,0,0,100
28060,FOSFITALIA S.p.A.,Italy,Halle 19/20,20C50,0,0,0,000
27654,"Foshan Convince Biotechnology Co., Ltd.",People's Republic of China,Halle 22,22A27,0,1,1,011
27826,"Foshan Dolo Animal Husbandry Machinery Co., Ltd.",People's Republic of China,Halle 16,16C13,1,1,0,110
28021,"Foshan Leader Bio-Technology Co., Ltd.",People's Republic of China,Halle 21,21B11,0,1,1,011
31854,"Foshan Standard Bio-Tech Co., Ltd.",People's Republic of China,Halle 23,23C18,0,1,1,011
28582,FP MANGIMI S.n.c.,Italy,Halle 19/20,20B28,1,1,1,111
28407,Fractal Industrie,France,Halle 12,12D69,1,0,0,100
27814,Franz Egenberger GmbH Milchwerk,Germany,Halle 19/20,20D57,0,0,0,000
27774,Franz Eisele u. Söhne GmbH & Co. KG,Germany,Halle 27,27B40,0,0,0,000
27769,Franz Högemann GmbH Automatisierungstechnik,Germany,Halle 12,12D48,0,0,0,000
29004,Fraunhofer-Institut für Graphische Datenverarbeitung IGD,Germany,Halle 25,25L29,0,0,0,000
29019,Friedhold GmbH,Germany,Halle 25,25L40,0,0,0,000
27666,FrigorTec GmbH,Germany,Halle 12,12B25,0,0,0,000
27781,Fritz Göbel GmbH & Co. KG,Germany,Halle 11,11C33,0,0,0,000
28961,Fritz Paulmichl GmbH,Germany,Halle 25,25G29,0,0,0,000
29065,FRÖLING Heizkessel- und Behälterbau Ges.mbH,Austria,Halle 25,25K04,0,0,0,000
28160,FRONTAGRO ApS,Denmark,Halle 19/20,20A51,1,1,0,110
28111,Fufeng Group,People's Republic of China,Halle 21,21H28,0,1,1,011
27312,FU FONG Fogging Co.,Taiwan,Halle 17,17A14,1,0,0,100
29058,FU FONG Fogging Co.,Taiwan,Halle 25,25M30,0,0,0,000
31888,"Fujian Sanming Shengda Chemical Co., Ltd.",People's Republic of China,Halle 22,22C06,0,1,1,011
28530,"Fujian Sanming Zhengyuan Chemical Co., Ltd.",People's Republic of China,Halle 21,21C11,0,1,1,011
27630,FULL-LAVAL,Israel,Halle 13,13E34,1,0,0,100
27287,FutureCow,United States of America,Halle 13,13C09,0,0,0,000
32081,"GAIA BIO SCIENCE Co., Ltd.",South Korea,Halle 19/20,20A54,0,1,1,011
28291,Galebreaker Ltd.,United Kingdom,Halle 12,12B41,0,0,0,000
27958,Gallagher,Germany,Halle 11,11B47,1,0,0,100
33137,Ganaderia,Spain,NA,NA,0,0,0,000
32313,GANADERIA RIOMON SL,Spain,Halle 14/15,15K33,1,0,0,100
29844,Gas Power Sp. z o.o. Sp.k.,Poland,Halle 25,25K08,0,0,0,000
27815,Gaun S.A.,Spain,Halle 17,17D46,1,0,0,100
28223,GEA Farm Technologies GmbH,Germany,Halle 13,13C25,0,0,0,000
27530,G.E. Baker (UK) Ltd.,United Kingdom,Halle 14/15,15G19,1,0,0,100
30101,Geflügelnews,Germany,NA,NA,0,0,0,000
28849,GENAP,Netherlands,Halle 25,25J14,0,0,0,000
31860,"Geneham Pharmaceutical Co., Ltd.",People's Republic of China,Halle 19/20,20A28,0,1,0,010
28150,GENEPRO,France,Halle 16,16F11,1,0,0,100
28554,GENERAL DIES S.r.l.,Italy,Halle 12,12E23,0,0,0,000
28397,"General Life Biotechnology Co., Ltd.",Taiwan,Halle 11,11G15,0,0,0,000
28082,GENES DIFFUSION,France,Halle 11,11G60,1,0,0,100
31390,Genesis Biosciences Sdn. Bhd.,Malaysia,Halle 19/20,20A21,0,0,0,000
27732,GENESIS Manufacturing Ltd.,United Kingdom,Halle 23,23B34,0,0,0,000
32547,GENEX Cooperative,United States of America,Halle 11,11F23,1,0,0,100
27822,Genia SAS,France,Halle 23,23C15,1,0,0,100
27919,GENOVO GmbH,Germany,Halle 23,23D29,0,0,0,000
33081,Genugten Agri Projects B.V.,Netherlands,Halle 14/15,15G37,1,0,0,100
27954,GEOHELLAS S.A.,Greece,Halle 21,21D09,0,1,1,011
27739,Georg-August-Universität Göttingen Fakultät für Agrarwissenschaften,Germany,Halle 13,13E49,0,0,0,000
28268,GePro Geflügel-Protein Vertriebsgesellschaft mbH & Co. KG,Germany,Halle 21,21J12,0,0,1,001
28317,German Genetic Schweinezuchtverband Baden-Württemberg e.V.,Germany,Halle 16,16F03,1,0,0,100
28210,Germing GmbH & Co. Stalleinrichtungen,Germany,Halle 12,12B69,1,0,0,100
31820,Gesing Tierzucht GmbH,Germany,Halle 16,16E17,1,0,0,100
27906,GEWA Bruno Gelle GmbH,Germany,Halle 11,11B30,0,0,0,000
28084,Geyer & Hosaja Sp. z o.o.,Poland,Halle 12,12G31,1,0,1,101
28909,GFA Certification GmbH,Germany,Halle 25,25G11,0,0,0,000
29749,GFS-Top-Animal-Service GmbH,Germany,Halle 14/15,15A11,1,0,0,100
28236,GGI-SPERMEX GmbH,Germany,Halle 11,11F41,1,0,0,100
28195,GIANT by TOBROCO-GIANT,Netherlands,Halle 27,27C08,0,0,0,000
27677,GIGLIOLI S.r.l.,Italy,Halle 21,21H35,1,1,1,111
27740,Gigola & Riccardi S.p.A.,Italy,Halle 17,17B47,1,0,0,100
28445,Gigola & Riccardi S.p.A.,Italy,Halle 12,12E28,0,0,0,000
27618,GIORDANO GLOBAL,Italy,Halle 23,23D47,0,0,0,000
27697,GITES GmbH,Germany,Halle 21,21K12,0,1,0,010
27904,Glatt Ingenieurtechnik GmbH,Germany,Halle 21,21F23,0,0,0,000
27389,GLOBAL CORNER COMPANY,Brazil,Halle 19/20,20B54,1,1,0,110
27639,Global Feed SL,Spain,Halle 19/20,20B18,1,1,0,110
27224,Global Nutritech Biyoteknoloji,Turkey,Halle 19/20,20E54,0,1,0,010
27196,Globifield Impex B.V.,Netherlands,Halle 11,11F58,0,0,0,000
31862,"GN Chemicals Co., Ltd.",People's Republic of China,Halle 23,23D28,0,0,1,001
28345,Gómez y Crespo,Spain,Halle 17,17C39,1,0,0,100
31388,Goodglo Inc.,Canada,Halle 21,21F47,0,1,0,010
28186,Göpel Genetik GmbH,Germany,Halle 11,11E26,1,0,0,100
28586,"Graceland LifeScience Co., Ltd.",People's Republic of China,Halle 21,21B04,0,0,1,001
29008,Grainit BiomassManager,Denmark,Halle 25,25L09,0,0,0,000
28720,GraiNit S.r.l.,Italy,Halle 19/20,20E58,0,0,0,000
28332,GrainProteinTech Climate Control & Air Treatment,Germany,Halle 17,17C10,1,0,0,100
28079,Grasstech - Future Grass Technology Ltd.,Ireland,Halle 27,27D47,0,0,0,000
29031,Green Energy M&A GmbH,Germany,Halle 25,25H08,0,0,0,000
28922,Green Energy Max Zintl GmbH,Germany,Halle 25,25F19,0,0,0,000
32548,Gre-EN-ergy Consult GmbH,Germany,Halle 25,25F22,0,0,0,000
28258,GreenGrass-Projekt Georg-August-Universität Göttingen Abteilung Graslandwissenschaft,Germany,Halle 13,13F51,0,0,0,000
31723,Greenhill Systems Ltd.,United Kingdom,Halle 14/15,15J20,0,0,0,000
27423,Green & Natural Industries Sdn. Bhd.,Malaysia,Halle 21,21C48,0,1,0,010
28966,Greenovative GmbH,Germany,Halle 25,25H26,0,0,0,000
27683,GreenVet - APA-CT S.r.l.,Italy,Halle 19/20,20B26,1,1,1,111
29750,Gregori Arbeitssicherheit & Service GmbH,Germany,Halle 17,17D37,0,0,0,000
32642,GRETE GmbH,Germany,Halle 14/15,15K29,0,0,0,000
32553,GRILLO Chemicals GmbH,Germany,Halle 17,17E28,0,0,0,000
27319,Groba Feeding Systems B.V.,Netherlands,Halle 16,16B04,1,0,0,100
27865,Groupe CTH - Centre Technique d'Hygiène,France,Halle 23,23A47,0,0,1,001
28116,Grubs Boots Ltd.,United Kingdom,Halle 11,11A27,0,0,0,000
28206,"GRUPO INPROQUISA, S.A.",Spain,Halle 21,21H26,1,1,1,111
27821,Gruppo Carli - SICEM S.r.l.,Italy,Halle 19/20,20B58,1,0,1,101
27852,"Guangdong Cardlo Biotechnology Co., Ltd.",People's Republic of China,Halle 22,22B03,0,1,0,010
28457,"Guangdong Ruisheng Technology Group Co., Ltd.",People's Republic of China,Halle 21,21F42,0,1,1,011
27210,"Guangzhou Juyuan Bio-Chem Co., Ltd.",People's Republic of China,Halle 21,21E25,0,1,1,011
27918,"Guangzhou Tanke Bio-Tech Co., Ltd.",People's Republic of China,Halle 22,22A23,0,0,1,001
30699,"Guangzhou Wisdom Bio-Technology Co., Ltd.",People's Republic of China,Halle 19/20,20D03,0,1,1,011
28091,GUANYI FARM,People's Republic of China,Halle 14/15,15J36,1,0,0,100
32133,Guizhou Chanhen Chemical Corporation,People's Republic of China,Halle 19/20,20C04,0,1,0,010
31874,"Guizhou Zerophos Technology Co., Ltd.",People's Republic of China,Halle 19/20,20E27,0,1,0,010
27242,Gummiwerk KRAIBURG Elastik GmbH & Co. KG,Germany,Halle 12,12C31,1,0,0,100
30537,GUNTAMATIC Heiztechnik GmbH,Austria,Halle 11,11B52,0,0,0,000
28276,Güttler GmbH,Germany,Halle 12,12G32,0,0,0,000
28384,G. van Beek en Zn.,Netherlands,Halle 12,12A19,1,0,1,101
28515,gvp Gesellschaft für Versicherungsprüfung mbH,Germany,Halle 13,13C62,0,0,0,000
27940,Haase Tränken GmbH,Germany,Halle 12,12G12,0,0,0,000
27977,Hagemann Dienste GmbH,Germany,Halle 19/20,20A58,1,1,0,110
33078,Hagola Biofilter GmbH,Germany,Halle 17,17E28,0,0,0,000
27197,HAHN Kunststoffe GmbH,Germany,Halle 11,11D26,1,0,0,100
28917,HAHN Kunststoffe GmbH,Germany,Halle 25,25G06,0,0,0,000
32645,"Haining MANGROVE General Trading Co., Ltd.",People's Republic of China,Halle 14/15,15K18,0,0,1,001
27908,hairtex e.K. Alexander Berger,Germany,Halle 11,11E08,0,0,0,000
28191,HAIX-Schuhe Produktions- und Vertriebs GmbH,Germany,Halle 11,11A10,0,0,0,000
27205,Hamlet Protein A/S,Denmark,Halle 19/20,20C33,1,1,0,110
28238,Hampel's Calf-Tel,Germany,Halle 13,13D03,1,0,0,100
28734,Handelsunternehmen GJ ROOZEBOOM BV,Netherlands,Halle 27,27H15,0,0,0,000
28815,"Handong Co., Ltd.",South Korea,Halle 23,23A10,0,0,0,000
31848,"Hangzhou Astral TOYOND Biotech Co., Ltd.",People's Republic of China,Halle 19/20,20A28,0,1,1,011
28428,"Hangzhou De Mark Industrial Co., Ltd.",People's Republic of China,Halle 21,21G46,1,1,1,111
27588,"Hangzhou Dinacell Electrónica Co., Ltd.",People's Republic of China,Halle 17,17B49,0,0,0,000
28460,"Hangzhou Gspmed Medical Appliances Co., Ltd.",People's Republic of China,Halle 11,11F39,0,0,0,000
27421,"Hangzhou HENGYI VET Co., Ltd.",People's Republic of China,Halle 21,21D24,0,0,1,001
28015,"Hangzhou Opus Fence Supplies Co., Ltd.",People's Republic of China,Halle 11,11G06,0,0,0,000
27933,"Hangzhou XINFU SCIENCE & TECHNOLOGY Co., Ltd.",People's Republic of China,Halle 22,22A02,0,0,1,001
28056,"HANGZHOU XINGYUE ANIMAL NUTRITION TECH CO.,LTD",People's Republic of China,Halle 21,21C03,0,1,1,011
28133,Hankkija Finnish Feed Innovations - Hankkija Oy,Finland,Halle 19/20,20B51,1,1,1,111
28862,Hanneken Energiesyteme GmbH & Co. KG,Germany,Halle 25,25K15,0,0,0,000
28364,Hans G. Hauri KG Mineralstoffwerke,Germany,Halle 23,23A02,1,1,1,111
28410,Hanskamp AgroTech BV,Netherlands,Halle 13,13D66,1,0,0,100
28289,Hansmeier Steuerungstechnik GmbH & Co. KG,Germany,Halle 12,12C30,0,0,1,001
28921,Hans van Bebber Heizungsbau GmbH & Co. KG,Germany,Halle 24,24B23,0,0,0,000
28488,"Haomu Agricultural Technology (Guangzhou) Co., Ltd.",People's Republic of China,Halle 21,21B08,1,1,1,111
29060,HARGASSNER Ges. mbH,Austria,Halle 25,25K19,0,0,0,000
27723,Hartmann GmbH & Co. KG,Germany,Halle 12,12C41,0,0,0,000
28252,HatchTech,Netherlands,Halle 17,17B32,0,0,0,000
28881,HATRACO,Netherlands,Halle 25,25M17,0,0,0,000
30530,HAW Kiel Hochschule für Angewandte Wissenschaften Kiel,Germany,Halle 13,13E48,0,0,0,000
27254,HayBuster - DuraTech Industries International,United States of America,Halle 27,27G49,0,0,0,000
28371,HBI Tyres & Wheels B.V. HBI Tyres & Wheels B.V. HBI Tyres & Wheels B.V.,Netherlands,Halle 27,27E24,0,0,0,000
28336,H. Bröring GmbH & Co. KG,Germany,Halle 16,16H17,1,1,0,110
27286,"HC PHARMA - Guangzhou Haicheng Pharmaceutical Co., Ltd.",People's Republic of China,Halle 21,21H45,0,0,1,001
28041,Healthcare FOR Animals GmbH,Germany,Halle 23,23C17,0,0,0,000
27217,"Healthy (Hangzhou) Husbandry Sci-tech Co., Ltd.",People's Republic of China,Halle 21,21G25,1,1,1,111
28556,"Hebei Hightop Livestock Farming Equipment Co., Ltd.",People's Republic of China,Halle 17,17A33,1,0,0,100
30630,"Hebei Honde Industrial Trade Import & Export Co., Ltd.",People's Republic of China,Halle 14/15,15G25,1,0,0,100
31853,"Hebei Lihua Pharmaceutical Co., Ltd.",People's Republic of China,Halle 23,23C18,0,0,0,000
31852,"Hebei New Century Pharmaceutical Co., Ltd.",People's Republic of China,Halle 23,23C18,0,0,0,000
31851,"Hebei Pengfa Chemical Co., Ltd.",People's Republic of China,Halle 19/20,20A28,1,0,0,100
32134,"Hebei Pushi Yongdao Trade Co., Ltd.",People's Republic of China,Halle 19/20,20C04,0,1,1,011
28019,"Hebei Shuntian Biotechnology Co., Ltd.",People's Republic of China,Halle 21,21F41,0,1,1,011
31885,"Hebei Teamtop Pharmaceutical Co., Ltd.",People's Republic of China,Halle 23,23C18,0,0,0,000
31876,"Hebei Yuanda Zhongzheng Bio-Tech Co., Ltd.‌",People's Republic of China,Halle 19/20,20E27,0,1,1,011
28458,"Hebei Yuanzheng Pharmaceutical Co., Ltd.",People's Republic of China,Halle 23,23B31,0,0,0,000
28013,"Hebi Bolong Livestock Husbandry Machinery Co., Ltd.",People's Republic of China,Halle 17,17C45,0,0,0,000
27262,Heforma GmbH,Germany,Halle 22,22B10,0,1,1,011
28931,HeGo Biotec GmbH,Germany,Halle 25,25I01,0,0,1,001
28052,"Heilongjiang Jinxiang Biochemical Co., Ltd.",People's Republic of China,Halle 22,22D17,0,0,1,001
30505,"Heilongjiang Vinno Technology Co., Ltd.",People's Republic of China,Halle 13,13B37,0,0,0,000
31884,"Heilongjiang Winovazyme Biotech Co., Ltd.",People's Republic of China,Halle 19/20,20C04,0,1,0,010
28914,heimann AKTIVKOHLE GmbH,Germany,Halle 25,25G16,0,0,0,000
28503,HEIM & HAUS Produktion und Vertrieb GmbH,Germany,Halle 14/15,15K23,0,0,1,001
27624,Heinrich Nagel KG (GmbH & Co.),Germany,Halle 22,22A11,1,1,1,111
28928,Heinzmann GmbH & Co. KG,Germany,Halle 25,25M21,0,0,0,000
28327,Heitling Fahrzeugbau GmbH & Co. KG,Germany,Halle 27,27E53,0,0,0,000
29061,HEIZOMAT - Gerätebau + Energiesysteme GmbH,Germany,Halle 25,25J11,0,0,0,000
28159,"Henan Pales Farming Machinery Co., Ltd.",People's Republic of China,Halle 17,17A50,0,0,0,000
28005,"Henan Storm Fog Environmental Technology Co., Ltd.",People's Republic of China,Halle 23,23C54,0,0,0,000
28459,"Henan Xinfeng Machinery Equipment Co., Ltd.",People's Republic of China,Halle 17,17A48,1,0,0,100
28661,Hendrix Genetics Swine Denmark A/S,Denmark,Halle 14/15,15A05,1,0,0,100
27623,"Henke-Sass, Wolf GmbH",Germany,Halle 23,23B33,0,0,0,000
28901,Henze-Harvestore GmbH,Germany,Halle 25,25C12,1,0,0,100
28994,hep energy GmbH,Germany,Halle 25,25K06,0,0,0,000
28786,HERBAROM,France,Halle 19/20,20A04,1,1,1,111
28467,Herbavita Bv,Belgium,Halle 22,22C16,0,1,1,011
31817,Herbst Umwelttechnik GmbH,Germany,Halle 25,25I01,0,0,0,000
29838,HerdsMate,People's Republic of China,Halle 11,11C04,0,0,0,000
29054,Hermann Sewerin GmbH,Germany,Halle 25,25I18,0,0,0,000
27923,hewitech GmbH & Co. KG,Germany,Halle 16,16C09,0,0,0,000
28596,"HGHY Pulp Molding Pack Co., Ltd.",People's Republic of China,Halle 17,17D50,0,0,0,000
28971,H.G.S. GmbH,Germany,Halle 24,24B19,0,0,0,000
28551,Highland Stall und Weide GmbH,Germany,Halle 11,11C30,0,0,0,000
28008,HIKO GmbH,Germany,Halle 11,11E60,1,0,0,100
28387,HIMEL Maschinen GmbH & Co. KG Futter-Aufbereitungs-Systeme,Germany,Halle 12,12A34,0,0,0,000
28403,HiRancher,People's Republic of China,Halle 11,11B37,1,0,0,100
32137,Hirl Misch- und Anlagentechnik e.K.,Germany,Halle 12,12F61,1,0,0,100
28166,Hive CPQ,Belgium,Halle 13,13C70,0,0,0,000
28737,HL-TopMix Ltd.,Bulgaria,Halle 19/20,20C44,1,0,1,101
27980,Hochschule Anhalt,Germany,Halle 13,13F55,0,0,0,000
30533,Hochschule für Wirtschaft und Umwelt Nürtingen-Geislingen (HfWU),Germany,Halle 13,13E46,0,0,0,000
28569,Hochschule Neubrandenburg Fachbereich Agrarwirtschaft und Lebensmittelwissenschaften,Germany,Halle 13,13E44,0,0,0,000
28306,Hochschule Osnabrück Fakultät Agrarwissenschaften und Landschaftsarchitektur,Germany,Halle 13,13E52,0,0,0,000
28127,Hochschule Weihenstephan-Triesdorf University of Applied Sciences,Germany,Halle 13,13F57,0,0,0,000
30507,hofmanager+ Jehle Agrarstruktur und Innovation GmbH,Germany,Halle 11,11F10,0,0,0,000
27538,Hofman Animal Care B.V.,Netherlands,Halle 11,11C11,0,0,0,000
28255,HOLARAS Hoopman Machines bv,Netherlands,Halle 27,27G32,1,0,1,101
32875,Holland Dairy Machines B.V.,Netherlands,Halle 13,13F19,1,0,0,100
27484,Holm & Laue GmbH & Co. KG,Germany,Halle 13,13E02,1,0,0,100
29029,HoloRuminant - European Forum of Farm Animal Breeders (EFFAB),Netherlands,Halle 11,11F60,1,1,1,111
27230,Hölscher + Leuschner GmbH & Co. KG,Germany,Halle 17,17F10,1,0,0,100
31823,Holzmühle Westerkamp GmbH,Germany,Halle 19/20,20E59,0,0,0,000
27540,Hoofcount Ltd.,United Kingdom,Halle 11,11A17,1,0,0,100
28325,horizont group gmbh Animal Care,Germany,Halle 11,11F22,1,0,0,100
28386,Horstkötter GmbH & Co. KG Tornado,Germany,Halle 12,12D34,0,0,1,001
31398,Hortum GmbH,Germany,Halle 21,21L34,1,0,1,101
27688,Horwath Bio.,People's Republic of China,Halle 19/20,20D32,0,1,0,010
29841,"HRINOVSKE STROJARNE, a.s.",Slovakia,Halle 27,27D55,0,0,0,000
28377,HSI Kunststofftechnik GmbH,Germany,Halle 17,17D09,0,0,0,000
31864,HSL Certification Service,People's Republic of China,Halle 22,22C06,0,0,0,000
27495,HTBA - HealthTech BioActives S.L.U.,Spain,Halle 19/20,20D14,0,1,0,010
29021,Huawei Technologies Deutschland GmbH,Germany,Halle 25,25G32,0,0,0,000
31392,"Hubei Gofee Husbandry Technology Co., Ltd.",People's Republic of China,Halle 12,12G41,0,0,0,000
32123,"Hubei Shendi Agricultural Science and Trade Co., Ltd.",People's Republic of China,Halle 19/20,20A28,1,1,1,111
27577,Huber Technik Vertriebs GmbH,Germany,Halle 12,12F10,0,0,0,000
27773,HUESKER Synthetic GmbH Standort Dülmen,Germany,Halle 12,12F42,1,0,0,100
27976,HÜHNERBARON - GROWCHAMPION GmbH,Germany,Halle 17,17F41,1,1,0,110
28244,Hühnermobil - Stallbau Weiland GmbH & Co. KG,Germany,Halle 17,17D28,1,0,0,100
27448,"Huizhou H-antech Motion System Co., Ltd.",People's Republic of China,Halle 17,17A09,1,0,0,100
30306,Hummingbird,Saudi Arabia,NA,NA,0,0,0,000
28584,"Hunan Debon Bio-Tech Co., Ltd.",People's Republic of China,Halle 21,21D36,0,1,1,011
28062,"Hunan Delore Natural Products Co., Ltd.",People's Republic of China,Halle 22,22B04,0,1,0,010
31883,"Hunan Fortune Economics and Trade Co., Ltd.",People's Republic of China,Halle 19/20,20C04,0,1,1,011
28981,HUNING Anlagenbau GmbH & Co. KG,Germany,Halle 25,25F13,0,0,0,000
30181,Huning Motorentechnik GmbH,Germany,Halle 25,25F13,0,0,0,000
27195,Hunland Trade Kft.,Hungary,Halle 11,11D15,1,0,0,100
32082,HU-RO S.R.L. FERMAG - FERMAT,Romania,Halle 13,13A48,0,0,0,000
27457,Huvepharma N.V.,Belgium,Halle 21,21J35,0,1,1,011
28580,H.V.M. - High Vacuum Maintenance S.r.l.,Italy,Halle 11,11G09,1,0,0,100
27505,H. Wilhelm Schaumann GmbH,Germany,Halle 19/20,20D50,0,0,0,000
28780,H. Wilhelm Schaumann GmbH & Co. KG,Austria,Halle 19/20,20D50,1,1,1,111
27506,H. Wolking Mühlen- und Maschinenbau GmbH & Co. KG,Germany,Halle 12,12D25,0,0,1,001
27943,Hybrid Genetics e.K.,Germany,Halle 11,11G55,1,0,0,100
27655,HYBRIMIN Computer + Programme GmbH & Co. KG,Germany,Halle 21,21D18,1,0,0,100
32883,Hydroclean,France,Halle 14/15,15H30,0,0,0,000
27223,IABER S.r.l.,Italy,Halle 11,11E37,0,0,0,000
28149,IAS ANALYSIS - IAT (Hungary) Technology Co. Kft.,Hungary,Halle 17,17H20,0,0,0,000
27879,IBO Technik GmbH,Germany,Halle 14/15,15D10,1,0,0,100
27204,ICB Pharma Sp.j.,Poland,Halle 23,23A49,0,0,0,000
27398,ICC Animal Nutrition - ICC Industrial Commercio Exportacao e Importacao S.A.,Brazil,Halle 19/20,20A52,0,1,1,011
31785,ICEBERG.ENGINEERING GmbH,Germany,Halle 25,25A15,0,0,0,000
31455,"ICEX España Exportación e Inversiones, E.P.E.",Spain,Halle 25,25K33,0,0,0,000
28930,"iCHASE, Inc.",United States of America,Halle 25,25K34,1,0,0,100
27728,ID Agro B.V.,Netherlands,Halle 12,12F14,1,0,0,100
27674,IDENA,France,Halle 21,21H33,0,1,0,010
28800,IDEXX B.V.,Netherlands,Halle 11,11D10,0,0,0,000
27260,IDS AGRI - ID GROUP,France,Halle 12,12E16,1,0,0,100
30535,IFN Schönow e.V.,Germany,Halle 13,13E50,0,0,0,000
28216,IFU GmbH Privates Institut für Analytik,Germany,Halle 14/15,15J16,0,0,0,000
30536,IGEBA Gerätebau GmbH,Germany,Halle 23,23D43,0,0,0,000
30134,iGrow News & Vertical Farming Podcast,United States of America,NA,NA,0,0,0,000
28724,"IGUSOL ADVANCE, SA",Spain,Halle 19/20,20C07,0,1,1,011
27863,IHT Group Innovative Heating Technologies,Canada,Halle 16,16D21,0,0,0,000
30663,IKADAN SYSTEM A/S,Denmark,Halle 14/15,15H26,1,0,0,100
27370,IMAS Makina San. A.S.,Turkey,Halle 12,12F18,0,0,0,000
27808,IMERYS Industrial Minerals Denmark A/S,Denmark,Halle 22,22C27,0,1,0,010
27525,IMPEXTRACO NV,Belgium,Halle 21,21F33,0,1,1,011
27407,IMV Technologies,France,Halle 16,16D19,0,0,0,000
28357,INATEGA - Industrias de Nutricion Animal (Goff-Bol™),Spain,Halle 21,21D11,0,0,0,000
27280,INBERG,Serbia,Halle 21,21F18,0,1,0,010
27718,INDUSTRIAS ARESO S.L.,Spain,Halle 11,11E34,0,0,0,000
30178,InFarm Solutions A/S,Denmark,Halle 13,13F25,0,0,0,000
27510,"INFOARK INTERNATIONAL Co., Ltd.",People's Republic of China,Halle 21,21H04,0,1,1,011
27504,Inform Nutrition Ireland Ltd.,Ireland,Halle 21,21B18,0,1,1,011
27215,INGASO FARM S.L.U.,Spain,Halle 19/20,20C31,1,1,1,111
27828,Ing. Bräuer Stalltechnik GmbH,Austria,Halle 14/15,15H10,1,0,0,100
28083,Ingenieurbüro Prof. Dr. Oldenburg GmbH,Germany,Halle 17,17F34,0,0,0,000
28995,IngenieurNetzwerk Energie eG,Germany,Halle 25,25F26,0,0,0,000
28471,Ingenieursbureau HEEMSKERK B.V.,Netherlands,Halle 11,11F16,0,0,0,000
28553,Initiative Tierwohl GmbH,Germany,Halle 16,16D17,0,0,0,000
28375,Inno+ B.V.,Netherlands,Halle 17,17E13,0,0,0,000
28388,INNOFARM - ST Borg GmbH,Germany,Halle 17,17D40,0,0,0,000
31489,INNOGANDO SL,Spain,Halle 25,25K33,0,0,0,000
28984,Innotech Vision,Denmark,Halle 25,25K36,1,0,0,100
28330,Innovabiotic S.L.,Spain,Halle 21,21J25,1,1,1,111
27867,INNOVAD GROUP,Belgium,Halle 21,21C19,0,1,1,011
30706,Innovafeed,France,Halle 21,21D05,0,0,1,001
28533,Inoxdoors GmbH,Germany,Halle 14/15,15J12,0,0,0,000
29047,Insect Engineers,Netherlands,Halle 25,25K28,0,0,0,000
27574,INSERBO S.L.,Spain,Halle 16,16D18,1,0,0,100
27219,"Insighter Biotechnology Co., Ltd. Insighter",People's Republic of China,Halle 21,21G23,1,1,1,111
32944,Institut für Tierzucht und Tierhaltung der Christian-Albrechts-Universität zu Kiel,Germany,Halle 13,13F33,0,0,0,000
30959,Insylo Technologies SL,Spain,Halle 25,25K43,1,0,0,100
28175,Interchemie,Netherlands,Halle 23,23A19,0,1,0,010
27778,INTERDAMO S.r.l.,Italy,Halle 23,23C35,0,0,0,000
27605,Interfarms GmbH,Germany,Halle 13,13B28,0,0,0,000
27929,Inter-Harz GmbH,Germany,Halle 22,22D13,0,1,1,011
27568,InterHeat Inc.,South Korea,Halle 14/15,15C12,0,0,0,000
27201,INTERMAG Sp. z o.o.,Poland,Halle 21,21H40,1,0,0,100
27384,Intermak Mak. Imalat San. Tic. A.S.,Turkey,Halle 21,21A07,0,1,0,010
28759,INTERMIZOO,Italy,Halle 11,11G60,1,0,0,100
28563,International Health Care Ltd.,India,Halle 23,23B21,0,1,1,011
30771,International Visitors´ Lounge powered by DLG,Germany,Halle 13,13E66,0,0,0,000
27871,Interstarch s.r.o.,Czech Republic,Halle 21,21H12,1,1,0,110
27587,INTRACARE B.V.,Netherlands,Halle 23,23A44,0,1,0,010
27720,Intradco Global,United Kingdom,Halle 11,11F61,0,0,0,000
27471,INVE BELGIE NV,Belgium,Halle 21,21C27,0,0,0,000
28415,Invest Northern Ireland,United Kingdom,Halle 11,11C22,1,0,0,100
28203,IOTEE,France,Halle 11,11G61,1,0,0,100
28003,IPUS Mineral- & Umwelttechnologie GmbH,Austria,Halle 22,22B22,0,1,0,010
28435,ISB Ideal System Bau GmbH & Co. KG,Germany,Halle 14/15,15J09,1,0,1,101
31880,"ISKY Chemicals Co., Ltd.",People's Republic of China,Halle 19/20,20C04,0,1,0,010
27177,ISN - Interessengemeinschaft der Schweinehalter Deutschlands e.V.,Germany,Halle 16,16D11,0,0,0,000
28906,isoplus Fernwärmetechnik GmbH,Germany,Halle 25,25I12,0,0,0,000
27761,ITALMIX S.r.l.,Italy,Halle 27,27E21,0,0,0,000
31832,ITALSEA S.r.l.,Italy,Halle 13,13A44,0,0,0,000
31424,ITASA GmbH - BLITZ Prechamer Spark Plugs,Germany,Halle 25,25J22,0,0,0,000
31292,ITB Climate,Netherlands,Halle 16,16G15,0,0,0,000
27791,I-TEK,France,Halle 16,16C06,1,0,0,100
28294,ITOCHU Deutschland GmbH,Germany,Halle 19/20,20A07,0,1,1,011
27713,ITPSA - Industrial Tecnica Pecuaria S.A.,Spain,Halle 19/20,20D40,0,1,1,011
27413,"IT Tech Co., Ltd.",South Korea,Halle 11,11F05,0,0,0,000
30532,IU Internationale Hochschule GmbH,Germany,Halle 13,13E55,0,0,0,000
27259,IVS FEED  ADDITIVES - IVS Ilac San. Tic. Ltd. Sti,Turkey,Halle 19/20,20E08,1,1,1,111
31719,IZELMAK MAKINA A.S.,Turkey,Halle 27,27G15,0,0,0,000
29020,Jacobi Carbons GmbH,Germany,Halle 25,25E17,0,0,0,000
27595,Jadis Additiva B.V.,Netherlands,Halle 19/20,20A32,0,1,1,011
27942,Janschitz GmbH,Austria,Halle 11,11C39,0,0,0,000
27307,"JAPAN NUTRITION Co., Ltd.",Japan,Halle 21,21A06,1,1,1,111
28247,Japy-Tech SAS,France,Halle 13,13D64,0,0,0,000
28607,Jatznicker Handel und Service GmbH,Germany,Halle 14/15,15F20,0,0,0,000
28193,JCB Deutschland GmbH,Germany,Halle 27,27A24,0,0,0,000
27603,J. Delgado S.A.,Spain,Halle 13,13B67,1,0,0,100
28558,J&D Manufacturing,United States of America,Halle 14/15,15F26,0,0,0,000
27283,JEFO Nutrition Inc.,Canada,Halle 19/20,20C26,0,1,1,011
28085,JELU-WERK Josef Ehrler GmbH & Co. KG,Germany,Halle 19/20,20E10,1,1,1,111
27737,"Jeng Shyuan Precision Co., Ltd.",Taiwan,Halle 23,23B36,0,0,0,000
32808,JERRY MEL - HOF MEL,Germany,Halle 12,12E45,0,0,0,000
27649,JFARM Sp. z o.o.,Poland,Halle 19/20,20A13,0,0,0,000
27417,JFC Agri,Ireland,Halle 12,12F63,1,0,0,100
27258,JF Nutritech Sdn. Bhd.,Malaysia,Halle 22,22C11,0,0,1,001
27305,JHJ Sp. z o.o.,Poland,Halle 19/20,20D63,0,1,0,010
28093,"Jiangsu Aoxin Biotechnology Co., Ltd.",People's Republic of China,Halle 22,22C30,0,1,1,011
28361,"Jiangsu Ecostraw Technology Co., Ltd.",People's Republic of China,Halle 17,17A47,0,0,0,000
27625,Jiangsu Mupro Ift Corp.,People's Republic of China,Halle 19/20,20E18,0,0,1,001
32122,"Jiangxi GAOSHENG Animal Health Products Co., Ltd.",People's Republic of China,Halle 23,23D28,0,1,0,010
28452,"Jiangxi Merrypal Industry Co., Ltd.",People's Republic of China,Halle 27,27E61,0,0,0,000
32127,"Jiaxing Zhongpu Lighting & Electronics Co., Ltd.",People's Republic of China,Halle 14/15,15D24,1,0,0,100
31886,"Jilin Zhengye Biological Products Co., Ltd.",People's Republic of China,Halle 23,23C18,0,0,0,000
31845,"Jinan ForCows Agri-Tech Co., Ltd.",People's Republic of China,Halle 11,11C17,0,0,0,000
28023,"Jinan TIANTIANXIANG Co., Ltd.",People's Republic of China,Halle 21,21E45,0,1,0,010
27748,"Jinan York Husbandry Equipment Co., Ltd.",People's Republic of China,Halle 16,16F16,1,0,0,100
30698,"Jing Jing Pharmaceutical Co., Ltd.",People's Republic of China,Halle 21,21K02,0,0,1,001
28086,Jingxin Group,People's Republic of China,Halle 22,22D24,0,0,1,001
27583,JK Lighting Korea,South Korea,Halle 17,17E08,1,0,0,100
27311,joachim behrens scheessel gmbh,Germany,Halle 27,27F09,0,1,1,011
27857,Jobe Valves Ltd.,New Zealand,Halle 12,12F44,0,0,0,000
28612,Jodoco NV,Belgium,Halle 21,21A49,0,1,1,011
28000,John Deere Walldorf International GmbH,Germany,Halle 27,27E15,0,0,0,000
27682,Joosten - young animal nutrition,Netherlands,Halle 19/20,20D51,1,0,1,101
27414,Jorenku A/S,Denmark,Halle 23,23B38,0,1,1,011
27291,Josef Kränzle GmbH & Co. KG,Germany,Halle 13,13D17,0,0,0,000
29022,Josef Romberger Maschinenfabrik GmbH,Germany,Halle 25,25G02,0,0,0,000
28341,Josef Schonlau Maschinenfabrik und Eisengießerei GmbH & Co. KG,Germany,Halle 14/15,15E25,1,0,0,100
27558,Josera GmbH,Germany,Halle 21,21J28,1,1,1,111
27376,JOSKIN S.A.,Belgium,Halle 27,27A39,0,0,0,000
27300,JOURDAIN SAS,France,Halle 12,12F05,1,0,0,100
28464,JOZ BV,Netherlands,Halle 12,12A05,0,0,0,000
27208,JPT Industria Oy,Finland,Halle 12,12D19,0,0,1,001
27508,JRS - J. RETTENMAIER & SÖHNE GmbH + Co. KG,Germany,Halle 19/20,20D39,0,1,0,010
28413,JT Biotech,Thailand,Halle 19/20,20D16,0,1,1,011
30998,JYB EUROPE BV,Belgium,Halle 21,21E25,0,1,1,011
27266,Jyga Tech Europe GmbH,Germany,Halle 16,16D16,1,0,0,100
27253,KAESER KOMPRESSOREN SE,Germany,Halle 13,13D18,0,0,0,000
27424,KAHPA - Korea Animal Health Products Association,South Korea,Halle 23,23A10,0,0,0,000
29038,Kanadevia Inova,Switzerland,Halle 25,25H12,0,0,1,001
27611,Kanne Brottrunk GmbH & Co. Betriebsgesellschaft KG,Germany,Halle 19/20,20C63,0,0,0,000
27425,Kanters Special Products BV,Netherlands,Halle 23,23A03,0,0,1,001
27499,KÄRCHER - Alfred Kärcher Vertriebs-GmbH,Germany,Halle 13,13E12,0,0,0,000
29040,KARDEN Endüstri Kimya Üretim Pazarlama San. Tic. Ltd. Sti.,Turkey,Halle 25,25I26,0,0,0,000
28220,KARI GmbH,Germany,Halle 17,17D03,1,0,0,100
29068,Karl Dungs GmbH & Co. KG,Germany,Halle 25,25L16,0,0,0,000
28567,Kellpla Group,Netherlands,Halle 16,16E22,1,0,0,100
29753,kemiex,Switzerland,Halle 21,21G35,0,0,0,000
27905,KEMIN EUROPA nv,Belgium,Halle 22,22B11,0,1,1,011
28604,KEMPER Maschinenfabrik GmbH & Co. KG,Germany,Halle 27,27E14,1,0,0,100
28773,Kepro,Netherlands,Halle 23,23A19,0,1,0,010
27678,Kersia Deutschland GmbH,Germany,Halle 23,23C40,0,1,0,010
28235,Kessens Technik mit System GmbH & Co. KG,Germany,Halle 12,12C09,1,0,1,101
28323,KGS Krajnc d.o.o.,Slovenia,Halle 19/20,20A20,1,0,0,100
32809,"Khorolskiy Mekhanichniy Zavod,Private Joint-Stock Company",Ukraine,Halle 12,12E44,0,0,0,000
27206,KI Kampen,Netherlands,Halle 11,11F34,1,0,0,100
28324,King Techina Group,People's Republic of China,Halle 22,22B05,0,1,1,011
27569,King Tree,France,Halle 19/20,20A16,0,1,0,010
32741,Kirion Healthy Environment (CEDRION) Biosecurity,Spain,Halle 25,25L31,0,0,0,000
32135,Kirns Chemical Ltd.,People's Republic of China,Halle 21,21K11,0,1,1,011
27453,K.I. Samen b.v.,Netherlands,Halle 11,11F24,1,0,0,100
28190,Klar,Mexico,Halle 14/15,15K22,1,0,0,100
27670,Klaremelk BV,Netherlands,Halle 19/20,20B39,0,1,0,010
28799,Klaus Kuba GmbH,Germany,Halle 25,25I21,0,0,0,000
30707,KleverLab Sp. z o.o.,Poland,Halle 23,23C13,0,0,0,000
28811,Kloska Energie- und Motorentechnik GmbH,Germany,Halle 25,25L12,0,0,0,000
28608,KNZ Hengelo Salt Specialties B.V.,Netherlands,Halle 21,21K27,0,0,0,000
27445,KOBRA - Kobratec Industria e Tecnologia Ltda.,Brazil,Halle 17,17C04,1,1,0,110
27494,"KOCA Co., Ltd.",South Korea,Halle 16,16G14,1,0,0,100
28269,Kohshin Europe SRL,Romania,Halle 17,17A05,0,0,0,000
27428,KOLTEC B.V.,Netherlands,Halle 11,11C40,0,0,0,000
27665,KONAX,Belgium,Halle 23,23D45,0,1,0,010
27172,KONIVET GmbH,Germany,Halle 23,23C32,0,0,0,000
28848,Konrad Pumpe GmbH,Germany,Halle 25,25A11,0,0,0,000
27860,Koudijs Animal Nutrition B.V.,Netherlands,Halle 22,22B18,1,1,1,111
28421,KP. K Service,Finland,Halle 27,27D61,0,0,0,000
27357,Kramer-Werke GmbH,Germany,Halle 27,27D15,0,0,0,000
27298,Krampe Fahrzeugbau GmbH,Germany,Halle 27,27A09,0,0,0,000
28165,KR Maschinen GmbH,Germany,Halle 12,12E11,0,0,0,000
28885,Kronos Solar Projects GmbH,Germany,Halle 25,25J30,0,0,0,000
28468,K+S Minerals and Agriculture GmbH,Germany,Halle 21,21B25,0,0,0,000
28228,KTBL - Kuratorium für Technik und Bauwesen in der Landwirtschaft e.V.,Germany,Halle 13,13E25,0,0,0,000
28383,Kuhdusche - Kuhkomfort Allgäu,Germany,Halle 11,11G12,0,0,0,000
28552,Kühe und Klauen,Germany,Halle 11,11C54,0,0,0,000
27633,KUHN Maschinen-Vertrieb GmbH,Germany,Halle 27,27E39,1,0,1,101
27402,"Kunlong International Co., Ltd.",People's Republic of China,Halle 14/15,15E10,0,0,0,000
31833,"Kunming Chuan Jin Nuo Chemical Co., Ltd.",People's Republic of China,Halle 21,21K11,0,0,0,000
28233,KUPSAN Hayvancilik Tibbi Malzemeler Orman Urunleri San. Tic. A.S.,Turkey,Halle 11,11B33,0,0,0,000
32946,Kuratorium für Technik und Bauwesen in der Landwirtschaft e.V. (KTBL),Germany,Halle 13,13F33,0,0,0,000
27745,Kurdson Industries,Pakistan,Halle 11,11E04,1,0,0,100
27578,KURTSAN Tarim End. Mak. San. ve Tic. A.S.,Turkey,Halle 13,13B24,0,0,0,000
28391,KVIA ApS,Denmark,Halle 12,12D55,0,0,0,000
28182,KVK Hydra Klov A/S,Denmark,Halle 11,11A32,0,0,0,000
32941,LABORATOIRES NANO,France,Halle 19/20,20A04,1,1,1,111
27347,Laboratoires Phodé,France,Halle 21,21G17,1,1,0,110
28600,Laboratorio LABET SAC,Peru,Halle 23,23C52,0,0,0,000
27396,Laboratorios ZOTAL S.L.U.,Spain,Halle 23,23B43,0,1,0,010
27653,LA BUVETTE,France,Halle 12,12B49,1,0,0,100
28796,LACME SAS,France,Halle 11,11C14,0,0,0,000
27353,LACTALIS FEED Ets LACTALIS INGREDIENTS,France,Halle 19/20,20A29,1,0,0,100
28787,LACTO PRODUCTION,France,Halle 19/20,20A04,0,0,0,000
30366,La France Agricole,France,NA,NA,0,0,0,000
27330,LAKTO Dairy Farming Technologies,Turkey,Halle 13,13B31,1,0,0,100
27352,Lallemand Animal Nutrition,France,Halle 21,21G16,0,1,1,011
32544,LAMAPOR,Spain,Halle 14/15,15E17,1,0,0,100
27842,La Meccanica S.r.l. di Reffo,Italy,Halle 12,12E30,0,0,0,000
28545,LAMMERS Systemtechnik GmbH & Co. KG,Germany,Halle 17,17G05,1,0,0,100
27789,Landbau Süd Ingenieurbüro Fertigbau GmbH,Germany,Halle 14/15,15J19,1,0,0,100
28119,"Landesschafzuchtverband Niedersachsen e.V. Schafzuchtverbände Niedersachsen, Berlin-Brandenburg, Bay",Germany,Halle 11,11G20,1,0,0,100
30169,Land & Forst,Germany,NA,NA,0,0,0,000
30174,Land & Forst,Germany,NA,NA,0,0,0,000
28982,Landia GmbH Pumpen und Rührwerke,Germany,Halle 25,25I14,0,0,0,000
32557,LANDMECO A/S,Denmark,Halle 17,17A51,1,0,0,100
27833,LANDWIRT - Landmedien Deutschland GmbH Die Fachzeitschrift für die bäuerliche Familie,Germany,Halle 11,11B53,0,0,0,000
27890,Landwirtschaftliche Rentenbank,Germany,Halle 13,13E24,0,0,0,000
28204,Landwirtschaftskammer Niedersachsen,Germany,Halle 13,13E37,1,0,0,100
27437,LANXESS Biosecurity Solutions,Germany,Halle 23,23B40,0,0,0,000
32840,La Revue de l’Alimentation Animale,France,NA,NA,0,0,0,000
31291,LASO Biotech,People's Republic of China,Halle 14/15,15K26,1,0,0,100
27320,Lasons India Pvt. Ltd.,India,Halle 19/20,20A48,0,1,0,010
30299,La Terre de chez nous,Canada,NA,NA,0,0,0,000
32842,Latifundist Media LLC,Ukraine,NA,NA,0,0,0,000
28878,Lauber GmbH,Germany,Halle 25,25A08,0,0,0,000
27474,Layn Natural Ingredients,United States of America,Halle 19/20,20A46,0,1,1,011
27481,L.C. S.r.l.,Italy,Halle 14/15,15K12,1,0,0,100
28437,Lechler GmbH Agrardüsen und Zubehör,Germany,Halle 12,12B31,0,0,0,000
33072,LEE Landesverband Erneuerbare Energien Niedersachsen - Bremen e.V.,Germany,Halle 25,25D24,0,0,0,000
29747,Leenders Roosters V.O.F.,Netherlands,Halle 16,16B02,1,0,0,100
29023,Lehmann-UMT GmbH,Germany,Halle 25,25I08,0,0,0,000
27290,Leiber GmbH,Germany,Halle 19/20,20D12,1,1,0,110
28256,Lek Veterina d.o.o.,Slovenia,Halle 21,21A32,1,1,1,111
28449,Lely Deutschland GmbH,Germany,Halle 13,13A43,0,0,0,000
28143,LEMASA - Leches Maternizadas S.A.,Spain,Halle 22,22C04,1,0,0,100
33170,LGC - Maschinen & Fahrzeughandel GmbH,Germany,Halle 27,27F07,0,0,0,000
28078,LHAURA VET SAS,Colombia,Halle 11,11C20,1,0,0,100
27238,"LH GLOBAL IBERICA 2019, SL",Spain,Halle 17,17E11,0,0,0,000
31865,"Liaoning Biochem Co., Ltd.",People's Republic of China,Halle 22,22C06,0,0,1,001
27934,Life Circle Nutrition AG,Switzerland,Halle 19/20,20A55,0,1,0,010
27932,Lightroof Systems B.V.,Netherlands,Halle 12,12G11,0,0,0,000
27500,LIPTOSA - Lipidos Toledo S.A.,Spain,Halle 19/20,20D15,0,1,1,011
28462,Litamilk UAB,Lithuania,Halle 19/20,20D07,1,0,0,100
30703,"LITS Co., Ltd. - IONTECH",South Korea,Halle 12,12A33,1,0,0,100
28962,LIVIN farms AgriFood GmbH,Austria,Halle 25,25L27,0,0,0,000
33080,LIVIN farms AgriFood GmbH,Austria,Halle 25,25L22,0,0,0,000
28267,LKS Landwirtschaftliche Kommunikations- und Servicegesellschaft mbH,Germany,Halle 19/20,20E47,1,0,0,100
28401,LLampec Morer SL,Spain,Halle 11,11G08,0,0,0,000
27753,Lock GmbH - Lock Drives - Lock SmartSolutions,Germany,Halle 12,12D58,1,0,0,100
27556,LODA S.r.l.,Italy,Halle 12,12G04,0,0,0,000
31834,"Longyan Shenghe Trading Co., Ltd.",People's Republic of China,Halle 21,21K11,0,1,0,010
27377,L.O.S. Dienstleistungs GmbH & Co. KG,Germany,Halle 13,13A23,0,0,0,000
27759,Lothar Becker Agrartechnik GmbH,Germany,Halle 27,27B38,0,0,0,000
28868,LP Energy GmbH,Germany,Halle 25,25I13,0,0,0,000
29053,LSM Pumper ApS,Denmark,Halle 25,25B04,0,0,0,000
27990,LUBING Maschinenfabrik GmbH & Co. KG,Germany,Halle 17,17F17,1,0,0,100
27646,LUCAS G SAS,France,Halle 27,27E32,1,0,0,100
27735,LUCTA S.A.,Spain,Halle 22,22C34,0,1,0,010
27285,Lumis Biotech Pvt. Ltd.,India,Halle 19/20,20C39,0,1,0,010
27960,Lutrion Wassertechnik Pure Water Systems UG,Germany,Halle 14/15,15J25,0,1,0,010
27547,L. Verbakel B.V.,Netherlands,Halle 16,16B02,1,0,0,100
27795,LVM Versicherung,Germany,Halle 13,13A24,0,0,0,000
33038,"LWK - Landwirtschaftskammer Niedersachsen, Geschäftsbereich Landwirtschaft, Fachbereich 3.7",Germany,Halle 13,13F33,0,0,0,000
28266,"M3SEN Co., Ltd.",South Korea,Halle 17,17H06,1,0,0,100
28157,Macoga las Bardenas S.L.U.,Spain,Halle 16,16E23,1,0,0,100
29011,MadriChem GmbH,Germany,Halle 25,25L34,0,1,1,011
27975,MAFA i Ängelholm AB,Sweden,Halle 12,12C18,0,0,0,000
28956,MagniBiosens LLC,United States of America,Halle 25,25L37,1,0,0,100
28227,Magni Deutschland GmbH,Germany,Halle 27,27E16,0,0,0,000
28433,MAIN-LINK CLEANING,People's Republic of China,Halle 14/15,15F21,0,0,0,000
27799,MAKOBA GmbH & Co. KG,Germany,Halle 12,12D29,1,0,0,100
28390,MAKROVIT ANIMAL NUTRITION TECHNOLOGIES,Turkey,Halle 22,22D36,1,1,0,110
29035,Malmberg Bioerdgastech GmbH,Germany,Halle 25,25F04,0,0,0,000
27252,Manat Polska Sp. z o.o.,Poland,Halle 19/20,20C02,1,1,1,111
28993,MAN Engines MAN Truck & Bus SE,Germany,Halle 24,24A24,0,0,0,000
27272,MANGHEBATI,France,Halle 19/20,20D18,0,0,0,000
27841,MANITOU Deutschland GmbH,Germany,Halle 27,27C16,0,0,0,000
29738,Manmohan Minerals & Chemicals Pvt. Ltd.,India,Halle 19/20,20E19,0,0,0,000
27489,Manuchar NV,Belgium,Halle 21,21A33,0,1,1,011
28969,ManuRob,France,Halle 25,25F18,0,0,0,000
29057,MAPRO Deutschland GmbH,Germany,Halle 25,25K09,0,0,0,000
27394,MARECHALLE PESAGE SAS,France,Halle 11,11B17,1,0,0,100
28124,Martin-Luther-Universität Halle-Wittenberg Institut für Agrar- und Ernährungswissenschaften,Germany,Halle 13,13F52,0,0,0,000
27293,Marvesa Oils & Fats BV,Netherlands,Halle 19/20,20C18,1,1,0,110
28588,Maschinenfabrik Bernard Krone GmbH & Co. KG,Germany,Halle 27,27G25,0,0,0,000
28171,Maschinenfabrik Meyer-Lohne GmbH,Germany,Halle 16,16F10,1,0,0,100
28717,Maschinenring Tuttlingen-Stockach GmbH,Germany,Halle 25,25F19,0,0,1,001
29001,Maschinen Schmidberger GmbH,Germany,Halle 25,25B07,0,0,0,000
32873,Mascus,Germany,Halle 13,13F31,0,0,0,000
30175,Maskinbladet,Denmark,NA,NA,0,0,0,000
28224,Maskinfabrikken CORMALL A/S,Denmark,Halle 27,27E05,1,0,0,100
27626,MASTERFAN Sp. z o.o.,Poland,Halle 17,17A04,0,0,0,000
27837,MASTERRIND GmbH,Germany,Halle 11,11F40,1,0,0,100
28222,Master Trading,Denmark,Halle 16,16G16,0,0,0,000
33173,Matrix Animal Health,United Kingdom,Halle 11,11C22,0,0,0,000
28925,Mavitec Green Energy B.V.,Netherlands,Halle 25,25D07,0,0,0,000
28883,Max Müller Beleuchtungstechnik und Schauglasarmaturen GmbH,Germany,Halle 25,25D25,0,0,1,001
27460,Mazzoleni S.p.A.,Italy,Halle 19/20,20B59,0,0,1,001
28997,MDE Service GmbH,Germany,Halle 25,25M09,0,0,0,000
28414,MDN Grup Tarim San. ve Tic. A.Ş.,Turkey,Halle 27,27C47,0,0,0,000
28934,MEBA Biogas GmbH,Germany,Halle 25,25A18,0,0,0,000
27245,"Mecàniques Segalés, S.L.",Spain,Halle 14/15,15G23,0,0,0,000
27486,Meddit B.V.,Netherlands,Halle 23,23A24,0,0,0,000
27338,Medef International,France,Halle 19/20,20A04,0,0,0,000
27612,MEDEF INTERNATIONAL,France,Halle 11,11C14,0,0,0,000
28316,Medfiles,Finland,Halle 23,23D13,0,1,1,011
28816,Median Diagnostics Inc.,South Korea,Halle 23,23A10,0,0,0,000
27700,"MEGA FEED,LLC",Ukraine,Halle 23,23D23,1,1,0,110
27620,Meier - Brakenberg GmbH & Co. KG,Germany,Halle 16,16E14,1,0,0,100
27432,"Meihua Holdings Group Co., Ltd.",People's Republic of China,Halle 21,21D26,0,0,1,001
28529,Mekap,Turkey,Halle 11,11B35,0,0,0,000
28402,MELAN GROUP,People's Republic of China,Halle 23,23B37,0,0,0,000
27318,MELASTY - AYAZ Kaucuk Plastik ve Kalip Makina San. ve Tic Ltd. Sti,Turkey,Halle 13,13C43,1,0,0,100
28002,MENNO CHEMIE VERTRIEB GMBH,Germany,Halle 23,23C51,0,0,0,000
30509,Mensch Manufacturing LLC,United States of America,Halle 27,27C33,0,0,0,000
27706,Merlo Deutschland GmbH,Germany,Halle 27,27B15,0,0,0,000
28716,Merlo S.p.A. Industria Metalmeccanica,Italy,Halle 27,27B15,0,0,0,000
27235,Mervue Laboratories Ireland Ltd.,Ireland,Halle 21,21C18,0,0,0,000
27845,METHODO CHEMICALS S.r.l.,Italy,Halle 21,21K18,1,1,0,110
28092,"MEYABOND Industry & Trading (Beijing) Co., Ltd.",People's Republic of China,Halle 27,27D63,0,0,1,001
27930,MFI - Mediterranean Feed Industry,Tunisia,Halle 17,17E49,0,0,0,000
28788,MG2MIX,France,Halle 19/20,20A04,0,1,0,010
30517,M.H International Trading AB,Sweden,Halle 21,21F48,0,0,1,001
27406,"Mianyang Habio Bioengineering Co., Ltd.",People's Republic of China,Halle 21,21E40,0,1,1,011
32121,"Mianyang Vanetta Chemical Industrial Co., Ltd.",People's Republic of China,Halle 19/20,20A28,0,0,1,001
27536,MIAVIT GmbH,Germany,Halle 22,22A24,1,1,1,111
28495,Michal P. Targonski Sp. k. - Silosy,Poland,Halle 12,12E20,0,0,1,001
29804,microsonic GmbH,Germany,Halle 13,13E35,1,0,0,100
31822,Micro Tracers Services Europe GmbH,Germany,Halle 19/20,20A32,0,0,0,000
28501,Middendrop Montage,Germany,Halle 14/15,15K05,1,0,1,101
28337,MIK INTERNATIONAL GmbH & Co. KG,Germany,Halle 17,17C27,1,0,0,100
30308,milchkuh,NA,NA,NA,0,0,0,000
30309,milchkuh,Germany,NA,NA,0,0,0,000
30402,milchkuh,NA,NA,NA,0,0,0,000
30403,milchkuh,Germany,NA,NA,0,0,0,000
31619,Milchpraxis,Germany,NA,NA,0,0,0,000
31620,MilchPraxis vet,Germany,NA,NA,0,0,0,000
27900,Milchviehberatung Denise Völker,Germany,Halle 13,13C24,0,0,0,000
28277,Milk Bar Europe,Poland,Halle 13,13E03,1,0,0,100
27925,MILKPLAN S.A.,Greece,Halle 13,13B38,1,0,0,100
28499,MILKRITE | INTERPULS,United Kingdom,Halle 13,13A47,0,0,0,000
27415,Millenis SAS,France,Halle 19/20,20D33,0,0,1,001
28419,"Miller Manufacturing Company, Inc.",United States of America,Halle 11,11D03,1,0,0,100
27207,MINERSA FEED MINERALS,Spain,Halle 19/20,20A12,0,1,0,010
27594,"Mingjia Eco - Zhejiang Mingjia Environmental Protection Technology Co., Ltd.",People's Republic of China,Halle 17,17H19,0,0,0,000
27868,Minitube International,Germany,Halle 16,16G17,1,0,0,100
28049,Mirius Global Hygiene Solutions,United Kingdom,Halle 23,23B46,0,0,0,000
27561,MIRO - Sermap S.A.S.,France,Halle 12,12B02,0,0,0,000
28077,Misma GmbH,Germany,Halle 21,21B26,0,1,1,011
32843,Misset,Netherlands,NA,NA,0,0,0,000
28253,Misset International,Netherlands,Halle 23,23A52,0,0,0,000
27726,MIXscience SAS,France,Halle 19/20,20C37,1,1,0,110
28544,Mixtron S.r.l.,Italy,Halle 17,17F03,0,0,0,000
28073,MLD VETERINARY SUPPLIERS,Pakistan,Halle 11,11D04,0,0,0,000
28976,MMT Supergas GmbH,Germany,Halle 25,25L12,0,0,0,000
29049,MOA Foodtech,Spain,Halle 25,25L30,0,1,1,011
27635,Möller GmbH Agrarklima,Germany,Halle 17,17C05,0,0,0,000
28246,MONA Motors GmbH,Germany,Halle 27,27B10,0,0,0,000
28040,monica.farm - FFT Power Solutions GmbH,Austria,Halle 12,12C04,0,0,0,000
27656,Monoflo Produktions GmbH & Co. KG,Germany,Halle 17,17C15,1,0,0,100
30665,Moonsyst - AGRI IOT Ltd.,Ireland,Halle 11,11A40,0,0,0,000
28290,MOORGUT KARTZFEHN Turkey Breeder GmbH,Germany,Halle 17,17F29,0,0,0,000
27265,MÖSCHA GmbH & Co. KG,Germany,Halle 27,27A28,0,0,0,000
30177,Most Modern Süt Teknolojileri Hayvancilik Gida Pazarlama Insaat Taahüt San. Tic. A.S.,Turkey,Halle 13,13F09,1,0,0,100
28865,MOTORTECH GmbH,Germany,Halle 25,25L05,0,0,0,000
27436,Moving Floor AB,Sweden,Halle 17,17F11,1,0,0,100
27441,"MPA Veterinary Medicines and Additives, SL",Spain,Halle 21,21B24,1,1,1,111
27999,Mr. Farmer bv,Netherlands,Halle 21,21H27,0,1,1,011
28912,MRU Messgeräte für Rauchgase und Umweltschutz GmbH,Germany,Halle 25,25E07,0,0,0,000
28436,MS Broedmachines,Netherlands,Halle 17,17A49,1,0,0,100
27985,MSD Tiergesundheit - Intervet Deutschland GmbH,Germany,Halle 14/15,15B10,0,0,0,000
27987,MSD Tiergesundheit - Intervet Deutschland GmbH,Germany,Halle 11,11B10,0,0,0,000
28163,MS Schippers,Germany,Halle 11,11E15,0,1,0,010
28001,MSW Kunststoffe GmbH,Germany,Halle 17,17B33,1,0,0,100
28570,Mueller,Netherlands,Halle 13,13A30,0,0,0,000
28510,Multiheat-International B.V.,Netherlands,Halle 17,17B44,1,0,0,100
28219,Multipharma Co.,Egypt,Halle 23,23A30,0,0,0,000
27859,MÜNCH-Edelstahl GmbH,Germany,Halle 12,12B33,0,0,0,000
28061,"Muyuan Foods Group Co., Ltd.",People's Republic of China,Halle 14/15,15J04,1,0,0,100
27416,"MVE Biological Solutions US, LLC",United States of America,Halle 11,11G04,0,0,0,000
31878,MyDataPlant GmbH,Germany,Halle 27,27D39,0,0,0,000
28225,M Y MANUFACTURING,Pakistan,Halle 23,23A12,1,0,0,100
28429,Mysilo Tahil Depolama Sistemleri San. ve. Tic. A.S.,Turkey,Halle 12,12B23,0,0,0,000
27836,MYTA - S.A. de Minería y Tecnología de Arcillas,Spain,Halle 21,21F36,0,1,0,010
32882,NAGEL Feed Ingredients,Germany,Halle 22,22A11,0,1,1,011
28524,"Nanchang Howard Technology Co., Ltd.",People's Republic of China,Halle 17,17B48,0,0,0,000
28117,"Nanchang Lifeng Industry and Trading Co., Ltd.",People's Republic of China,Halle 19/20,20E23,0,1,1,011
28519,NANSHANG,People's Republic of China,Halle 14/15,15F35,1,0,0,100
31877,"Nantong Changhai Food Additive Co., Ltd.",People's Republic of China,Halle 19/20,20A28,0,0,1,001
31520,Nasekomo EAD,Bulgaria,Halle 25,25M36,0,0,0,000
28555,nass magnet GmbH,Germany,Halle 13,13C37,0,0,0,000
27529,Natac Biotech S.L.U.,Spain,Halle 21,21H11,0,1,0,010
27676,Natural Herbs & Formulation Pvt. Ltd.,India,Halle 21,21J45,0,1,1,011
28736,Natural Petfood Manufacture GmbH,Germany,Halle 19/20,20E26,0,1,1,011
28185,Natural Remedies Pvt. Ltd.,India,Halle 23,23C38,0,1,0,010
27185,Natural Stockcare,United Kingdom,Halle 19/20,20D37,0,1,1,011
27971,Naturland,Germany,Halle 13,13E30,0,0,0,000
33071,NC Engineering,United Kingdom,Halle 11,11C22,0,0,0,000
28411,NCLS - Nutricare Life Sciences Ltd.,India,Halle 22,22D21,0,1,1,011
28539,Nebraska - State Government,United States of America,Halle 11,11C16,1,0,0,100
28860,Necatec AG,Germany,Halle 25,25J12,0,0,1,001
28358,NEDAP N.V. Livestock Management,Netherlands,Halle 11,11E58,0,0,0,000
27988,NELSON INTERNATIONAL COMMODITIES - NICVET - Veterinary & Livestock Instruments,Pakistan,Halle 23,23A23,0,0,0,000
27790,Nemtek Europe B.V.,Netherlands,Halle 11,11E05,1,0,0,100
28728,Neofarma,Italy,Halle 19/20,20C19,1,1,0,110
28967,Nesemeier GmbH,Germany,Halle 25,25D19,0,0,0,000
28963,NETZSCH Pumpen & Systeme GmbH,Germany,Halle 25,25B13,0,0,0,000
28425,Netzwerk Fokus Tierwohl c/o DLG e.V.,Germany,Halle 13,13F39,0,0,0,000
27192,Neue Landbuch Gesellschaft mbH Gesellschaft für Moderne Datenverarbeitung und Co. KG,Germany,Halle 13,13A18,0,0,0,000
28066,NEUERO Farm- und Fördertechnik GmbH,Germany,Halle 12,12A11,0,0,0,000
28792,Newborn Animal Care,France,Halle 19/20,20A04,0,0,0,000
27438,New Feed Team S.r.l.,Italy,Halle 22,22A04,0,1,1,011
27884,NEWPHARM S.r.l.,Italy,Halle 23,23C47,0,0,0,000
27755,NEWTEC BAG,France,Halle 12,12E17,0,0,0,000
28248,Next Generation Poultry Nutraceuticals. - NutrAvi GmbH,Germany,Halle 21,21J11,1,1,1,111
28927,NEXT Kraftwerke GmbH,Germany,Halle 25,25G14,0,0,0,000
28581,Nextromm Pharma S.L.,Spain,Halle 23,23B25,0,0,0,000
27528,NHU EUROPE GmbH,Germany,Halle 21,21J27,1,1,1,111
28996,"Niedersächs. Ministerium für Ernährung, Landwirtschaft und Verbraucherschutz",Germany,Halle 25,25L21,0,0,0,000
31396,Nijborg Agri,Netherlands,Halle 12,12A07,0,0,1,001
28234,Nijenkamp,Netherlands,Halle 14/15,15D02,1,0,0,100
28293,Nilfisk GmbH,Germany,Halle 13,13F26,0,0,0,000
31685,"Ningbo FOLK Tools Co., Ltd.",People's Republic of China,Halle 12,12A03,0,0,0,000
28229,"Ningbo Hechang Electric Co., Ltd.",People's Republic of China,Halle 12,12F25,0,0,0,000
27894,Ningbo Newland Vet,People's Republic of China,Halle 14/15,15A03,0,0,0,000
28064,"Ningbo Sansheng Biological Technology Co., Ltd.",People's Republic of China,Halle 23,23A16,1,0,0,100
32317,"Ningbo Second Hormone Factory Co., Ltd.",People's Republic of China,Halle 14/15,15B08,0,0,0,000
27302,"Ningxia EPPEN BIOTECH Co., Ltd.",People's Republic of China,Halle 22,22A10,0,1,1,011
28547,"Ningxia Xindazhong Machinery Co., Ltd.",People's Republic of China,Halle 27,27D60,0,0,0,000
31831,Niobrara Red Angus,United States of America,Halle 11,11C16,1,0,0,100
28152,"NIOGLAS, S.L.",Spain,Halle 17,17A07,0,0,0,000
27502,NIPERE Oy,Finland,Halle 12,12A24,0,0,0,000
29837,NKTEK GmbH,Germany,Halle 13,13F38,1,0,0,100
28314,NonStop Shop GmbH,Germany,Halle 13,13C63,0,0,0,000
28074,NoorVet Corporation (Pvt) Ltd.,Pakistan,Halle 11,11E13,1,0,0,100
27467,Nooyen BV Nooyen Pig Flooring,Belgium,Halle 14/15,15B03,1,0,0,100
30516,NORDKAT GmbH Recycling-Manufaktur für Edelmetalle,Germany,Halle 25,25L07,0,0,0,000
27333,NOREL Animal Nutrition S.A.,Spain,Halle 19/20,20C58,0,1,1,011
27783,Nor-Feed,France,Halle 21,21C26,0,1,1,011
28273,Norkem,United Kingdom,Halle 19/20,20D64,0,1,1,011
27322,Northern Dairy Equipment Ltd.,United Kingdom,Halle 13,13B30,0,0,0,000
28876,North-Tec Maschinenbau GmbH,Germany,Halle 25,25D31,0,0,0,000
27239,NOVADAN ApS,Denmark,Halle 23,23B44,0,0,0,000
27607,NOVAGRAR GmbH & Co. KG,Germany,Halle 21,21F53,0,1,1,011
28932,NOVATECH GmbH,Germany,Halle 25,25E25,0,0,1,001
28719,NOVATION,Spain,Halle 22,22A08,0,1,0,010
27771,Novaya Solutions BV,Belgium,Halle 12,12A32,0,0,0,000
27693,Novonesis Animal Health & Nutrition,Denmark,Halle 22,22C19,0,1,1,011
28915,NQ-Anlagentechnik GmbH,Germany,Halle 25,25E14,0,0,0,000
27232,NUAL - Consultorio de Nutricion Animal S.A.,Spain,Halle 11,11E21,1,0,0,100
27418,Nuance Biotechnology S.A.,Switzerland,Halle 19/20,20B45,1,1,1,111
29743,NUCLEUS SAS,France,Halle 17,17F05,1,0,0,100
28300,nuevo A.E.,Greece,Halle 19/20,20A44,1,1,0,110
27539,"NUFOER, S.L.",Spain,Halle 21,21F24,0,1,0,010
27731,Nukamel,Netherlands,Halle 13,13C19,0,1,0,010
28018,NUKAMEL NV,Belgium,Halle 21,21D33,1,1,0,110
28080,NUMEGA NUTRITION Pte. Ltd.,Singapore,Halle 21,21L09,0,1,1,011
31355,NUNOS GmbH,Germany,Halle 25,25K29,0,1,0,010
31867,"Nuoxin (Jiangsu) Food Tech Co., Ltd.",People's Republic of China,Halle 22,22C06,0,1,1,011
27216,Nuproxa Switzerland Ltd.,Switzerland,Halle 21,21H25,0,1,1,011
27749,NUQO Feed Additives SASU,France,Halle 19/20,20E20,1,1,0,110
27680,Nurture Technology,India,Halle 21,21D45,0,1,1,011
27466,Nuscience,Belgium,Halle 21,21E11,0,1,1,011
27590,Nutrex N.V.,Belgium,Halle 22,22D23,0,1,0,010
27308,NUTRIBIOGENICS S.L.,Spain,Halle 19/20,20D09,0,1,1,011
27801,Nutribio Ltd.,Ireland,Halle 21,21G33,1,1,1,111
27303,NUTRIBLOCK S.L.,Spain,Halle 19/20,20B33,0,1,0,010
28789,NUTRI FUTURE PROD,France,Halle 19/20,20A04,0,0,0,000
31294,Nutrilab Kimya ve İlac San. Tic. Ltd. Sti.,Turkey,Halle 23,23B10,0,1,1,011
27477,NUTRIMIN A/S,Denmark,Halle 14/15,15C05,1,1,1,111
27914,Nutristar S.p.A.,Italy,Halle 22,22C10,1,1,1,111
28299,Nutrisynth BV,Netherlands,Halle 21,21A24,0,1,1,011
28475,Nutrofar S.L.,Spain,Halle 19/20,20A27,1,1,0,110
31824,Oberleitner WINDSCHUTZ GmbH & Co. KG,Germany,Halle 12,12F42,0,0,0,000
27313,OBIAL SILO - ALTUNTAS Havalandirma Turizm San. Tic. A.S.,Turkey,Halle 12,12A06,0,0,0,000
28790,OBIONE,France,Halle 19/20,20A04,0,0,0,000
27937,Obuda University,Hungary,Halle 13,13E51,1,0,0,100
31725,Ocean Harvest Technology Ltd.,Ireland,Halle 19/20,20A64,0,1,1,011
27770,OCP SA,Morocco,Halle 19/20,20B20,0,0,0,000
28617,Oehler Maschinen Fahrzeugbau GmbH,Germany,Halle 27,27Z01,0,0,0,000
29027,OEKOBIT GmbH,Germany,Halle 25,25D26,0,0,0,000
28872,OELCHECK GmbH,Germany,Halle 25,25J18,0,0,0,000
28376,OK PLAST,Denmark,Halle 12,12G61,1,0,0,100
30695,OLBA B.V.,Netherlands,Halle 17,17C41,1,0,0,100
27969,Oleon NV,Belgium,Halle 19/20,20E43,0,1,0,010
27805,Olextra ApS,Denmark,Halle 21,21B10,0,1,1,011
27575,OLMIX SA,France,Halle 21,21F11,0,0,0,000
27203,Olus Plus BV,Netherlands,Halle 22,22A15,0,1,0,010
28543,O-Metall Luxembourg AG,Luxembourg,Halle 12,12G65,0,0,1,001
31301,Omnivore Recycling,Germany,Halle 25,25M35,0,0,0,000
28579,One2Feed A/S,Denmark,Halle 27,27H38,1,0,0,100
28891,ONERGYS GmbH,Germany,Halle 25,25L10,0,0,0,000
28177,Onfarm Solutions Ltd.,New Zealand,Halle 13,13E33,0,0,0,000
32316,"Optipharm Co., Ltd.",South Korea,Halle 14/15,15H32,0,0,0,000
27332,Orffa Additives B.V.,Netherlands,Halle 22,22C20,0,1,1,011
27579,Osnabrücker Herdbuch eG,Germany,Halle 11,11G23,1,0,0,100
28444,OTTE Beton GmbH,Germany,Halle 14/15,15J11,1,0,1,101
27658,Ottevanger Milling Engineers BV,Netherlands,Halle 12,12B04,0,0,0,000
27604,OVER GROUP,Poland,Halle 21,21H05,0,1,1,011
28320,OVER Veterinary Medicine,Argentina,Halle 23,23B22,0,0,0,000
27349,Oxalia GmbH,Germany,Halle 21,21B05,0,1,0,010
28208,OX-CTA (Grupo OX),Spain,Halle 23,23A41,1,0,0,100
28251,OZOLEA Rete Agricola,Italy,Halle 13,13B42,0,0,0,000
28417,PacCool BV,Belgium,Halle 13,13A39,0,0,0,000
27687,PAKSMITH TECHNIK,Pakistan,Halle 11,11E23,0,0,0,000
27978,Palital Feed Additives B.V.,Netherlands,Halle 22,22C12,1,0,0,100
27470,PANAzoo Italiana S.r.l.,Italy,Halle 13,13C13,0,0,0,000
27592,PANELTIM N.V.,Belgium,Halle 14/15,15H17,0,0,0,000
31290,Paneltop,Germany,Halle 14/15,15D06,1,0,0,100
28162,Parikh Enterprises Pvt. Ltd.,India,Halle 21,21K04,0,0,1,001
32319,Parson Adhesives Inc.,United States of America,Halle 14/15,15K32,0,0,0,000
28725,PATENT CO. DOO,Serbia,Halle 22,22D15,0,1,0,010
27686,Pathway Intermediates Ltd.,United Kingdom,Halle 21,21L27,0,1,0,010
27673,PATURA KG,Germany,Halle 12,12B64,1,0,0,100
28058,Pearson Milking Technology,Ireland,Halle 13,13A42,1,0,0,100
28355,PEECON PITBULL Peeters Group b.v.,Netherlands,Halle 27,27D09,0,0,0,000
30511,Pellon Group Oy,Finland,Halle 12,12C46,1,0,0,100
28179,Penergetic Vertrieb Deutschland,Germany,Halle 16,16C11,0,1,0,010
28973,Pentair,Netherlands,Halle 25,25G08,0,0,0,000
31395,Peptechlab Sp. z o.o.,Poland,Halle 23,23D07,1,1,1,111
28184,PerformaNat GmbH,Germany,Halle 11,11C27,1,1,0,110
27527,Perwolf Gülletechnik GmbH,Austria,Halle 27,27B47,0,0,0,000
27766,PETER PRINZING GmbH,Germany,Halle 12,12D10,0,0,0,000
28861,Peters Mixer - Maschinenbau Peters GmbH,Belgium,Halle 25,25I04,0,0,0,000
29037,Petro-Canada Lubricants Inc.,Netherlands,Halle 25,25K25,0,0,0,000
27369,PEYMAK Gida ve Süt End. Mak. San ve Tic. Ltd. Sti.,Turkey,Halle 13,13B32,0,0,0,000
28968,Pflanzentheke GmbH,Germany,Halle 25,25K30,0,0,0,000
27518,PGR - Polat Group Redüktör San. ve Tic. A.Ş.,Turkey,Halle 27,27D08,0,0,0,000
28895,PGR - Polat Group Redüktör San. ve Tic. A.Ş.,Turkey,Halle 25,25F32,1,0,0,100
28496,PHARMACELL SA,Greece,Halle 21,21E24,1,1,0,110
27229,Pharmill Sp. k.,Poland,Halle 22,22B13,1,1,0,110
27274,Phibro Animal Health SA,Belgium,Halle 21,21C16,0,1,1,011
27582,Phileo by Lesaffre,France,Halle 22,22C24,0,1,1,011
27637,Phosphea - TIMAB Industries,France,Halle 21,21D16,0,0,0,000
27734,Phytobiotics Futterzusatzstoffe GmbH,Germany,Halle 22,22A28,0,1,1,011
27750,Phytofeed - Nutrition & Husbandry of Livestock Ltd.,Israel,Halle 21,21H08,1,0,1,101
27193,PHYTOSYNTHESE,France,Halle 22,22B12,0,1,0,010
28350,PIC Deutschland GmbH,Germany,Halle 16,16E17,1,0,0,100
28303,PIG Austria GmbH,Austria,Halle 16,16E03,1,0,0,100
27764,PigBrother Ltd.,Hungary,Halle 14/15,15B19,0,0,0,000
31296,PIGDATA,Spain,Halle 14/15,15G30,1,0,0,100
27522,Piglets Treatment System B.V. Health System,Netherlands,Halle 14/15,15B16,0,0,0,000
28913,PlanET Biogastechnik GmbH,Germany,Halle 25,25G18,0,0,0,000
27754,Planetfan Sp. z o.o.,Poland,Halle 12,12C33,0,0,0,000
33172,Plant Mec,United Kingdom,Halle 11,11C22,0,0,0,000
28439,Plastika Kritis S.A.,Greece,Halle 27,27D57,0,0,0,000
28076,PLASTUB,France,Halle 13,13F29,1,0,0,100
28128,PLEVNIK engineering and production d.o.o.,Slovenia,Halle 13,13C04,1,0,0,100
27339,PLOCHER GmbH integral-technik,Germany,Halle 16,16G02,0,1,1,011
27838,PLP Systems,Italy,Halle 12,12E32,0,0,0,000
28469,Polem Composite silos & tanks,Netherlands,Halle 16,16G03,0,0,0,000
27179,Polifar Group Ltd.,People's Republic of China,Halle 21,21A36,0,1,1,011
28189,POLLYBOOT Cizme San. ve Tic. A.S.,Turkey,Halle 11,11A35,0,0,0,000
28426,POLNET Sp. z o.o. i Wspolnicy Sp.k.,Poland,Halle 14/15,15D20,1,0,1,101
28521,Pontiggia Macchine Rotanti,Italy,Halle 12,12F41,0,0,0,000
27562,Poortershaven Minerals,Netherlands,Halle 21,21F45,0,1,0,010
32648,POULIMEX Tavukculuk Teknolojisi San. ve Tic. A.S.,Turkey,Halle 17,17B40,1,0,0,100
33104,Poultry News Africa,Zambia,NA,NA,0,0,0,000
28472,Poultry Research & Innovation Center,Netherlands,Halle 23,23C08,0,1,0,010
28262,PoultryShop24 B.V.,Netherlands,Halle 21,21B17,0,1,1,011
30266,Poultry Trends,India,NA,NA,0,0,0,000
27825,Power der Natur GmbH,Germany,Halle 22,22D14,0,1,1,011
28887,PowerUp GmbH,Austria,Halle 25,25K14,0,0,0,000
32881,PowerWerker EPC GmbH,Germany,Halle 25,25J08,0,0,0,000
29843,PRADO Storage Solutions S.L.,Spain,Halle 12,12E02,0,0,0,000
27449,PREMIUMFLOOR GmbH,Germany,Halle 16,16G04,1,0,0,100
28465,Prismafilter B.V.,Netherlands,Halle 17,17B02,0,0,0,000
28566,Pro4Feed BV,Netherlands,Halle 21,21H07,0,1,0,010
28998,PRODEVAL GmbH,Germany,Halle 25,25E27,0,0,0,000
28430,Prodi Dis. Tic. Ltd. Sti.,Turkey,Halle 21,21C47,0,1,1,011
27295,PRODUMIX S.A.,Spain,Halle 19/20,20C07,0,1,1,011
27454,Prodyver S.r.l.,Italy,Halle 13,13C69,0,0,0,000
32947,Profeed Technology LLC,Ukraine,Halle 25,25M23,0,0,0,000
30310,profi,Germany,NA,NA,0,0,0,000
30404,profi,Germany,NA,NA,0,0,0,000
31025,Profi Press,Czech Republic,NA,NA,0,0,0,000
28493,PRO-MAN,France,Halle 13,13F10,0,0,0,000
27328,Promat Inc.,Canada,Halle 12,12F39,0,0,0,000
32119,"Promising Chemicals Co., Ltd.",People's Republic of China,Halle 21,21K26,0,1,1,011
28597,Promois International Ltd.,India,Halle 19/20,20B29,0,1,1,011
28923,Pronova Analysentechnik GmbH & Co. KG,Germany,Halle 25,25H05,0,0,0,000
28624,Pronutriq NV,Belgium,Halle 21,21G11,0,1,1,011
28069,"ProRind - Braunvieh, Fleckvieh, Holstein",Germany,Halle 11,11G22,0,0,0,000
27512,Prosol S.r.l.,Italy,Halle 21,21H09,0,1,0,010
27629,"Prostar Wuxi International Trade Co., Ltd.",People's Republic of China,Halle 12,12F69,1,0,0,100
27315,Proviron Industries nv,Belgium,Halle 19/20,20D21,1,1,0,110
33077,Provita,United Kingdom,Halle 11,11C22,0,0,0,000
27765,Provita Supplements GmbH,Germany,Halle 19/20,20E45,0,1,1,011
32318,Prowash Robotics,Spain,Halle 14/15,15G35,0,0,0,000
28809,Proxani,Belgium,Halle 22,22C12,1,0,0,100
28169,Prüllage Systeme GmbH,Germany,Halle 17,17B24,1,0,0,100
28009,Przedsiebiorstwo ARKOP Sp. z o.o.,Poland,Halle 22,22A21,0,1,0,010
28170,PS-System GmbH,Germany,Halle 17,17B27,1,0,0,100
28880,PTM GmbH,Germany,Halle 25,25F27,0,0,0,000
28331,PTM S.r.l.,Italy,Halle 27,27B32,1,0,0,100
28274,"Pulike Biological Engineering, Inc.",People's Republic of China,Halle 23,23A35,1,1,1,111
28309,Puli-Sistem S.r.l.,Italy,Halle 13,13A38,0,0,0,000
28259,PULI-SMART S.r.l.,Italy,Halle 13,13A37,0,0,0,000
27325,pulsFOG - Dr. Stahl & Sohn GmbH,Germany,Halle 17,17D37,0,0,0,000
28140,Pulte GmbH & Co. KG,Germany,Halle 19/20,20E13,0,1,1,011
29059,PUR GmbH,Germany,Halle 25,25K27,0,0,0,000
28908,PuWe GmbH,Germany,Halle 25,25H16,0,0,0,000
29067,Q8Oils,Belgium,Halle 25,25L04,0,0,0,000
28528,"Qingdao BESS Machinery Co., Ltd.",People's Republic of China,Halle 17,17B30,0,0,0,000
32126,"Qingdao Dedahaikang Livestock Machinery Co., Ltd.",People's Republic of China,Halle 14/15,15D24,1,0,0,100
27273,"Qingdao Detianyuan  Machinery Co., Ltd.",People's Republic of China,Halle 17,17F45,1,0,0,100
31887,"Qingdao Ease Pharmachem Co., Ltd.",People's Republic of China,Halle 23,23D28,0,0,0,000
27643,"Qingdao Hailan Environmental Equipment Co., Ltd.",People's Republic of China,Halle 17,17C34,0,0,0,000
31718,"Qingdao Illinois Electric Co., Ltd.",People's Republic of China,Halle 17,17B43,0,0,0,000
27405,"Qingdao KAIMU MACHINERY Co., Ltd.",People's Republic of China,Halle 14/15,15E05,1,0,0,100
28054,"Qingdao Keling Refrigeration Equipment Co., Ltd.",People's Republic of China,Halle 13,13C14,0,0,0,000
28126,"Qingdao KENON ANIMAL NUTRITION Co., Ltd.",People's Republic of China,Halle 19/20,20B40,0,1,0,010
28598,"Qingdao Santo Husbandry Equipment Co., Ltd.",People's Republic of China,Halle 16,16C17,1,0,1,101
27202,"Qingdao Shengda Commercial and Trade Co., Ltd.",People's Republic of China,Halle 21,21L25,0,0,1,001
27268,"Qingdao Soty International Co., Ltd.",People's Republic of China,Halle 16,16D02,1,0,0,100
28573,"Qingdao Sun Kwan Machinery Co., Ltd.",People's Republic of China,Halle 27,27C43,0,0,0,000
27600,"Qingdao Vanpu Lighting Co., Ltd.",People's Republic of China,Halle 17,17C46,1,0,0,100
27509,Qingdao VLAND BIOTECH Inc.,People's Republic of China,Halle 19/20,20A63,0,1,0,010
28360,"Qingdao Xingyi Electronic Equipment Co., Ltd.",People's Republic of China,Halle 17,17E40,1,0,0,100
28549,"Qingdao Yilian Machinery Industry Co., Ltd.",People's Republic of China,Halle 17,17D05,1,0,0,100
27944,Qingdao YOUHONG Livestock Machinery,People's Republic of China,Halle 11,11A58,0,0,0,000
28523,"Qingyun Maoshengyuan Composite Material Co., Ltd.",People's Republic of China,Halle 14/15,15B07,1,0,0,100
28103,"Qingzhou Jinlong Temperature-Controlled Equipment Co., Ltd.",People's Republic of China,Halle 17,17B03,1,0,0,100
28749,Qnetics GmbH,Germany,Halle 11,11F41,1,0,0,100
28512,QUIDEE GmbH,Germany,Halle 11,11D10,0,1,0,010
30708,Radviliskis Machine Factory,Lithuania,Halle 25,25L06,0,0,0,000
28929,Rasche & Weßler GmbH,Germany,Halle 24,24B22,0,0,0,000
27873,RBalduzzi S.r.l.,Italy,Halle 12,12F20,0,0,0,000
28757,RBB Rinderproduktion Berlin-Brandenburg GmbH,Germany,Halle 11,11F41,1,0,0,100
28755,RBG Memmingen,Germany,Halle 11,11F41,1,0,0,100
27640,"RD LifeSciences, LLC",United States of America,Halle 19/20,20E52,1,1,0,110
32940,REALDYME,France,Halle 19/20,20A04,0,1,1,011
30538,Reap Interactive Ltd.,Ireland,Halle 11,11B39,0,0,0,000
31837,"Rech Chemical Co., Ltd.",People's Republic of China,Halle 21,21K11,0,1,1,011
28240,RECK-Technik GmbH & Co. KG,Germany,Halle 27,27A42,0,0,0,000
28983,REDEN SOLAR GERMANY GmbH,Germany,Halle 25,25I22,0,0,0,000
27762,ReKaMo Solutions GmbH,Germany,Halle 13,13F37,0,0,0,000
27548,Remak Redüktör Mak. San. Tic. Ltd. Sti.,Turkey,Halle 12,12D04,1,0,0,100
32884,REMON INTERNATIONAL B.V.,Netherlands,Halle 12,12C23,0,0,0,000
31890,RENavigAID UG,Germany,Halle 25,25G11,0,0,0,000
27963,RENNER GmbH Kompressoren,Germany,Halle 13,13E36,0,0,0,000
28420,RENSIN Chemicals Ltd.,People's Republic of China,Halle 21,21B03,0,1,1,011
32549,REPLOID Group Ag,Austria,Halle 25,25L22,0,0,0,000
29002,REPLOID Group AG,Austria,Halle 25,25K22,0,0,0,000
27244,RESCO B.V.,Belgium,Halle 21,21H42,1,1,1,111
27995,RETORTE GmbH Selenium Chemicals & Metals,Germany,Halle 19/20,20A53,0,1,1,011
30365,Réussir Aviculture,France,NA,NA,0,0,0,000
27570,REVA Tarim Kimya San. ve Tic. Ltd. Sti.,Turkey,Halle 19/20,20C20,1,1,1,111
29003,Reverion GmbH,Germany,Halle 25,25J03,0,0,0,000
28192,Ridder Drive Systems,Netherlands,Halle 17,17A17,0,0,0,000
28859,Rieger-Hofmann GmbH,Germany,Halle 25,25M16,0,0,0,000
28989,RIELA Karl-Heinz Knoop e.K.,Germany,Halle 25,25K01,0,0,0,000
28756,RinderAllianz GmbH,Germany,Halle 11,11F41,1,0,0,100
28750,Rinderunion Baden-Württemberg e.V.,Germany,Halle 11,11F41,1,0,0,100
28753,Rinder-Union West eG,Germany,Halle 11,11F41,1,0,0,100
28353,RINDERZUCHT AUSTRIA,Austria,Halle 11,11G49,1,0,0,100
28231,Rinderzucht Holstein Wagyu,Germany,Halle 11,11F30,1,0,0,100
28752,Rinderzucht Schleswig-Holstein eG,Germany,Halle 11,11F41,1,0,0,100
29751,Ringgemeinschaft Bayern e.V.,Germany,Halle 14/15,15A11,1,0,0,100
28131,Ringpu Biology,People's Republic of China,Halle 23,23C37,0,1,1,011
30514,Rishi Fibc Solutions Pvt. Ltd.,India,Halle 12,12G16,0,0,1,001
28542,Ritchie Bros.,Germany,Halle 13,13F31,0,0,0,000
28751,RiVerGen,Germany,Halle 11,11F41,1,0,0,100
27326,Rizbro International,Pakistan,Halle 11,11B34,0,0,0,000
27549,RMH-Landtechnik,Austria,Halle 12,12D63,1,0,0,100
27541,R&M Nutribusiness S.L.U.,Spain,Halle 22,22A31,0,1,0,010
28905,rnp Solar GmbH & Co. KG,Germany,Halle 25,25I30,0,0,0,000
27401,ROAM TECHNOLOGY,Belgium,Halle 23,23C50,0,0,0,000
27221,Robert International Sprl,Belgium,Halle 27,27H49,0,0,1,001
28335,Röhren- und Pumpenwerk BAUER GmbH,Austria,Halle 27,27B49,0,0,0,000
28959,Rolls-Royce Power Systems AG,Germany,Halle 25,25L18,0,0,0,000
28318,ROmiLL AGRICULTURE s.r.o.,Czech Republic,Halle 12,12E34,0,0,1,001
27543,ROPAPHARM International B.V.,Netherlands,Halle 21,21J41,0,1,0,010
28301,ROSENSTEINER GmbH,Austria,Halle 11,11B59,0,0,0,000
27174,ROTA GUIDO S.r.l.,Italy,Halle 13,13D43,0,0,0,000
27301,Rotavet Hayvancilik Plastik Tanitim Yayincilik San. Tic. Ltd. Sti.,Turkey,Halle 11,11E28,0,0,0,000
27343,ROTECNA S.A.,Spain,Halle 16,16C05,1,0,0,100
28260,Roto DE GmbH,Germany,Halle 12,12B63,0,0,0,000
27609,Rottmann Group GmbH,Germany,Halle 12,12C26,0,1,0,010
27689,Rovecom Feed B.V.,Netherlands,Halle 19/20,20C52,1,0,0,100
28201,Rovibec Inc.,Canada,Halle 13,13D13,1,0,1,101
27921,"Royal de Boer Barn, Ventilation, Manure equipment",Netherlands,Halle 13,13D63,1,0,0,100
27299,Royal Ilac San. ve Tic. Ltd. Sti.,Turkey,Halle 19/20,20B43,0,1,0,010
28857,R SCHMITT ENERTEC GmbH,Germany,Halle 25,25M07,0,0,0,000
28807,Rübenservice Wenning-Hottüm,Germany,Halle 25,25H16,0,0,0,000
27554,Rubexco Pvt. Ltd.,India,Halle 19/20,20E19,1,1,0,110
27730,Rudolf Hörmann GmbH & Co. KG,Germany,Halle 14/15,15F11,1,0,0,100
27399,RUNI INDUSTRIES B.V.,Netherlands,Halle 12,12B68,1,0,0,100
30701,Rurtec,New Zealand,Halle 12,12G15,0,0,0,000
27927,RUVERA,Lithuania,Halle 23,23D17,0,1,0,010
28188,R+V Allgemeine Versicherung AG,Germany,Halle 13,13E16,0,0,0,000
28138,Safra,Italy,Halle 13,13F14,1,0,0,100
28334,Saheeb Trading Co.,Pakistan,Halle 11,11G07,0,0,0,000
27830,SALMATEC GmbH,Germany,Halle 12,12B17,0,0,0,000
27817,SaluVet GmbH - Marke Dr. Schaette,Germany,Halle 11,11A11,0,0,0,000
27875,Salvi Chemical Industries Ltd.,India,Halle 21,21A27,1,1,0,110
28903,SaM-Power GmbH,Germany,Halle 25,25J13,0,0,1,001
27383,Sanigma Dıs. Tic. Ltd. Sti.,Turkey,Halle 21,21A15,1,0,0,100
28280,SANI GmbH,Germany,Halle 14/15,15E29,0,0,1,001
27431,SANLUC International nv,Belgium,Halle 19/20,20B25,1,1,0,110
27362,"Sanming Fengrun Chemical Industry Co., Ltd.",People's Republic of China,Halle 21,21A26,0,1,1,011
27233,Sano - Moderne Tierernährung GmbH,Germany,Halle 11,11F36,1,1,1,111
27335,SAN Vet SAN Group Biotech Germany GmbH,Germany,Halle 23,23A26,0,0,0,000
28988,Sapiens Inteligencia Artificial em Microbioma Ltda.,Brazil,Halle 25,25L32,0,0,0,000
27903,Sappi Germany GmbH,Germany,Halle 21,21H48,0,1,0,010
28081,SAS EVRA Technologies,France,Halle 16,16B16,1,0,0,100
28732,Satene,France,Halle 12,12B49,1,0,0,100
27675,SAVECO GmbH,Germany,Halle 25,25F10,0,0,0,000
27780,Saviolife S.r.l.,Italy,Halle 21,21D04,0,1,0,010
32314,SCAGRO A/S,Denmark,Halle 14/15,15F05,1,1,0,110
27798,Scan-Air B.V.,Netherlands,Halle 17,17A23,0,0,0,000
28571,SC Beefcarm 2017 S.R.L.,Romania,Halle 19/20,20E44,0,0,0,000
30696,SC ELITE Ltd.,People's Republic of China,Halle 12,12E27,0,0,0,000
27972,SCE - Silo Construction & Engineering NV,Belgium,Halle 12,12C17,0,0,0,000
27619,Schäffer Maschinenfabrik GmbH,Germany,Halle 27,27A15,0,0,0,000
27392,SCHAUER Agrotronic GmbH,Austria,Halle 16,16A04,1,0,0,100
27497,SCHAUER Agrotronic GmbH,Austria,Halle 12,12F45,1,0,0,100
28779,Schaumann Agri Austria GmbH & Co. KG,Austria,Halle 19/20,20D50,1,1,1,111
28778,Schaumann Agri International GmbH,Germany,Halle 19/20,20D50,1,1,1,111
30180,Schaumann BioEnergy Consult GmbH,Germany,Halle 25,25B12,0,0,1,001
28941,Schaumann BioEnergy GmbH,Germany,Halle 25,25B12,0,1,1,011
27430,Schils B.V.,Netherlands,Halle 19/20,20C45,1,0,0,100
28939,Schmidmeier NaturEnergie GmbH,Germany,Halle 25,25K24,0,0,0,000
28806,Schönhammer Wärmetauscher und Lüftungstechnik GmbH,Germany,Halle 25,25F19,0,0,0,000
27218,Schurr Gerätebau GmbH,Germany,Halle 11,11C32,1,0,0,100
27844,Schwamborn Gerätebau GmbH,Germany,Halle 14/15,15J22,0,0,0,000
29739,Schweinevermarktung Rheinland w.V. (SVR),Germany,Halle 14/15,15A11,0,0,0,000
28245,SeaQ-Corporation,Spain,Halle 21,21H44,0,0,0,000
28356,SELEKT - Nimrod Nederland B.V.,Netherlands,Halle 23,23C09,0,0,0,000
27638,SEMEX Deutschland GmbH,Germany,Halle 11,11G54,1,0,0,100
28910,SensoPower - Phytobiotics Futterzusatzstoffe GmbH,Germany,Halle 25,25B10,0,1,0,010
28147,SERAP INDUSTRIES,France,Halle 13,13B19,0,0,0,000
28900,SERCOO Group GmbH,Germany,Halle 25,25B21,0,0,0,000
27631,SERVAL S.A.S.,France,Halle 19/20,20A39,0,0,0,000
28609,SETREM extrusion solutions,France,Halle 12,12E48,0,0,0,000
27659,SEZER Agriculture and Milking Technologies,Turkey,Halle 13,13C33,1,0,0,100
28101,Sgariboldi S.r.l.,Italy,Halle 27,27G08,0,0,0,000
31289,SHANBRO,Pakistan,Halle 23,23D40,1,0,0,100
28173,"Shandong Acid Technology Co., Ltd.",People's Republic of China,Halle 21,21J06,1,1,0,110
31889,"Shandong Backbone Feed Group Co., Ltd.",People's Republic of China,Halle 21,21K11,0,1,1,011
28025,"Shandong E.FINE Pharmacy Co., Ltd.",People's Republic of China,Halle 21,21D46,0,1,1,011
31297,"Shandong Feiyan International Trade Co., Ltd.",People's Republic of China,Halle 17,17A52,1,0,0,100
32136,"Shandong Gefei Husbandry Technology Co., Ltd.",People's Republic of China,Halle 14/15,15D24,0,0,0,000
31858,"Shandong Ginye Biotech Co., Ltd.",People's Republic of China,Halle 23,23D28,0,0,0,000
28522,"Shandong Haineng Bioengineering Co., Ltd.",People's Republic of China,Halle 21,21D42,0,1,1,011
31835,"Shandong Hengtong New Materials Co., Ltd.",People's Republic of China,Halle 11,11C17,0,0,0,000
28618,"Shandong Highvarve Biotechnology Co., Ltd.",People's Republic of China,Halle 21,21D41,0,1,1,011
27707,"Shandong JUJIA Biotech Co., Ltd. (& Shandong DASHUO Biotech Co., Ltd.)",People's Republic of China,Halle 19/20,20D04,1,0,0,100
28016,"Shandong KUNDA BIOTECHNOLOGY Co., Ltd.",People's Republic of China,Halle 19/20,20A40,0,1,1,011
27996,"Shandong Longchang Animal Health Product Co., Ltd.",People's Republic of China,Halle 21,21J04,1,1,1,111
27584,"Shandong Luxi Animal Medicine Share Co., Ltd.",People's Republic of China,Halle 23,23C34,0,1,0,010
30502,"Shandong Metron Machinery Co., Ltd.",People's Republic of China,Halle 13,13F07,1,0,0,100
27323,"ShanDong MUGE Animal Husbandry Machinery Co., Ltd.",People's Republic of China,Halle 14/15,15E13,1,0,0,100
27450,"Shandong Rope Technology Co., Ltd.",People's Republic of China,Halle 11,11E09,0,0,0,000
27553,"Shandong Ruihong Biotechnology Co., Ltd.",People's Republic of China,Halle 22,22B02,0,1,1,011
28097,"Shandong Soocom Animal Remedy Co., Ltd.",People's Republic of China,Halle 23,23D18,0,1,1,011
31869,"Shandong Tianyin Biotechnology Co., Ltd.",People's Republic of China,Halle 22,22C06,0,1,1,011
28622,"Shandong Yinfeng Biological Technology Co., Ltd.",People's Republic of China,Halle 21,21E47,0,1,1,011
28105,"Shandong Zhongrun Machinery Co., Ltd.",People's Republic of China,Halle 17,17A10,1,0,0,100
31838,"Shanghai BALANTEK Biotechnology Co., Ltd.",People's Republic of China,Halle 21,21K11,1,1,0,110
32124,"Shanghai BERPU Medical Co., Ltd.",People's Republic of China,Halle 23,23D28,0,0,0,000
31842,"Shanghai JingQiong Automotive Technology Co., Ltd.",People's Republic of China,Halle 11,11C17,0,0,0,000
28164,Shanghai Kingsgen,People's Republic of China,Halle 14/15,15E27,0,0,0,000
28447,"Shanghai Kuafoo Industrial Co., Ltd.",People's Republic of China,Halle 11,11F11,0,0,0,000
28020,"Shanghai MENON ANIMAL NUTRITION TECHNOLOGY Co., Ltd.",People's Republic of China,Halle 22,22C09,0,1,1,011
27784,"Shanghai Terrui International Trade Co., Ltd.",People's Republic of China,Halle 11,11B58,0,0,0,000
27672,"Shanghai Vigovita Biotech Co., Ltd.",People's Republic of China,Halle 21,21A23,0,1,1,011
28576,"Shanghai Xiashu Intelligent Technology Co., Ltd.",People's Republic of China,Halle 17,17B45,1,0,0,100
31293,"Shanghai Yizhu Livestock Construction Engineering Co., Ltd.",People's Republic of China,Halle 17,17B52,1,0,0,100
28594,"Shangqiu NEW ORIENTAL MACHINERY Co., Ltd.",People's Republic of China,Halle 17,17A34,0,0,0,000
31839,"Shanxi HUIKE Botanical Development Co., Ltd.",People's Republic of China,Halle 21,21K26,0,1,0,010
28063,"Shaondong Laiyu Chemical Co., Ltd.",People's Republic of China,Halle 22,22D04,0,1,1,011
27818,"Shaoxing Kontaga Import & Export Co., Ltd.",People's Republic of China,Halle 23,23C20,1,1,0,110
32118,"Shaoxing Suje Import & Export Co., Ltd.",People's Republic of China,Halle 11,11C17,0,0,0,000
28575,"Shaoxing Wanjia Appliance Co., Ltd.",People's Republic of China,Halle 11,11C05,0,0,0,000
27644,SHELTERALL - RICHEL Group S.A.,France,Halle 12,12G06,1,0,1,101
28006,"Shenzhen AMB Technology Co., Ltd.",People's Republic of China,Halle 17,17A12,1,0,0,100
31300,"Shenzhen Hontech-Wins Electronics Co., Ltd.",People's Republic of China,Halle 17,17A46,0,0,0,000
31391,Shenzhen Lvshiyuan (Green Spring) Biotechnology,People's Republic of China,Halle 21,21A09,0,0,0,000
27811,Shenzhen SonoWin Science Technology Inc.,People's Republic of China,Halle 16,16C07,1,0,0,100
28592,"Shenzhen Suan Intelligent Technology Co., Ltd. Eartaghome",People's Republic of China,Halle 11,11C55,1,0,0,100
31295,"Shenzhen Sunway Medical Device Co., Ltd.",People's Republic of China,Halle 23,23D41,0,0,0,000
30704,"Shenzhen ZPW Technology Co., Ltd.",People's Republic of China,Halle 17,17B53,0,0,0,000
27464,"Shijiazhuang RUIBANG FEED Co., Ltd.",People's Republic of China,Halle 19/20,20E15,0,1,0,010
28451,"Shijiazhuang Shimu Pharmaceutical Co., Ltd.",People's Republic of China,Halle 23,23C41,0,0,0,000
28053,"Shijiazhuang Xinfuda Medical Packaging Co., Ltd.",People's Republic of China,Halle 23,23D09,0,0,0,000
31859,"Shijiazhuang ZDHF Stock-Raising Co., Ltd.",People's Republic of China,Halle 23,23D28,0,1,1,011
31870,"Shijiazhuang Zhongcheng Qihang Plastic Industry Co., Ltd.",People's Republic of China,Halle 22,22C06,0,0,1,001
28153,Sichuan Chelota Biotech Corporation Ltd.,People's Republic of China,Halle 21,21E41,0,0,1,001
28130,"Sichuan Hebang Biotechnology Co., Ltd.",People's Republic of China,Halle 23,23B16,1,0,1,101
28587,"Sichuan Mega Technology Co., Ltd.",People's Republic of China,Halle 21,21K10,0,1,1,011
28585,"Sichuan Meishan Jinding Machinery Mould Co., Ltd.",People's Republic of China,Halle 12,12F60,0,0,0,000
27523,"Sichuan SINYIML BIOTECHNOLOGY Co., Ltd.",People's Republic of China,Halle 19/20,20D44,0,0,1,001
27263,SIEPLO B.V.,Netherlands,Halle 27,27F59,0,0,0,000
32556,"Siflon Pharma Pvt., Ltd.",India,Halle 23,23D42,0,0,0,000
32643,Sigenergy Smartek GmbH,Germany,Halle 25,25H32,0,0,0,000
29052,Sigenergy Smartek - HAWO Energie GmbH & Co. KG,Germany,Halle 25,25H32,0,0,0,000
27802,Signify Netherlands B.V.,Netherlands,Halle 17,17B09,0,0,0,000
28351,Silage Safe BV,Netherlands,Halle 12,12D17,0,0,1,001
27757,SILA S.p.A.,Italy,Halle 21,21C10,1,1,1,111
27614,Siliconform Vertriebs GmbH & Co. KG,Germany,Halle 13,13D44,0,0,0,000
27480,SILOKING Mayer Maschinenbau GmbH,Germany,Halle 27,27E25,1,0,1,101
28370,Silomaster SLU,Spain,Halle 12,12D23,0,0,1,001
27533,Silos Musos S.L.,Spain,Halle 17,17F36,0,0,0,000
28207,Silospeed GmbH,Austria,Halle 12,12C16,1,0,1,101
27881,Silostop Agri,United Kingdom,Halle 12,12C14,0,0,1,001
27652,Silotec GmbH,Germany,Halle 12,12C25,0,0,1,001
27883,Silvateam S.p.A.,Italy,Halle 23,23A04,1,1,1,111
28486,SIMEMORA S.L.,Spain,Halle 17,17B05,0,0,0,000
28263,S.I.N. HELLAS - Anastasiadi D. Afoi & Sia I.K.E.,Greece,Halle 19/20,20B37,1,1,1,111
31855,"Sinochem Yunlong Co., Ltd.",People's Republic of China,Halle 19/20,20A28,0,0,0,000
28369,Sinus Biochemistry & Electrophoresis GmbH,Germany,Halle 16,16C20,1,0,0,100
28427,SIPENA,France,Halle 19/20,20B07,1,0,0,100
32117,SIR S.r.l.,Italy,Halle 13,13A44,0,0,0,000
27346,Skavska Hale Sp. z o.o.,Poland,Halle 14/15,15K17,0,0,0,000
28776,Skellerup Industries Ltd.,New Zealand,Halle 13,13D25,0,0,0,000
27613,"SKF (Beijing) Bio-Technology Co., Ltd.",People's Republic of China,Halle 19/20,20D02,0,1,0,010
27968,SKOV A/S,Denmark,Halle 17,17A19,0,0,0,000
27181,SKOV-SECCO,Denmark,Halle 14/15,15H06,0,0,0,000
28985,SK Verbundenergie AG,Germany,Halle 24,24B21,0,0,0,000
28333,SKW Stickstoffwerke Piesteritz GmbH,Germany,Halle 12,12G17,0,1,0,010
27667,"Skystone Feed Co., Ltd.",People's Republic of China,Halle 22,22B14,0,1,1,011
27355,Slootsmid Mesttechniek B.V.,Netherlands,Halle 27,27C49,0,0,0,000
33171,Slurryquip,United Kingdom,Halle 11,11C22,0,0,0,000
28616,Smart Agritech Solution of Sweden AB,Sweden,Halle 16,16B17,1,0,0,100
27365,smaXtec GmbH,Germany,Halle 11,11B22,1,0,0,100
29016,SM-Energy GmbH,Germany,Halle 25,25I21,0,0,0,000
28492,SOBAC Deutschland GmbH,Germany,Halle 27,27D62,0,1,0,010
27967,Socorex Isba SA,Switzerland,Halle 23,23B13,0,0,0,000
27213,SODIVAS S.A.S.,France,Halle 21,21C24,0,1,1,011
29045,SolaX Power Europe GmbH,Germany,Halle 25,25I33,0,0,0,000
32906,solmotion project GmbH,Germany,Halle 25,25J34,0,0,0,000
30629,"SOLOMON Co., Ltd.",South Korea,Halle 14/15,15E23,1,0,0,100
27580,Solprovit B.V.,Netherlands,Halle 22,22A17,0,0,0,000
30512,SOLTON Biochem Inc.,South Korea,Halle 21,21J03,0,1,1,011
27862,SOMMET DE L'ELEVAGE,France,Halle 11,11C09,1,0,0,100
27514,"SOMVITAL, S.L.",Spain,Halle 23,23C28,1,1,0,110
27267,Sonac - Darling Ingredients Int. Rendering & Specialties BV,Netherlands,Halle 21,21E19,0,0,0,000
28869,Sonnenernte GmbH,Germany,Halle 25,25A12,0,0,0,000
27485,SOPROPECHE,France,Halle 19/20,20E39,0,0,1,001
28365,SOP S.r.l. Società Benefit,Italy,Halle 21,21C02,0,1,0,010
28012,SPACE,France,Halle 17,17H05,0,0,0,000
28450,Spaggiari Industria Gomma S.r.l.,Italy,Halle 13,13D04,1,0,0,100
31421,SPCTRM Engineering GmbH,Germany,Halle 25,25A13,0,0,0,000
28422,Speed-Fix Klauenpflegestand - Josef Ametsreiter GmbH,Austria,Halle 11,11B60,1,0,0,100
27248,Speed France SAS,France,Halle 12,12G50,1,0,0,100
27246,Speria,Netherlands,Halle 17,17H11,0,0,0,000
27664,Spinder Dairy Housing Concepts BV,Netherlands,Halle 12,12B42,1,0,0,100
27214,SPM S.p.A. Welfare Farm,Italy,Halle 11,11A46,0,0,0,000
28321,Spread-a-Bale Ltd.,United Kingdom,Halle 27,27F49,0,0,0,000
31190,S.R. Publications,India,NA,NA,0,0,0,000
27520,stadiko maßgeschneiderte Reinigungstechnik,Germany,Halle 13,13D59,0,0,0,000
28935,Stadtwerke Würzburg AG,Germany,Halle 25,25F16,0,0,0,000
32551,Stallgrün GmbH,Germany,Halle 25,25M34,0,0,0,000
27955,Stalltuning GmbH,Germany,Halle 17,17G11,1,0,0,100
27211,STARMAX Tarim Makinalari San. ve. Tic. A.S.,Turkey,Halle 12,12E25,1,0,0,100
28011,Steiner Automation GmbH & Co. KG,Austria,Halle 17,17D39,1,0,0,100
28947,STEINHAUS GmbH,Germany,Halle 25,25B15,0,0,0,000
27552,stela Laxhuber GmbH,Germany,Halle 12,12B11,0,0,0,000
28974,STEVERDING mixing technology,Germany,Halle 25,25G27,0,0,0,000
27184,STg Germany GmbH,Germany,Halle 11,11E27,0,0,0,000
28793,STI Biotechnologie,France,Halle 19/20,20A04,1,0,1,101
27961,STIENEN Bedrijfselektronica B.V.,Netherlands,Halle 17,17H17,1,0,0,100
29840,Stirling Cryogenics B.V.,Netherlands,Halle 25,25D30,0,0,0,000
27846,STOCKMEIER Chemie GmbH & Co. KG Cleaning Solutions,Germany,Halle 23,23A50,0,1,0,010
28180,Storth Ltd.,United Kingdom,Halle 27,27B33,0,0,0,000
28379,Storti S.p.A.,Italy,Halle 27,27F47,0,0,0,000
27887,Strainrite Fencing Sytems,New Zealand,Halle 11,11D27,0,0,0,000
27241,Strauss Deutschland GmbH & Co. KG,Germany,Halle 11,11A45,0,0,0,000
28893,Streisal GmbH,Germany,Halle 25,25G13,0,0,0,000
27475,Strocon B.V.,Netherlands,Halle 17,17E51,1,0,0,100
27915,Südoldenburger WDV GmbH,Germany,Halle 17,17B29,0,0,0,000
27660,SUEVIA HAIGES GmbH,Germany,Halle 12,12D50,1,0,0,100
28134,SUISAG,Switzerland,Halle 16,16H11,1,0,0,100
29032,SulfiLogger A/S,Denmark,Halle 25,25I24,0,0,0,000
28896,SUMA Rührtechnik GmbH,Germany,Halle 25,25D11,0,0,0,000
28801,"Sumitomo Chemical Co., Ltd.",Japan,Halle 19/20,20A07,1,0,0,100
29846,SUNfarming GmbH,Germany,Halle 25,25J15,0,0,0,000
28550,"Sunrise (Xuzhou) Environmental Protection Equipment Co., Ltd.",People's Republic of China,Halle 12,12A10,0,0,0,000
27602,Suntaq International Ltd.,People's Republic of China,Halle 19/20,20D60,0,1,0,010
28867,Suomen BIOVOIMA Oy,Finland,Halle 25,25J24,0,0,0,000
27711,Super's Diana S.L.,Spain,Halle 23,23B32,1,1,0,110
30311,SUS,Germany,NA,NA,0,0,0,000
30405,SUS,Germany,NA,NA,0,0,0,000
29741,SVEA (HK) Ltd.,People's Republic of China,Halle 13,13F42,1,0,0,100
28010,"SVLFG - Sozialversicherung für Landwirtschaft, Forsten und Gartenbau",Germany,Halle 13,13F24,0,0,0,000
28952,"SVLFG - Sozialversicherung für Landwirtschaft, Forsten und Gartenbau",Germany,Halle 25,25H25,0,0,0,000
28072,Swana Export Corporation - Veterinary Instruments & Farrier Blacksmith House,Pakistan,Halle 11,11F04,1,0,0,100
28520,Swinkels Nutrition BV,Netherlands,Halle 21,21E18,0,1,1,011
28797,Swissgenetics,Switzerland,Halle 11,11G54,1,0,0,100
28362,Swisstec AG,Switzerland,Halle 27,27D49,0,0,0,000
27380,SYLCO HELLAS S.A.,Greece,Halle 13,13D56,1,0,0,100
27567,SYMAGA SAU,Spain,Halle 12,12C19,0,0,0,000
29046,Syncraft GmbH,Austria,Halle 25,25M10,0,0,0,000
28742,SYNETICS Export SAS,France,Halle 11,11F40,1,0,0,100
28794,Synthèse Elevage,France,Halle 19/20,20A04,0,1,0,010
27715,Tags4all Global - Torenna Inc.,Canada,Halle 12,12G67,0,0,0,000
27411,"TAIAN HAVAY CHEMICALS Co., Ltd.",People's Republic of China,Halle 21,21B30,0,0,1,001
30664,"Taian Huamei Plastics Co., Ltd.",People's Republic of China,Halle 11,11G05,0,0,0,000
28108,"Taian Yimeite Machinery Co., Ltd.",People's Republic of China,Halle 27,27G23,1,0,0,100
31124,"Taizhou Leiling Bio Technology Co., Ltd.",People's Republic of China,Halle 23,23B04,0,0,0,000
31091,"Taizhou LeilingBio Technology Co., Ltd.",Netherlands,Halle 23,23B04,0,0,0,000
32128,"Tangshan Zhengxing Electronic Weighing Apparatus Co., Ltd.",People's Republic of China,Halle 14/15,15D24,0,0,0,000
28095,Tanin Sevnica d.d.,Slovenia,Halle 19/20,20E33,0,1,0,010
28158,Taochem Industrial Inc.,People's Republic of China,Halle 21,21H03,0,1,1,011
28148,TARIMAK A.S. Tarim Makinalari San. ve Tic. A.S.,Turkey,Halle 13,13A27,1,0,0,100
27350,Tashia S.L.,Spain,Halle 17,17G17,0,0,0,000
27482,T. A. Walthem & Co.,Pakistan,Halle 11,11E07,1,0,0,100
27738,TDM - Total Dairy Management,Italy,Halle 13,13D33,1,0,0,100
28378,TEAGLE MACHINERY Ltd.,United Kingdom,Halle 27,27E04,0,0,0,000
28498,"TECFIL - Técnica Fabrico de Fios, Lda.",Portugal,Halle 12,12F56,0,0,0,000
28381,TechMix Europe,Spain,Halle 23,23B23,0,1,0,010
27492,TECHNA,France,Halle 19/20,20D31,1,1,0,110
30534,Technische Hochschule Bingen,Germany,Halle 13,13E47,0,0,0,000
28302,"Technische Universität München,  TUM School of Life Sciences,  Hans Eisenmann-Forum f. Agrarwissensc",Germany,Halle 13,13E57,0,0,0,000
27938,Technolit GmbH,Germany,Halle 11,11A23,0,0,0,000
32115,Techtop Adda Motor GmbH,Germany,Halle 14/15,15E20,0,0,0,000
31298,"TECHTOP - Shanghai Top Motor Co., Ltd.",People's Republic of China,Halle 14/15,15E20,0,0,0,000
28741,TECNOLOGÍA & VITAMINAS S.L.,Spain,Halle 19/20,20C31,1,1,1,111
27709,TECNOZOO S.p.A.,Italy,Halle 21,21G45,1,1,0,110
28045,TECSISEL,Portugal,Halle 17,17H12,1,0,0,100
29030,TEDOM Service GmbH,Germany,Halle 24,24A25,0,0,0,000
28319,Teemore Engineering,United Kingdom,Halle 12,12F51,1,0,0,100
27899,Teknovet Ilaç San. ve Tic. A.S.,Turkey,Halle 23,23A34,0,0,0,000
28137,TELESPOR AS,Norway,Halle 11,11F07,0,0,0,000
27598,TELL GmbH,Germany,Halle 11,11A39,1,0,0,100
28774,Te Pari Products Cattle yards & Sheep handling equipment,New Zealand,Halle 11,11A47,1,0,0,100
28897,Terbrack Maschinenbau GmbH,Germany,Halle 25,25H13,0,0,0,000
28933,TerraVis GmbH,Germany,Halle 25,25C20,0,0,1,001
27663,TERRESIS AGRICULTURE,France,Halle 19/20,20A61,0,1,0,010
27585,TESLA PROTEIN by Bankom Group,Serbia,Halle 21,21J09,0,0,1,001
27721,Tetra Poultry Genetics,Hungary,Halle 17,17F40,1,0,0,100
27226,TEWE Elektronic GmbH,Germany,Halle 16,16A11,1,0,0,100
28372,TEXAS TRADING GmbH,Germany,Halle 11,11E36,1,0,0,100
27461,Th. Buschhoff GmbH & Co.,Germany,Halle 12,12C34,1,0,0,100
32942,The Combine,United States of America,Halle 11,11C16,1,0,0,100
31454,theraluxVET Ltd.,Finland,Halle 25,25L35,0,0,0,000
27983,Thrace Group - Thrace Nonwovens & Geosynthetics S.A.,Greece,Halle 27,27B35,0,0,1,001
31882,"Tianjin Huge Roc Enterprises Co., Ltd.",People's Republic of China,Halle 19/20,20C04,0,1,1,011
31843,"Tianjin Shengyunda Metal Products Co., Ltd.",People's Republic of China,Halle 11,11C17,0,0,0,000
30700,"Tianjin Yifeng Biotechnology Co., Ltd.",People's Republic of China,Halle 12,12G18,0,0,0,000
28874,Tietjen Verfahrenstechnik GmbH,Germany,Halle 25,25E13,0,0,0,000
28065,TIGSA Productos Ganaderos Saludables S.L.,Spain,Halle 17,17C03,0,0,0,000
31827,TIHO - Tierärztliche Hochschule Hannover,Germany,Halle 17,17D35,0,0,0,000
27356,Tire Özsan Tarim Makinalari San. ve. Tic. Ltd. Sti.,Turkey,Halle 27,27H23,1,0,0,100
28037,Titan Biotech Ltd. - Titan Animal Nutrition,India,Halle 21,21L02,1,0,1,101
28145,TKS AGRI AS,Norway,Halle 27,27F53,1,0,1,101
27634,Tolsa S.A.,Spain,Halle 22,22D09,0,1,0,010
27804,Tönnies Livestock GmbH,Germany,Halle 16,16E10,0,0,0,000
30312,top agrar,Germany,NA,NA,0,0,0,000
30406,top agrar,Germany,NA,NA,0,0,0,000
27374,Topcalf B.V.,Netherlands,Halle 13,13D09,1,0,0,100
27632,"Topcool - Ventilation Equipment Co., Ltd.",People's Republic of China,Halle 14/15,15J30,0,0,0,000
28312,top farmplan - LV Digital GmbH,Germany,Halle 13,13A25,0,0,0,000
31818,Topigs Norsvin,Netherlands,Halle 16,16H15,1,0,0,100
27922,Topigs Norsvin - Topigs-SNW GmbH,Germany,Halle 16,16H15,1,0,0,100
27698,"TOPNUTRI YEAST Tangshan Top Bio Technology Co., Ltd.",People's Republic of China,Halle 22,22C32,0,0,1,001
27462,Top Syringe MFG Co. (P) Ltd.,India,Halle 23,23A14,0,0,0,000
28261,TOPTEX by Solmax,Austria,Halle 12,12B16,0,0,0,000
27882,Torpac Europe B.V.,Netherlands,Halle 23,23A27,1,0,0,100
28070,TPI-Polytechniek BV,Netherlands,Halle 17,17G18,0,0,0,000
27714,TPS 3 Sarl,France,Halle 13,13B36,0,0,0,000
28482,trafo:agrar - Verbund Transformationsforschung agrar Niedersachsen Universität Vechta,Germany,Halle 17,17D35,0,0,0,000
27997,Trans Feed Futuro Lab Sp. z o.o. S.K.A.,Poland,Halle 21,21G05,1,1,1,111
27249,TRANSTECNO S.r.l.,Italy,Halle 17,17B25,0,0,0,000
28382,Tredi Italia S.r.l.,Italy,Halle 13,13B06,1,0,0,100
30501,Trenfo Medgroup Ltd.,People's Republic of China,Halle 23,23D16,0,1,1,011
28884,Trianel GmbH,Germany,Halle 25,25C16,0,0,0,000
31299,Trilogy Analytical Laboratory,United States of America,Halle 22,22D10,0,1,1,011
27984,trinamiX GmbH,Germany,Halle 19/20,20A60,0,0,0,000
28311,TRIOLIET BV,Netherlands,Halle 27,27G39,0,0,1,001
28892,Triptiser Edelstahl GmbH,Germany,Halle 25,25E16,0,0,0,000
27534,TROPPER Maschinen und Anlagen GmbH,Austria,Halle 12,12A39,0,0,0,000
27200,Trouw Nutrition,Netherlands,Halle 22,22A16,0,1,1,011
27853,Tuchel Maschinenbau GmbH,Germany,Halle 27,27H39,1,0,0,100
27902,TVA GmbH Technology for vital Agriculture,Austria,Halle 19/20,20E26,1,1,1,111
31394,UAB EkoProFeed Baltic,Lithuania,Halle 21,21B02,0,1,1,011
28347,UBM Group,Hungary,Halle 19/20,20E41,1,1,1,111
28338,UCO Group B.V.,Belgium,Halle 23,23B50,0,1,0,010
30300,U Gaat Bouwen BV,Netherlands,NA,NA,0,0,0,000
28578,U Gaat Bouwen B.V.,Netherlands,Halle 16,16B13,1,0,1,101
29051,UGN - Umwelttechnik GmbH,Germany,Halle 25,25E18,0,0,0,000
27334,UKKÖ Robotics,Canada,Halle 17,17D45,1,0,0,100
27936,UNA-HAKRA Hanseatische Kraftfuttergesellschaft mbH,Germany,Halle 14/15,15H21,1,1,1,111
28591,UNEM – Uniao Nacional do Etanol de Milho,Brazil,Halle 19/20,20D43,0,0,1,001
28286,Unibio,Denmark,Halle 21,21H46,0,0,1,001
27515,Unidoz Pro Sp. z o.o.,Poland,Halle 17,17C19,0,0,0,000
28042,UNIFORM-Agri,Netherlands,Halle 13,13C26,1,0,0,100
28723,Unipoint AG,Switzerland,Halle 22,22B10,0,1,0,010
32543,United Sires,United States of America,Halle 11,11F53,0,0,0,000
27926,UNITRON A/S,Denmark,Halle 14/15,15H11,1,0,0,100
27608,Üniversal Kazan - Pazarlama ve Taahhüt Ltd. Sti.,Turkey,Halle 12,12C20,0,0,0,000
28404,"Universität Bonn Agrar-, Ernährungs- und Ingenieurwissenschaftliche Fakultät",Germany,Halle 13,13E53,1,0,0,100
27898,Universität Hohenheim Fakultät Agrarwissenschaften Zentrum für Tierhaltungstechnik,Germany,Halle 13,13F53,0,0,0,000
28304,Universität Kassel Fachbereich Ökologische Agrarwissenschaften,Germany,Halle 13,13E54,0,0,0,000
28743,Universität Rostock (AUF),Germany,Halle 13,13F54,0,0,0,000
28178,"UniVOOK Chemical (Shanghai) Co., Ltd.",People's Republic of China,Halle 19/20,20A50,1,1,1,111
27858,"Uniwin Chemical Co., Ltd.",People's Republic of China,Halle 21,21B07,0,0,1,001
28975,UNTHA Deutschland GmbH,Germany,Halle 25,25E20,0,0,0,000
27331,URBAN GmbH & Co. KG,Germany,Halle 13,13B10,0,0,0,000
27679,"U.S. Livestock Genetics Export, Inc.",United States of America,Halle 11,11F08,1,0,0,100
28871,UZ KIMYA A.S.,Turkey,Halle 25,25H22,0,0,0,000
28264,Valles Pvt. Ltd.,India,Halle 23,23A45,0,1,0,010
27550,Valmetal Inc.,Canada,Halle 12,12F61,0,0,0,000
28044,VALOREX SAS,France,Halle 21,21H34,1,0,1,101
27896,Van Aarsen International B.V.,Netherlands,Halle 12,12C39,0,0,0,000
27924,Van Dinther B.V.,Netherlands,Halle 13,13C51,1,0,0,100
28151,Van Osch B.V.,Netherlands,Halle 14/15,15J26,1,0,0,100
28474,VDK-Agri BV - CalfOTel,Netherlands,Halle 12,12A48,1,0,0,100
30510,VDMA Services GmbH,Germany,Halle 25,25J25,0,0,0,000
27685,VDS Premix Solutions,Belgium,Halle 21,21H41,0,1,1,011
27794,Vebi Istituto Biochimico S.r.l.,Italy,Halle 23,23C46,0,0,0,000
27979,"Vedvet Animal Health Pvt., Ltd.",India,Halle 23,23D33,0,1,1,011
28898,Veljekset ALA-TALKKARI Oy,Finland,Halle 25,25J07,0,0,0,000
28239,Veltkamp Insemination Technics V.O.F.,Netherlands,Halle 16,16F02,0,0,0,000
27966,VEMO Corp.,Bulgaria,Halle 21,21F27,0,1,0,010
28107,Veng System A/S,Denmark,Halle 14/15,15A10,0,0,0,000
28279,Veno B.V.,Netherlands,Halle 11,11A47,1,0,0,100
27434,Ventec Canada Inc.,Canada,Halle 14/15,15G28,0,0,0,000
30497,Venterra Sp. z o.o.,Poland,Halle 21,21C05,0,0,1,001
27941,Ventura GmbH,Austria,Halle 12,12G44,0,0,0,000
28763,Vereinigte Informationssysteme Tierhaltung w.V.,Germany,Halle 11,11G28,1,0,0,100
28754,Verein Ostfriesischer Stammviehzüchter,Germany,Halle 11,11F41,1,0,0,100
27950,Vermot Deutschland GmbH,Germany,Halle 12,12F17,1,0,0,100
27610,VERVAEKE,Belgium,Halle 13,13C06,1,0,0,100
27813,Verveka Milkreplacers,Belgium,Halle 19/20,20A19,1,1,0,110
27442,Vetagro S.p.A. Societa a socio unico,Italy,Halle 21,21B41,0,1,1,011
28795,VETALIS,France,Halle 19/20,20A04,1,1,1,111
28004,"Vetia Animal Health, S.A.U.",Spain,Halle 23,23A20,0,0,0,000
28516,Vetpharm,Belgium,Halle 23,23B27,0,1,0,010
27472,Vetplanet d.o.o.,Serbia,Halle 23,23B17,1,1,0,110
27321,VETRACARE GLOBAL Pte. Ltd.,Singapore,Halle 23,23A11,0,1,1,011
27696,"VETSINTEZ, LLC",Ukraine,Halle 23,23D25,1,1,0,110
30513,Vettec Bovi-Bond - Royal Kerckhaert,Netherlands,Halle 11,11D21,0,0,0,000
30518,VetVise GmbH,Germany,Halle 16,16D23,1,0,0,100
28048,Vety City Surgical Ltd.,Pakistan,Halle 11,11B06,1,0,0,100
27337,Veugen Technology B.V.,Netherlands,Halle 23,23C49,0,0,0,000
27378,Veyx-Pharma GmbH,Germany,Halle 19/20,20B50,0,1,0,010
27736,VIALE SISTEMI Drive Systems,Italy,Halle 17,17F04,0,0,0,000
27358,Vidara S.A.,Luxembourg,Halle 21,21C33,0,1,0,010
27710,VIDYA EUROPE SAS,France,Halle 22,22C03,0,1,1,011
27379,VievePharm - Animal Nutrition B.V.,Netherlands,Halle 21,21D02,1,1,1,111
28275,Viexpo Osuuskunta,Finland,Halle 27,27B39,0,0,0,000
31393,VIKAS RUBBERS - Vikas Mats,India,Halle 12,12E31,1,0,0,100
28424,VikingGenetics Fmba,Denmark,Halle 11,11G11,1,0,0,100
27342,VILOFOSS - Deutsche Vilomix Tierernährung GmbH,Germany,Halle 21,21H16,0,1,0,010
30498,VILSAN Veteriner Ilaclari Tic. ve San. A.S.,Turkey,Halle 23,23C22,0,0,0,000
27271,Vinayak Ingredients (India) Pvt. Ltd.,India,Halle 21,21B45,0,0,1,001
27386,VINK ELST B.V.,Netherlands,Halle 13,13B33,0,0,0,000
29006,Viridi RE GmbH,Germany,Halle 25,25K05,0,0,0,000
28625,Visionmed Ltd.,South Korea,Halle 21,21J07,1,1,0,110
32810,Vitagro Nutrition,Ukraine,Halle 19/20,20E29,1,1,0,110
27275,Vitalac,France,Halle 19/20,20D19,1,1,0,110
30499,Vittek Vitamin TeknolojileriIlac Hayvancilik San. ve Tic. Ltd. Sti.,Turkey,Halle 21,21C09,1,1,0,110
28342,VIV Worldwide,Netherlands,Halle 17,17B51,0,0,0,000
27289,VNZYMES - Victory Enzymes GmbH,Germany,Halle 21,21B16,1,1,0,110
27827,Voerman Kunststoffen,Netherlands,Halle 19/20,20C32,0,0,0,000
27182,Vogelsang GmbH & Co. KG,Germany,Halle 27,27D40,0,0,0,000
28847,Vogelsang GmbH & Co. KG,Germany,Halle 25,25H18,0,0,0,000
27403,Volac International Ltd.,United Kingdom,Halle 19/20,20B44,0,1,1,011
31720,VORTICE S.p.A.,Italy,Halle 14/15,15J31,0,0,0,000
27382,VOSTERMANS VENTILATION B.V.,Netherlands,Halle 17,17D11,0,0,0,000
29744,VREESPOL,Poland,Halle 13,13D21,0,0,0,000
28508,VST Klimafit GmbH,Austria,Halle 12,12F57,1,0,0,100
32646,V.U. Veterinum,Montenegro,Halle 14/15,15G33,0,0,1,001
28559,VUXXX GmbH,Germany,Halle 11,11B03,0,0,1,001
28772,VVM TechTrade GmbH,Germany,Halle 17,17C27,1,0,0,100
28141,Wagyu Genetics Jerathe GmbH,Germany,Halle 11,11G16,0,0,0,000
28760,Wagyu Verband Deutschland e.V.,Germany,Halle 11,11G28,1,0,0,100
28343,Wahl GmbH Agrar Fachmarkt und Fachversand,Germany,Halle 11,11E39,1,0,0,100
28957,WANGEN PUMPS Pumpenfabrik Wangen GmbH,Germany,Halle 25,25F24,0,0,0,000
28155,"Wan Mu Chun (Shandong) Automation Equipment Co., Ltd.",People's Republic of China,Halle 11,11D07,1,0,0,100
30705,"WANSHSIN Seikou (Hunan) Co., Ltd.",People's Republic of China,Halle 17,17D34,1,0,0,100
27897,Washpower A/S,Denmark,Halle 17,17C21,0,0,0,000
27572,WASSERBAUER GmbH Fütterungssysteme,Austria,Halle 12,12E05,1,0,1,101
27797,WATERSCHOOT HQ-Line bv,Belgium,Halle 17,17E04,0,1,0,010
27419,WATT Global Media,United States of America,Halle 21,21C39,0,0,0,000
27344,Wawasan Agrolipids Sdn. Bhd.,Malaysia,Halle 22,22C23,1,1,1,111
28721,WDW Waagen- und Dosiertechnik GmbH,Germany,Halle 12,12D25,0,0,0,000
27247,Weber Baumaschinen und Fahrzeuge GmbH,Germany,Halle 27,27D14,0,0,0,000
28944,Weber Entec GmbH & Co. KG,Germany,Halle 25,25H21,0,0,0,000
28442,WEDA Dammann & Westerkamp GmbH,Germany,Halle 17,17B04,1,0,0,100
29015,WEDA Dammann & Westerkamp GmbH,Germany,Halle 25,25M29,1,0,0,100
28513,Wedholms AB,Sweden,Halle 13,13B18,0,0,0,000
28955,Wegscheid - Entrenco GmbH,Germany,Halle 25,25M08,0,0,0,000
27227,Weidemann GmbH,Germany,Halle 27,27C24,0,0,0,000
31861,"Weifang City GUOMEI Chemical Co., Ltd.",People's Republic of China,Halle 19/20,20A28,1,1,1,111
32644,"Weifang SHENGTAI Medicine Co., Ltd.",People's Republic of China,Halle 23,23D46,0,1,0,010
27695,Weizur Group,Argentina,Halle 23,23B30,0,0,0,000
32775,Wektor Spółka Jawna M. Mroczkowska,Poland,Halle 25,25H10,0,0,0,000
28196,Welgro BV,Netherlands,Halle 12,12A23,0,0,0,000
28916,WELTEC BIOPOWER GmbH,Germany,Halle 25,25H09,0,0,0,000
28949,WEMAG,Germany,Halle 24,24A21,0,0,0,000
27190,Wennemars GmbH,Germany,Halle 13,13D34,1,0,0,100
32972,"Wenzhou Scico Medical Corporation Co.,Ltd",People's Republic of China,Halle 13,13F10,0,0,0,000
31840,WERVIC,People's Republic of China,Halle 21,21K26,0,0,0,000
27375,Wesstron Sp. z o.o. Fetura CLOUD,Poland,Halle 16,16C16,1,0,0,100
28242,Westermann GmbH & Co. KG Radialbesen,Germany,Halle 27,27F39,0,0,0,000
28339,WESTFLEISCH SCE mbH,Germany,Halle 16,16A16,1,0,0,100
28466,Weycor - Atlas Weyhausen GmbH,Germany,Halle 27,27E08,0,0,0,000
31492,Weyparts,Germany,Halle 13,13F53,0,0,0,000
28405,Wibro Energietechnik Anlagenbau GmbH,Germany,Halle 14/15,15K28,0,1,0,010
28850,Wiefferink B.V.,Netherlands,Halle 25,25F06,0,0,0,000
27616,WijKamp Farming Solutions B.V.,Netherlands,Halle 17,17B34,1,0,0,100
27469,Wilhelm Kristen GmbH + Co. KG,Germany,Halle 12,12D68,1,0,0,100
28288,Willoh GmbH,Germany,Halle 17,17F38,1,0,0,100
27916,Wilson Agri - J. Wilson Agricultural Ltd,United Kingdom,Halle 12,12F65,1,0,0,100
27758,Witte Lastrup GmbH,Germany,Halle 14/15,15H12,1,0,0,100
30313,Wochenblatt für Landwirtschaft und Landleben,Germany,NA,NA,0,0,0,000
31553,Wochenblatt für Landwirtschaft und Landleben,Germany,NA,NA,0,0,0,000
27373,Wolf System GmbH,Germany,Halle 14/15,15J13,1,0,1,101
28817,"WooGene B&G Co., Ltd.",South Korea,Halle 23,23A10,0,0,0,000
27276,Wopa B.V.,Netherlands,Halle 11,11B12,0,0,0,000
32807,Wopereis Staalbouw BV,Netherlands,Halle 12,12A17,1,0,0,100
31490,WorldPathol Global United S.A.,Spain,Halle 25,25K33,0,0,0,000
28480,World Wide Sires Deutschland GmbH,Germany,Halle 11,11E53,0,0,0,000
28924,wpd GmbH,Germany,Halle 25,25I27,0,0,0,000
31866,"Wufeng Chicheng Biotech Co., Ltd.",People's Republic of China,Halle 22,22C06,0,1,0,010
28389,Wuggl GmbH,Austria,Halle 17,17H08,1,0,0,100
31868,"Wuhan Chortle Bio-Chem Technology Co., Ltd.",People's Republic of China,Halle 22,22C06,1,0,0,100
31841,"Wuhan Landmark Aromatic Co., Ltd.",People's Republic of China,Halle 21,21K26,0,1,0,010
28050,"Wuhan Red Star Agro-Livestock Machinery Co., Ltd.",People's Republic of China,Halle 14/15,15G26,1,0,0,100
28154,"Wuhan Sunhy Biology Co., Ltd.",People's Republic of China,Halle 21,21D47,0,1,0,010
28738,Wulf Johannsen KG GmbH & Co.,Germany,Halle 25,25M19,0,0,0,000
27324,"Wuxi FOFIA Technology Co., Ltd.",People's Republic of China,Halle 11,11B04,0,0,0,000
28123,"Wuxi Lydite Industrial Co., Ltd.",People's Republic of China,Halle 11,11C10,0,0,0,000
30314,Wydawca,Poland,NA,NA,0,0,0,000
31829,xarvio Digital Farming Solutions,Germany,Halle 23,23B39,0,0,0,000
31857,"Xiamen Goodhealth Pharmchem Co., Ltd.",People's Republic of China,Halle 23,23C18,0,1,1,011
32647,"Xiamen Origin Biotech Co., Ltd.",People's Republic of China,Halle 23,23B15,1,0,0,100
28090,"Xi'an Qingan Zhihang General Equipment Co., Ltd.",People's Republic of China,Halle 17,17C50,1,0,0,100
28557,"Xingtai Sinobest Biotech Co., Ltd.",People's Republic of China,Halle 19/20,20E55,0,1,0,010
27473,"Xinxiang Hexie Animal Pharmaceutical Co., Ltd.",People's Republic of China,Halle 23,23C11,0,1,1,011
27440,"XINXIANG HEXIE MACHINERY Co., Ltd.",People's Republic of China,Halle 12,12C10,0,0,0,000
32129,"Xinxiang Ruite Machinery Co., Ltd.",People's Republic of China,Halle 14/15,15D24,1,0,0,100
27716,"Xuzhou Kaixin Electronic Instrument Co., Ltd.",People's Republic of China,Halle 11,11F13,1,0,0,100
28473,"Xuzhou Palmary Electronics Co., Ltd.",People's Republic of China,Halle 11,11D05,0,0,0,000
27297,XVET GmbH,Germany,Halle 22,22D35,1,1,0,110
29009,Xylem Water Solutions Deutschland GmbH,Germany,Halle 25,25H07,0,0,0,000
27743,YARA International,Norway,Halle 19/20,20D59,0,1,1,011
27935,"Ya Suh Dar Co., Ltd.",Taiwan,Halle 17,17C40,0,0,0,000
27395,YEMMAK,Turkey,Halle 12,12B18,0,0,0,000
27397,YEMSA MAKINA ELEKTRIK Ins. San. ve Tic. Ltd. Sti.,Turkey,Halle 12,12C21,0,0,0,000
29839,Yemtar  Machinery Industry and Trade Inc.,Turkey,Halle 12,12E12,0,0,0,000
27188,"YeonHap Livestock Co., Ltd. - TopFeeder Korea",South Korea,Halle 14/15,15A21,1,0,0,100
28434,"Yuyao Xiefeng Molding Co., Ltd.",People's Republic of China,Halle 16,16F21,1,0,0,100
31836,"Yuyao Yuhai Livestock Machinery Technology Co., Ltd.",People's Republic of China,Halle 11,11C17,1,0,0,100
27341,ZAGO S.r.l.,Italy,Halle 27,27E30,0,0,0,000
27270,"ZAR CUDEYO, S.L.",Spain,Halle 11,11A16,0,0,0,000
28603,Zentralverband der Deutschen Geflügelwirtschaft,Germany,Halle 17,17C32,0,0,0,000
31850,Zeolith Umwelttechnik GmbH,Germany,Halle 25,25I01,0,1,0,010
27264,Zeppelin Baumaschinen GmbH,Germany,Halle 27,27B24,0,0,0,000
28507,"Zhangjiagang BITOOR Co., Ltd.",People's Republic of China,Halle 23,23D21,0,0,0,000
28313,"Zhangjiagang Forever Green Wisdom Co., Ltd.",People's Republic of China,Halle 11,11E06,0,0,0,000
28205,"Zhangjiagang HENGYA PLASTIC Products Co., Ltd.",People's Republic of China,Halle 11,11F25,0,0,0,000
32130,"Zhejiang Biok Biotechnology Co., Ltd.",People's Republic of China,Halle 19/20,20E27,0,1,1,011
28039,"Zhejiang Easy Fong Environmental Technology Co., Ltd.",People's Republic of China,Halle 17,17A42,0,0,0,000
28022,"Zhejiang Esigma Biotechnology Co., Ltd.",People's Republic of China,Halle 21,21K33,1,1,0,110
27447,"Zhejiang Honch Technology Co., Ltd.",People's Republic of China,Halle 14/15,15K34,0,0,0,000
27824,"Zhejiang Kangrui Apparatus Technology Co., Ltd.",People's Republic of China,Halle 11,11B32,0,0,0,000
32510,"Zhejiang Orient Gene Biotech Co., Ltd.",People's Republic of China,Halle 23,23B48,0,0,0,000
27483,"Zhejiang RIVITA BIOTECH Co., Ltd.",People's Republic of China,Halle 21,21G42,0,0,1,001
28112,"Zhejiang Vegavit Biotechnology Co., Ltd.",People's Republic of China,Halle 22,22C21,0,1,1,011
27834,Zhejiang Zancheng Life Sciences Ltd.,People's Republic of China,Halle 23,23A08,0,1,1,011
32132,"Zhengzhou Boxianglai Electronic Sci-tech Co., Ltd.",People's Republic of China,Halle 11,11C17,1,0,0,100
28017,"Zhucheng Zhongyu Electrical & Mechanical Equipment Co., Ltd.",People's Republic of China,Halle 17,17E45,1,0,0,100
28132,"Zhumadian Huazhong Chia Tai Co., Ltd.",People's Republic of China,Halle 22,22D22,0,1,1,011
27957,"ZIBO JINWO Machinery Technology Co., Ltd.",People's Republic of China,Halle 13,13E21,1,0,0,100
27498,ZIEHL-ABEGG SE,Germany,Halle 17,17G12,0,0,0,000
30399,zielNULL,Germany,NA,NA,0,0,0,000
27288,Zill GmbH & Co. KG,Germany,Halle 27,27G30,0,0,0,000
27452,ZIMMERMANN Stalltechnik Vertriebs GmbH,Germany,Halle 12,12G42,1,0,0,100
28027,Zinpro Corporation,Netherlands,Halle 22,22C26,0,0,1,001
28432,ZINTAS Kastamonu Chain Industry & Trade Co.,Turkey,Halle 12,12A29,0,0,0,000
27891,ZMC-Europe GmbH,Germany,Halle 21,21B47,0,1,1,011
27641,ZNF Besin Maddeleri San. ve Tic. A.S.,Turkey,Halle 19/20,20E63,0,1,1,011
31825,ZNVG,Germany,Halle 16,16H05,1,0,0,100
28746,Zoetis Deutschland GmbH,Germany,Halle 14/15,15A11,0,0,0,000
27717,Zoeuticals LLC,United States of America,Halle 19/20,20A59,0,1,0,010
28122,ZOOPAN - Produtos Pecuarios S.A.,Portugal,Halle 21,21C08,1,1,1,111
28574,ZTOWN Development LLP,Kazakhstan,Halle 11,11B21,0,0,0,000
27269,ZUNHAMMER GmbH Gülletechnik,Germany,Halle 27,27D39,0,0,0,000
29044,ZUWA - ZUMPE GmbH Pumps for Professionals,Germany,Halle 25,25I23,0,0,0,000
28781,ZVE Zuchtvieh-Export GmbH,Germany,Halle 11,11F41,1,0,0,100
